seed,window_id,label,pnl,first_entry_bar_index,first_entry_side,bars_from_entry_to_stop,final_pair_count,horizon_bars,directional_return_pct,favorable_excursion_pct,adverse_excursion_pct,path_efficiency,fill_count,pair_count,zero_pair,adverse_unpaired_inventory,net_side,net_qty,inventory_utilization,equity
3,nyse_20200117T210000Z,PROFITABLE,-1.511414048453473,1,LONG,2101,6,30,0.004037940683966346,0.00583270585855411,0.004463874310246085,0.23919845549563698,2,1,False,False,FLAT,0.0,0.0,0.4608924402812554
3,nyse_20200117T210000Z,PROFITABLE,-1.511414048453473,1,LONG,2101,6,60,0.010635978467313123,0.010767467212101423,0.004463874310246085,0.27136139465535,3,1,False,False,SHORT,-0.015,0.26978219999999997,0.08165633337501416
3,nyse_20200117T210000Z,PROFITABLE,-1.511414048453473,1,LONG,2101,6,120,0.005829334352277282,0.010889965273485291,0.004463874310246085,0.07278059184217413,4,2,False,False,FLAT,0.0,0.0,0.9222010260000054
3,nyse_20200124T210000Z,PERSISTENT_LOSS,-0.8312684367666727,16,LONG,2887,1,30,-0.008283616609932265,0.0011872709373628165,0.009473259717000304,0.437046307884859,1,0,True,True,LONG,0.016,0.26756031999999996,-1.158748166566669
3,nyse_20200124T210000Z,PERSISTENT_LOSS,-0.8312684367666727,16,LONG,2887,1,60,-0.012035202998422645,0.0011872709373628165,0.016543511522814303,0.29727829373334547,1,0,True,True,LONG,0.016,0.26654816,-1.6656603468000188
3,nyse_20200124T210000Z,PERSISTENT_LOSS,-0.8312684367666727,16,LONG,2887,1,120,-0.01333277982706882,0.0011872709373628165,0.018870610003439703,0.1935000774620051,1,0,True,True,LONG,0.016,0.26619808,-1.8423622347666644
3,nyse_20200306T210000Z,PERSISTENT_LOSS,-3.5386326652464,3,LONG,1457,2,30,-0.00034307385404552804,0.0010588157923581143,0.0012977617993291668,0.028013962230369293,1,0,True,True,LONG,0.012,0.21888648,-0.0710884760249904
3,nyse_20200306T210000Z,PERSISTENT_LOSS,-3.5386326652464,3,LONG,1457,2,60,0.0003617072582591252,0.0033068812065677466,0.0012977617993291668,0.014644537143876436,1,0,True,False,LONG,0.012,0.2190408,0.005386536600013099
3,nyse_20200306T210000Z,PERSISTENT_LOSS,-3.5386326652464,3,LONG,1457,2,120,-0.0029890172523401315,0.0033068812065677466,0.004537781967248966,0.06632293212053601,1,0,True,True,LONG,0.012,0.21830712,-0.3628195689500052
3,nyse_20200313T200000Z,PERSISTENT_LOSS,-1.2616802158510054,1,SHORT,126,6,30,0.005671998857387672,0.017174891094765332,0.01581089766478616,0.0712507569131386,4,2,False,False,FLAT,0.0,0.0,1.019869615266602
3,nyse_20200313T200000Z,PERSISTENT_LOSS,-1.2616802158510054,1,SHORT,126,6,60,0.012204527601228254,0.033296436477897595,0.01581089766478616,0.05777064142651868,10,5,False,False,FLAT,0.0,0.0,2.5887310065841245
3,nyse_20200313T200000Z,PERSISTENT_LOSS,-1.2616802158510054,1,SHORT,126,6,120,0.030098907376990724,0.03890416339355851,0.01581089766478616,0.08116956586631736,13,6,False,False,LONG,0.024,0.26076528,1.6245281625358892
3,nyse_20200320T200000Z,PROFITABLE,0.2710850377404996,2,SHORT,189,9,30,0.002601315235349455,0.016299523794097603,0.007807185201982536,0.039932368591178775,8,4,False,False,FLAT,0.0,0.0,2.157092540146197
3,nyse_20200320T200000Z,PROFITABLE,0.2710850377404996,2,SHORT,189,9,60,-0.00379668923515486,0.016299523794097603,0.010322653795069359,0.03435237564850313,13,6,False,False,SHORT,-0.022,0.27267855999999996,2.6811755033359583
3,nyse_20200320T200000Z,PROFITABLE,0.2710850377404996,2,SHORT,189,9,120,0.005251222909715247,0.01838251967993776,0.010322653795069359,0.023142596082462486,18,9,False,False,FLAT,0.0,0.0,4.852107895836289
3,nyse_20200409T200000Z,PERSISTENT_LOSS,-4.401534157561035,1,LONG,360,0,30,-0.00034968391316869685,0.0018828078932571213,0.0030580201033967302,0.02648800249298999,1,0,True,True,LONG,0.016,0.23327199999999998,-0.07653179363333625
3,nyse_20200409T200000Z,PERSISTENT_LOSS,-4.401534157561035,1,LONG,360,0,60,-0.0016058033816491735,0.0018828078932571213,0.0030580201033967302,0.06040753159659396,1,0,True,True,LONG,0.016,0.23297888,-0.22382032440000058
3,nyse_20200409T200000Z,PERSISTENT_LOSS,-4.401534157561035,1,LONG,360,0,120,-0.0009640305527748305,0.0018828078932571213,0.006191462227280953,0.018178997181349705,1,0,True,True,LONG,0.016,0.23312864000000003,-0.15039488909999593
3,nyse_20200424T200000Z,PERSISTENT_LOSS,0.06877377435675763,65,LONG,2875,3,30,0.0001217000561692938,0.0019498756252172011,0.002809800197929646,0.006539705353939982,1,0,True,False,LONG,0.018,0.26921916,-0.024839268599986246
3,nyse_20200424T200000Z,PERSISTENT_LOSS,0.06877377435675763,65,LONG,2875,3,60,-0.0024206274908389336,0.0019498756252172011,0.005937892850455984,0.06914202765680856,1,0,True,True,LONG,0.018,0.26853479999999996,-0.36785905946249015
3,nyse_20200424T200000Z,PERSISTENT_LOSS,0.06877377435675763,65,LONG,2875,3,120,6.686816273027141e-05,0.002621231979030192,0.005937892850455984,0.0011652838631490583,1,0,True,False,LONG,0.018,0.26920439999999995,-0.0347431350375
3,nyse_20200501T200000Z,PROFITABLE,1.3766251468563142,25,SHORT,1510,6,30,0.007248236048749135,0.009186050437189786,0.0014291662446688225,0.28115587760268806,3,1,False,False,LONG,0.013,0.22936914,0.22327409884581373
3,nyse_20200501T200000Z,PROFITABLE,1.3766251468563142,25,SHORT,1510,6,60,0.00797632310410401,0.013469047860189098,0.0014291662446688225,0.16727238400905892,3,1,False,False,LONG,0.013,0.22920092,0.1384481571041556
3,nyse_20200501T200000Z,PROFITABLE,1.3766251468563142,25,SHORT,1510,6,120,0.008721290075734522,0.013469047860189098,0.0014291662446688225,0.11098063924848153,3,1,False,False,LONG,0.013,0.22902879999999995,0.050954078841645184
3,nyse_20200529T200000Z,PERSISTENT_LOSS,-0.5371891856559124,17,SHORT,1406,3,30,-0.000879183811988149,0.0008579731048233841,0.0020415305646290793,0.09165284687671812,1,0,True,True,SHORT,-0.014,0.26424972,-0.15483731832915343
3,nyse_20200529T200000Z,PERSISTENT_LOSS,-0.5371891856559124,17,SHORT,1406,3,60,0.005217833962584351,0.005217833962584351,0.0020415305646290793,0.2199570815450745,3,1,False,False,LONG,0.014,0.26264,0.02545199877501017
3,nyse_20200529T200000Z,PERSISTENT_LOSS,-0.5371891856559124,17,SHORT,1406,3,120,0.006323972341237938,0.008399440037330952,0.0020415305646290793,0.12536528960370197,3,1,False,False,LONG,0.014,0.26234796,-0.12220825837499388
3,nyse_20200605T200000Z,PROFITABLE,1.7693035168274922,19,LONG,2326,6,30,-0.001722208405869119,0.0017781646356627157,0.002995730746912062,0.10869849574884777,1,0,True,True,LONG,0.014,0.26974584000000007,-0.27405631230831906
3,nyse_20200605T200000Z,PROFITABLE,1.7693035168274922,19,LONG,2326,6,60,-0.006959297023957589,0.0017781646356627157,0.012683412086545554,0.1866903875020855,1,0,True,True,LONG,0.014,0.26833071999999997,-0.9824560904666646
3,nyse_20200605T200000Z,PROFITABLE,1.7693035168274922,19,LONG,2326,6,120,-0.005882657713669914,0.0017781646356627157,0.012683412086545554,0.08951293735513606,1,0,True,True,LONG,0.014,0.26862163999999994,-0.8386737873791729
3,nyse_20200626T200000Z,PERSISTENT_LOSS,-1.5295238833423885,104,LONG,1146,5,30,0.0005769441702314637,0.0036163211582755928,5.4842601733051666e-05,0.054249174917493474,2,1,False,False,FLAT,0.0,0.0,0.3001427064166787
3,nyse_20200626T200000Z,PERSISTENT_LOSS,-1.5295238833423885,104,LONG,1146,5,60,0.0028847208511570965,0.0038839530547329915,0.001545464516836681,0.13159211448013447,4,2,False,False,FLAT,0.0,0.0,0.6002665216280255
3,nyse_20200626T200000Z,PERSISTENT_LOSS,-1.5295238833423885,104,LONG,1146,5,120,0.000766699572227747,0.004596906877262219,0.001545464516836681,0.021484555094513386,4,2,False,False,FLAT,0.0,0.0,0.6002665216280255
3,nyse_20200702T200000Z,PROFITABLE,1.5587720917839951,63,LONG,4677,4,30,0.0020507790977011275,0.002103673991140198,0.0009675357591519829,0.2197425906246245,1,0,True,False,LONG,0.015,0.2727963,0.2374629089687314
3,nyse_20200702T200000Z,PROFITABLE,1.5587720917839951,63,LONG,4677,4,60,0.002251338901990252,0.0033422960791660294,0.0009675357591519829,0.14917853231106773,2,1,False,False,FLAT,0.0,0.0,0.35189190393750003
3,nyse_20200702T200000Z,PROFITABLE,1.5587720917839951,63,LONG,4677,4,120,0.003859123267141218,0.0051980252573116115,0.0009675357591519829,0.1425083421502346,2,1,False,False,FLAT,0.0,0.0,0.35189190393750003
10,nyse_20200117T210000Z,PROFITABLE,-1.511414089265973,1,LONG,2101,6,30,0.004037940683966346,0.00583270585855411,0.004463874310246085,0.23919845549563698,2,1,False,False,FLAT,0.0,0.0,0.46094830043750545
10,nyse_20200117T210000Z,PROFITABLE,-1.511414089265973,1,LONG,2101,6,60,0.010635978467313123,0.010767467212101423,0.004463874310246085,0.27136139465535,3,1,False,False,SHORT,-0.015,0.26978219999999997,0.08171219353126419
10,nyse_20200117T210000Z,PROFITABLE,-1.511414089265973,1,LONG,2101,6,120,0.005829334352277282,0.010889965273485291,0.004463874310246085,0.07278059184217413,4,2,False,False,FLAT,0.0,0.0,0.9222568861562555
10,nyse_20200124T210000Z,PERSISTENT_LOSS,-0.8312684367666727,16,LONG,2887,1,30,-0.008283616609932265,0.0011872709373628165,0.009473259717000304,0.437046307884859,1,0,True,True,LONG,0.016,0.26756031999999996,-1.158748166566669
10,nyse_20200124T210000Z,PERSISTENT_LOSS,-0.8312684367666727,16,LONG,2887,1,60,-0.012035202998422645,0.0011872709373628165,0.016543511522814303,0.29727829373334547,1,0,True,True,LONG,0.016,0.26654816,-1.6656603468000188
10,nyse_20200124T210000Z,PERSISTENT_LOSS,-0.8312684367666727,16,LONG,2887,1,120,-0.01333277982706882,0.0011872709373628165,0.018870610003439703,0.1935000774620051,1,0,True,True,LONG,0.016,0.26619808,-1.8423622347666644
10,nyse_20200306T210000Z,PERSISTENT_LOSS,-3.5385888383526503,3,LONG,1457,2,30,-0.00034307385404552804,0.0010588157923581143,0.0012977617993291668,0.028013962230369293,1,0,True,True,LONG,0.012,0.21888648,-0.0710884760249904
10,nyse_20200306T210000Z,PERSISTENT_LOSS,-3.5385888383526503,3,LONG,1457,2,60,0.0003617072582591252,0.0033068812065677466,0.0012977617993291668,0.014644537143876436,1,0,True,False,LONG,0.012,0.2190408,0.005386536600013099
10,nyse_20200306T210000Z,PERSISTENT_LOSS,-3.5385888383526503,3,LONG,1457,2,120,-0.0029890172523401315,0.0033068812065677466,0.004537781967248966,0.06632293212053601,1,0,True,True,LONG,0.012,0.21830712,-0.3628195689500052
10,nyse_20200313T200000Z,PERSISTENT_LOSS,-2.836016859347825,2,SHORT,125,5,30,-0.0003892023137899159,0.017174891094765332,0.01581089766478616,0.004543181060354039,7,3,False,False,SHORT,-0.02,0.2241352,1.5575601056332178
10,nyse_20200313T200000Z,PERSISTENT_LOSS,-2.836016859347825,2,SHORT,125,5,60,0.012538384631864519,0.033296436477897595,0.01581089766478616,0.05925732173443426,11,5,False,False,LONG,0.024,0.26548656,2.412446014289083
10,nyse_20200313T200000Z,PERSISTENT_LOSS,-2.836016859347825,2,SHORT,125,5,120,0.031200457044919028,0.03890416339355851,0.01581089766478616,0.083890974375714,11,5,False,False,LONG,0.024,0.26046912,-0.09791561316093267
10,nyse_20200320T200000Z,PROFITABLE,-0.2688411152079644,0,SHORT,191,8,30,0.0028118824710875456,0.016299523794097603,0.007807185201982536,0.043798566959331105,8,4,False,False,FLAT,0.0,0.0,2.15703667669203
10,nyse_20200320T200000Z,PROFITABLE,-0.2688411152079644,0,SHORT,191,8,60,-0.004854384657747346,0.016299523794097603,0.010322653795069359,0.04375118611407174,11,5,False,False,SHORT,-0.022,0.27296588000000005,1.997617449566647
10,nyse_20200320T200000Z,PROFITABLE,-0.2688411152079644,0,SHORT,191,8,120,0.005855388901487069,0.01838251967993776,0.010322653795069359,0.025801340384986344,16,8,False,False,FLAT,0.0,0.0,4.312238368733659
10,nyse_20200409T200000Z,PERSISTENT_LOSS,-4.401509839527702,2,LONG,359,0,30,-0.0003236290333640257,0.001055908286823115,0.0030580201033967302,0.02520828882717968,1,0,True,True,LONG,0.016,0.23327808,-0.07349177540000931
10,nyse_20200409T200000Z,PERSISTENT_LOSS,-4.401509839527702,2,LONG,359,0,60,-0.0013274275605776875,0.001055908286823115,0.0030580201033967302,0.050145047658516705,1,0,True,True,LONG,0.016,0.23304384,-0.1913402817666713
10,nyse_20200409T200000Z,PERSISTENT_LOSS,-4.401509839527702,2,LONG,359,0,120,-0.0010010559082868076,0.001055908286823115,0.006191462227280953,0.019003488311553535,1,0,True,True,LONG,0.016,0.23312,-0.1547148544000029
10,nyse_20200424T200000Z,PERSISTENT_LOSS,0.06885848441925764,64,LONG,2876,3,30,0.00030625618530510934,0.0019498756252172011,0.002809800197929646,0.016621906075342318,1,0,True,False,LONG,0.018,0.26926883999999995,7.310624993428494e-07
10,nyse_20200424T200000Z,PERSISTENT_LOSS,0.06885848441925764,64,LONG,2876,3,60,-0.0025557011795543927,0.0019498756252172011,0.005937892850455984,0.07328296966675452,1,0,True,True,LONG,0.018,0.26849843999999995,-0.38603913108749405
10,nyse_20200424T200000Z,PERSISTENT_LOSS,0.06885848441925764,64,LONG,2876,3,120,-2.1397812073664646e-05,0.002621231979030192,0.005937892850455984,0.0003734652910691699,1,0,True,True,LONG,0.018,0.26918063999999997,-0.04662313691249737
10,nyse_20200501T200000Z,PROFITABLE,2.0500789829896355,25,SHORT,1510,6,30,0.007248236048749135,0.009186050437189786,0.0014291662446688225,0.28115587760268806,3,1,False,False,LONG,0.013,0.22936914,0.2231521900166471
10,nyse_20200501T200000Z,PROFITABLE,2.0500789829896355,25,SHORT,1510,6,60,0.00797632310410401,0.013469047860189098,0.0014291662446688225,0.16727238400905892,3,1,False,False,LONG,0.013,0.22920092,0.13832624827498896
10,nyse_20200501T200000Z,PROFITABLE,2.0500789829896355,25,SHORT,1510,6,120,0.008721290075734522,0.013469047860189098,0.0014291662446688225,0.11098063924848153,3,1,False,False,LONG,0.013,0.22902879999999995,0.0508321700124785
10,nyse_20200529T200000Z,PERSISTENT_LOSS,-0.5370793374559124,17,SHORT,1406,3,30,-0.000879183811988149,0.0008579731048233841,0.0020415305646290793,0.09165284687671812,1,0,True,True,SHORT,-0.014,0.26424972,-0.15483731832915343
10,nyse_20200529T200000Z,PERSISTENT_LOSS,-0.5370793374559124,17,SHORT,1406,3,60,0.005217833962584351,0.005217833962584351,0.0020415305646290793,0.2199570815450745,3,1,False,False,LONG,0.014,0.26264,0.025506918295843506
10,nyse_20200529T200000Z,PERSISTENT_LOSS,-0.5370793374559124,17,SHORT,1406,3,120,0.006323972341237938,0.008399440037330952,0.0020415305646290793,0.12536528960370197,3,1,False,False,LONG,0.014,0.26234796,-0.12215333885416055
10,nyse_20200605T200000Z,PROFITABLE,1.7695294168608255,19,LONG,2326,6,30,-0.001722208405869119,0.0017781646356627157,0.002995730746912062,0.10869849574884777,1,0,True,True,LONG,0.014,0.26974584000000007,-0.27405631230831906
10,nyse_20200605T200000Z,PROFITABLE,1.7695294168608255,19,LONG,2326,6,60,-0.006959297023957589,0.0017781646356627157,0.012683412086545554,0.1866903875020855,1,0,True,True,LONG,0.014,0.26833071999999997,-0.9824560904666646
10,nyse_20200605T200000Z,PROFITABLE,1.7695294168608255,19,LONG,2326,6,120,-0.005882657713669914,0.0017781646356627157,0.012683412086545554,0.08951293735513606,1,0,True,True,LONG,0.014,0.26862163999999994,-0.8386737873791729
10,nyse_20200626T200000Z,PERSISTENT_LOSS,-1.5020039484483836,104,LONG,1146,5,30,0.0005769441702314637,0.0036163211582755928,5.4842601733051666e-05,0.054249174917493474,1,0,True,False,LONG,0.011,0.20068972,0.027145950402085735
10,nyse_20200626T200000Z,PERSISTENT_LOSS,-1.5020039484483836,104,LONG,1146,5,60,0.0028847208511570965,0.0038839530547329915,0.001545464516836681,0.13159211448013447,2,1,False,False,FLAT,0.0,0.0,0.2995360865979287
10,nyse_20200626T200000Z,PERSISTENT_LOSS,-1.5020039484483836,104,LONG,1146,5,120,0.000766699572227747,0.004596906877262219,0.001545464516836681,0.021484555094513386,2,1,False,False,FLAT,0.0,0.0,0.2995360865979287
10,nyse_20200702T200000Z,PROFITABLE,2.3747787603985686,63,LONG,4677,4,30,0.0020507790977011275,0.002103673991140198,0.0009675357591519829,0.2197425906246245,1,0,True,False,LONG,0.015,0.2727963,0.2374629089687314
10,nyse_20200702T200000Z,PROFITABLE,2.3747787603985686,63,LONG,4677,4,60,0.002251338901990252,0.0033422960791660294,0.0009675357591519829,0.14917853231106773,2,1,False,False,FLAT,0.0,0.0,0.351835007875
10,nyse_20200702T200000Z,PROFITABLE,2.3747787603985686,63,LONG,4677,4,120,0.003859123267141218,0.0051980252573116115,0.0009675357591519829,0.1425083421502346,2,1,False,False,FLAT,0.0,0.0,0.351835007875
17,nyse_20200117T210000Z,PROFITABLE,-1.511358242203473,2,LONG,2100,6,30,0.00495499039120717,0.00583270585855411,0.0018430900978860798,0.3136069421722666,2,1,False,False,FLAT,0.0,0.0,0.46097606637500543
17,nyse_20200117T210000Z,PROFITABLE,-1.511358242203473,2,LONG,2100,6,60,0.009931333655499364,0.010889965273485291,0.0018430900978860798,0.2620311341734588,3,1,False,False,SHORT,-0.015,0.26959409999999995,0.17578998218752068
17,nyse_20200117T210000Z,PROFITABLE,-1.511358242203473,2,LONG,2100,6,120,0.005918117350895091,0.010889965273485291,0.0018430900978860798,0.07569354606870748,4,2,False,False,FLAT,0.0,0.0,0.9222565920937554
17,nyse_20200124T210000Z,PERSISTENT_LOSS,-0.8312684367666727,16,LONG,2887,1,30,-0.008283616609932265,0.0011872709373628165,0.009473259717000304,0.437046307884859,1,0,True,True,LONG,0.016,0.26756031999999996,-1.158748166566669
17,nyse_20200124T210000Z,PERSISTENT_LOSS,-0.8312684367666727,16,LONG,2887,1,60,-0.012035202998422645,0.0011872709373628165,0.016543511522814303,0.29727829373334547,1,0,True,True,LONG,0.016,0.26654816,-1.6656603468000188
17,nyse_20200124T210000Z,PERSISTENT_LOSS,-0.8312684367666727,16,LONG,2887,1,120,-0.01333277982706882,0.0011872709373628165,0.018870610003439703,0.1935000774620051,1,0,True,True,LONG,0.016,0.26619808,-1.8423622347666644
17,nyse_20200306T210000Z,PERSISTENT_LOSS,-3.5385886446839,3,LONG,1457,2,30,-0.00034307385404552804,0.0010588157923581143,0.0012977617993291668,0.028013962230369293,1,0,True,True,LONG,0.012,0.21888648,-0.0710884760249904
17,nyse_20200306T210000Z,PERSISTENT_LOSS,-3.5385886446839,3,LONG,1457,2,60,0.0003617072582591252,0.0033068812065677466,0.0012977617993291668,0.014644537143876436,1,0,True,False,LONG,0.012,0.2190408,0.005386536600013099
17,nyse_20200306T210000Z,PERSISTENT_LOSS,-3.5385886446839,3,LONG,1457,2,120,-0.0029890172523401315,0.0033068812065677466,0.004537781967248966,0.06632293212053601,1,0,True,True,LONG,0.012,0.21830712,-0.3628195689500052
17,nyse_20200313T200000Z,PERSISTENT_LOSS,-0.7332975671751125,2,SHORT,125,7,30,-0.0003892023137899159,0.017174891094765332,0.01581089766478616,0.004543181060354039,4,2,False,False,FLAT,0.0,0.0,1.0198694418499352
17,nyse_20200313T200000Z,PERSISTENT_LOSS,-0.7332975671751125,2,SHORT,125,7,60,0.012538384631864519,0.033296436477897595,0.01581089766478616,0.05925732173443426,12,6,False,False,FLAT,0.0,0.0,3.1170584980600173
17,nyse_20200313T200000Z,PERSISTENT_LOSS,-0.7332975671751125,2,SHORT,125,7,120,0.031200457044919028,0.03890416339355851,0.01581089766478616,0.083890974375714,15,7,False,False,LONG,0.024,0.26046912,2.00480367901178
17,nyse_20200320T200000Z,PROFITABLE,-0.2669881962697218,0,SHORT,191,8,30,0.0028118824710875456,0.016299523794097603,0.007807185201982536,0.043798566959331105,10,5,False,False,FLAT,0.0,0.0,2.6969628882613272
17,nyse_20200320T200000Z,PROFITABLE,-0.2669881962697218,0,SHORT,191,8,60,-0.004854384657747346,0.016299523794097603,0.010322653795069359,0.04375118611407174,13,6,False,False,SHORT,-0.022,0.27296588000000005,2.5375436611359437
17,nyse_20200320T200000Z,PROFITABLE,-0.2669881962697218,0,SHORT,191,8,120,0.005855388901487069,0.01838251967993776,0.010322653795069359,0.025801340384986344,17,8,False,False,SHORT,-0.022,0.2700565999999999,5.069966798223813
17,nyse_20200409T200000Z,PERSISTENT_LOSS,-4.401534157561035,1,LONG,360,0,30,-0.00034968391316869685,0.0018828078932571213,0.0030580201033967302,0.02648800249298999,1,0,True,True,LONG,0.016,0.23327199999999998,-0.07653179363333625
17,nyse_20200409T200000Z,PERSISTENT_LOSS,-4.401534157561035,1,LONG,360,0,60,-0.0016058033816491735,0.0018828078932571213,0.0030580201033967302,0.06040753159659396,1,0,True,True,LONG,0.016,0.23297888,-0.22382032440000058
17,nyse_20200409T200000Z,PERSISTENT_LOSS,-4.401534157561035,1,LONG,360,0,120,-0.0009640305527748305,0.0018828078932571213,0.006191462227280953,0.018178997181349705,1,0,True,True,LONG,0.016,0.23312864000000003,-0.15039488909999593
17,nyse_20200424T200000Z,PERSISTENT_LOSS,-1.1485405921057392,64,LONG,2876,3,30,0.00030625618530510934,0.0019498756252172011,0.002809800197929646,0.016621906075342318,1,0,True,False,LONG,0.018,0.26926883999999995,7.310624993428494e-07
17,nyse_20200424T200000Z,PERSISTENT_LOSS,-1.1485405921057392,64,LONG,2876,3,60,-0.0025557011795543927,0.0019498756252172011,0.005937892850455984,0.07328296966675452,1,0,True,True,LONG,0.018,0.26849843999999995,-0.38603913108749405
17,nyse_20200424T200000Z,PERSISTENT_LOSS,-1.1485405921057392,64,LONG,2876,3,120,-2.1397812073664646e-05,0.002621231979030192,0.005937892850455984,0.0003734652910691699,1,0,True,True,LONG,0.018,0.26918063999999997,-0.04662313691249737
17,nyse_20200501T200000Z,PROFITABLE,1.712485181170199,30,SHORT,1505,5,30,0.006277078199025343,0.009186050437189786,0.0014291662446688225,0.264059837152047,3,1,False,False,LONG,0.013,0.22959352000000002,0.33518187664374366
17,nyse_20200501T200000Z,PROFITABLE,1.712485181170199,30,SHORT,1505,5,60,0.009756591607305465,0.013469047860189098,0.0014291662446688225,0.216026311855281,3,1,False,False,LONG,0.013,0.2287896,-0.06749392846250729
17,nyse_20200501T200000Z,PROFITABLE,1.712485181170199,30,SHORT,1505,5,120,0.010097565916073026,0.013469047860189098,0.0014291662446688225,0.13205492354559942,3,1,False,False,LONG,0.013,0.22871081999999998,-0.1083177539562658
17,nyse_20200529T200000Z,PERSISTENT_LOSS,-0.5371068169767458,17,SHORT,1406,3,30,-0.000879183811988149,0.0008579731048233841,0.0020415305646290793,0.09165284687671812,1,0,True,True,SHORT,-0.014,0.26424972,-0.15483731832915343
17,nyse_20200529T200000Z,PERSISTENT_LOSS,-0.5371068169767458,17,SHORT,1406,3,60,0.005217833962584351,0.005217833962584351,0.0020415305646290793,0.2199570815450745,3,1,False,False,LONG,0.014,0.26264,0.025479438775010188
17,nyse_20200529T200000Z,PERSISTENT_LOSS,-0.5371068169767458,17,SHORT,1406,3,120,0.006323972341237938,0.008399440037330952,0.0020415305646290793,0.12536528960370197,3,1,False,False,LONG,0.014,0.26234796,-0.1221808183749939
17,nyse_20200605T200000Z,PROFITABLE,1.5784364991576478,20,LONG,2325,5,30,-0.0018517367155764797,0.0017781646356627157,0.0030465058443173154,0.12920251608704225,1,0,True,True,LONG,0.014,0.26971084,-0.29155631968748574
17,nyse_20200605T200000Z,PROFITABLE,1.5784364991576478,20,LONG,2325,5,60,-0.006727182292961986,0.0017781646356627157,0.012683412086545554,0.18755416883342152,1,0,True,True,LONG,0.014,0.26839344,-0.9510959606166677
17,nyse_20200605T200000Z,PROFITABLE,1.5784364991576478,20,LONG,2325,5,120,-0.006211141507087792,0.0017781646356627157,0.012683412086545554,0.0964378801042587,1,0,True,True,LONG,0.014,0.26853288,-0.8830536720541737
17,nyse_20200626T200000Z,PERSISTENT_LOSS,-2.458418999824601,103,LONG,1147,2,30,0.00048042119118130167,0.0036163211582755928,5.4842601733051666e-05,0.04424242424241697,1,0,True,False,LONG,0.011,0.20067035999999996,0.017465958102074533
17,nyse_20200626T200000Z,PERSISTENT_LOSS,-2.458418999824601,103,LONG,1147,2,60,0.0031490621915102324,0.0038839530547329915,0.001545464516836681,0.14328492289264758,2,1,False,False,FLAT,0.0,0.0,0.299515189118762
17,nyse_20200626T200000Z,PERSISTENT_LOSS,-2.458418999824601,103,LONG,1147,2,120,0.0007656027201929927,0.004596906877262219,0.001545464516836681,0.021263632486442918,2,1,False,False,FLAT,0.0,0.0,0.299515189118762
17,nyse_20200702T200000Z,PROFITABLE,1.5588003727839952,63,LONG,4677,4,30,0.0020507790977011275,0.002103673991140198,0.0009675357591519829,0.2197425906246245,1,0,True,False,LONG,0.015,0.2727963,0.2374629089687314
17,nyse_20200702T200000Z,PROFITABLE,1.5588003727839952,63,LONG,4677,4,60,0.002251338901990252,0.0033422960791660294,0.0009675357591519829,0.14917853231106773,2,1,False,False,FLAT,0.0,0.0,0.3519203533125
17,nyse_20200702T200000Z,PROFITABLE,1.5588003727839952,63,LONG,4677,4,120,0.003859123267141218,0.0051980252573116115,0.0009675357591519829,0.1425083421502346,2,1,False,False,FLAT,0.0,0.0,0.3519203533125
31,nyse_20200117T210000Z,PROFITABLE,3.1016405837460552,1,LONG,2101,5,30,0.004037940683966346,0.00583270585855411,0.004463874310246085,0.23919845549563698,2,1,False,False,FLAT,0.0,0.0,0.46092038109375544
31,nyse_20200117T210000Z,PROFITABLE,3.1016405837460552,1,LONG,2101,5,60,0.010635978467313123,0.010767467212101423,0.004463874310246085,0.27136139465535,3,1,False,False,SHORT,-0.015,0.26978219999999997,0.08168427418751417
31,nyse_20200117T210000Z,PROFITABLE,3.1016405837460552,1,LONG,2101,5,120,0.005829334352277282,0.010889965273485291,0.004463874310246085,0.07278059184217413,4,2,False,False,FLAT,0.0,0.0,0.9222289668125054
31,nyse_20200124T210000Z,PERSISTENT_LOSS,-0.8312684367666727,16,LONG,2887,1,30,-0.008283616609932265,0.0011872709373628165,0.009473259717000304,0.437046307884859,1,0,True,True,LONG,0.016,0.26756031999999996,-1.158748166566669
31,nyse_20200124T210000Z,PERSISTENT_LOSS,-0.8312684367666727,16,LONG,2887,1,60,-0.012035202998422645,0.0011872709373628165,0.016543511522814303,0.29727829373334547,1,0,True,True,LONG,0.016,0.26654816,-1.6656603468000188
31,nyse_20200124T210000Z,PERSISTENT_LOSS,-0.8312684367666727,16,LONG,2887,1,120,-0.01333277982706882,0.0011872709373628165,0.018870610003439703,0.1935000774620051,1,0,True,True,LONG,0.016,0.26619808,-1.8423622347666644
31,nyse_20200306T210000Z,PERSISTENT_LOSS,-3.5386096979964,3,LONG,1457,2,30,-0.00034307385404552804,0.0010588157923581143,0.0012977617993291668,0.028013962230369293,1,0,True,True,LONG,0.012,0.21888648,-0.0710884760249904
31,nyse_20200306T210000Z,PERSISTENT_LOSS,-3.5386096979964,3,LONG,1457,2,60,0.0003617072582591252,0.0033068812065677466,0.0012977617993291668,0.014644537143876436,1,0,True,False,LONG,0.012,0.2190408,0.005386536600013099
31,nyse_20200306T210000Z,PERSISTENT_LOSS,-3.5386096979964,3,LONG,1457,2,120,-0.0029890172523401315,0.0033068812065677466,0.004537781967248966,0.06632293212053601,1,0,True,True,LONG,0.012,0.21830712,-0.3628195689500052
31,nyse_20200313T200000Z,PERSISTENT_LOSS,-3.9591961229257087,1,SHORT,126,3,30,0.005671998857387672,0.017174891094765332,0.01581089766478616,0.0712507569131386,2,1,False,False,FLAT,0.0,0.0,0.5094752931249854
31,nyse_20200313T200000Z,PERSISTENT_LOSS,-3.9591961229257087,1,SHORT,126,3,60,0.012204527601228254,0.033296436477897595,0.01581089766478616,0.05777064142651868,7,3,False,False,LONG,0.024,0.26557632000000003,1.334174405561197
31,nyse_20200313T200000Z,PERSISTENT_LOSS,-3.9591961229257087,1,SHORT,126,3,120,0.030098907376990724,0.03890416339355851,0.01581089766478616,0.08116956586631736,7,3,False,False,LONG,0.024,0.26076528,-1.0729877445388143
31,nyse_20200320T200000Z,PROFITABLE,0.8109559323722969,0,SHORT,191,10,30,0.0028118824710875456,0.016299523794097603,0.007807185201982536,0.043798566959331105,10,5,False,False,FLAT,0.0,0.0,2.696934843623827
31,nyse_20200320T200000Z,PROFITABLE,0.8109559323722969,0,SHORT,191,10,60,-0.004854384657747346,0.016299523794097603,0.010322653795069359,0.04375118611407174,15,7,False,False,SHORT,-0.022,0.27296588000000005,3.0773293838219082
31,nyse_20200320T200000Z,PROFITABLE,0.8109559323722969,0,SHORT,191,10,120,0.005855388901487069,0.01838251967993776,0.010322653795069359,0.025801340384986344,20,10,False,False,FLAT,0.0,0.0,5.391978790468087
31,nyse_20200409T200000Z,PERSISTENT_LOSS,-4.401534157561035,1,LONG,360,0,30,-0.00034968391316869685,0.0018828078932571213,0.0030580201033967302,0.02648800249298999,1,0,True,True,LONG,0.016,0.23327199999999998,-0.07653179363333625
31,nyse_20200409T200000Z,PERSISTENT_LOSS,-4.401534157561035,1,LONG,360,0,60,-0.0016058033816491735,0.0018828078932571213,0.0030580201033967302,0.06040753159659396,1,0,True,True,LONG,0.016,0.23297888,-0.22382032440000058
31,nyse_20200409T200000Z,PERSISTENT_LOSS,-4.401534157561035,1,LONG,360,0,120,-0.0009640305527748305,0.0018828078932571213,0.006191462227280953,0.018178997181349705,1,0,True,True,LONG,0.016,0.23312864000000003,-0.15039488909999593
31,nyse_20200424T200000Z,PERSISTENT_LOSS,0.06911108134425765,72,LONG,2868,3,30,-0.002288228528632863,0.0018161392997566583,0.002995693690320156,0.13606361829025487,1,0,True,True,LONG,0.018,0.26857043999999997,-0.3491988101624941
31,nyse_20200424T200000Z,PERSISTENT_LOSS,0.06911108134425765,72,LONG,2868,3,60,0.0007663091448899539,0.0018161392997566583,0.005937892850455984,0.022627650752282524,1,0,True,False,LONG,0.018,0.26939268,0.061081311900008504
31,nyse_20200424T200000Z,PERSISTENT_LOSS,0.06911108134425765,72,LONG,2868,3,120,0.0001297242356970152,0.002621231979030192,0.005937892850455984,0.0024472084163792793,1,0,True,False,LONG,0.018,0.26922132,-0.026282861474995416
31,nyse_20200501T200000Z,PROFITABLE,1.3766528276917307,25,SHORT,1510,6,30,0.007248236048749135,0.009186050437189786,0.0014291662446688225,0.28115587760268806,3,1,False,False,LONG,0.013,0.22936914,0.22321314979373041
31,nyse_20200501T200000Z,PROFITABLE,1.3766528276917307,25,SHORT,1510,6,60,0.00797632310410401,0.013469047860189098,0.0014291662446688225,0.16727238400905892,3,1,False,False,LONG,0.013,0.22920092,0.13838720805207227
31,nyse_20200501T200000Z,PROFITABLE,1.3766528276917307,25,SHORT,1510,6,120,0.008721290075734522,0.013469047860189098,0.0014291662446688225,0.11098063924848153,3,1,False,False,LONG,0.013,0.22902879999999995,0.05089312978956184
31,nyse_20200529T200000Z,PERSISTENT_LOSS,-0.5373267049142457,22,SHORT,1401,3,30,0.0005143596487506841,0.0008579731048233841,0.0020415305646290793,0.04818678589170771,1,0,True,False,SHORT,-0.014,0.2638818,0.029122648245838427
31,nyse_20200529T200000Z,PERSISTENT_LOSS,-0.5373267049142457,22,SHORT,1401,3,60,0.006747125949179256,0.007815085054935778,0.0020415305646290793,0.2660811375993419,3,1,False,False,LONG,0.014,0.26223624,-0.1767022095708242
31,nyse_20200529T200000Z,PERSISTENT_LOSS,-0.5373267049142457,22,SHORT,1401,3,120,0.005069359012429553,0.008399440037330952,0.0020415305646290793,0.0962002898084068,3,1,False,False,LONG,0.014,0.2626792,0.04313755541667176
31,nyse_20200605T200000Z,PROFITABLE,1.9623419859204825,19,LONG,2326,7,30,-0.001722208405869119,0.0017781646356627157,0.002995730746912062,0.10869849574884777,1,0,True,True,LONG,0.014,0.26974584000000007,-0.27405631230831906
31,nyse_20200605T200000Z,PROFITABLE,1.9623419859204825,19,LONG,2326,7,60,-0.006959297023957589,0.0017781646356627157,0.012683412086545554,0.1866903875020855,1,0,True,True,LONG,0.014,0.26833071999999997,-0.9824560904666646
31,nyse_20200605T200000Z,PROFITABLE,1.9623419859204825,19,LONG,2326,7,120,-0.005882657713669914,0.0017781646356627157,0.012683412086545554,0.08951293735513606,1,0,True,True,LONG,0.014,0.26862163999999994,-0.8386737873791729
31,nyse_20200626T200000Z,PERSISTENT_LOSS,-2.1302833651254987,103,LONG,1147,3,30,0.00048042119118130167,0.0036163211582755928,5.4842601733051666e-05,0.04424242424241697,1,0,True,False,LONG,0.011,0.20067035999999996,0.017465958102074533
31,nyse_20200626T200000Z,PERSISTENT_LOSS,-2.1302833651254987,103,LONG,1147,3,60,0.0031490621915102324,0.0038839530547329915,0.001545464516836681,0.14328492289264758,2,1,False,False,FLAT,0.0,0.0,0.299515189118762
31,nyse_20200626T200000Z,PERSISTENT_LOSS,-2.1302833651254987,103,LONG,1147,3,120,0.0007656027201929927,0.004596906877262219,0.001545464516836681,0.021263632486442918,2,1,False,False,FLAT,0.0,0.0,0.299515189118762
31,nyse_20200702T200000Z,PROFITABLE,2.374832055908985,66,LONG,4674,4,30,0.001639741696603636,0.0022480329711502822,0.0008044431710489963,0.20333424432904496,1,0,True,False,LONG,0.015,0.2726844,0.181512722312488
31,nyse_20200702T200000Z,PROFITABLE,2.374832055908985,66,LONG,4674,4,60,0.0021929341238180466,0.0033422960791660294,0.0008044431710489963,0.1622370781020704,2,1,False,False,FLAT,0.0,0.0,0.352005403375
31,nyse_20200702T200000Z,PROFITABLE,2.374832055908985,66,LONG,4674,4,120,0.0031703876754898275,0.0051980252573116115,0.0008044431710489963,0.12268133555071788,2,1,False,False,FLAT,0.0,0.0,0.352005403375
59,nyse_20200117T210000Z,PROFITABLE,2.7561128007244853,2,LONG,2100,6,30,0.00495499039120717,0.00583270585855411,0.0018430900978860798,0.3136069421722666,2,1,False,False,FLAT,0.0,0.0,0.4608364018750054
59,nyse_20200117T210000Z,PROFITABLE,2.7561128007244853,2,LONG,2100,6,60,0.009931333655499364,0.010889965273485291,0.0018430900978860798,0.2620311341734588,3,1,False,False,SHORT,-0.015,0.26959409999999995,0.1756783776875207
59,nyse_20200117T210000Z,PROFITABLE,2.7561128007244853,2,LONG,2100,6,120,0.005918117350895091,0.010889965273485291,0.0018430900978860798,0.07569354606870748,4,2,False,False,FLAT,0.0,0.0,0.9221449875937554
59,nyse_20200124T210000Z,PERSISTENT_LOSS,-0.8312684367666727,16,LONG,2887,1,30,-0.008283616609932265,0.0011872709373628165,0.009473259717000304,0.437046307884859,1,0,True,True,LONG,0.016,0.26756031999999996,-1.158748166566669
59,nyse_20200124T210000Z,PERSISTENT_LOSS,-0.8312684367666727,16,LONG,2887,1,60,-0.012035202998422645,0.0011872709373628165,0.016543511522814303,0.29727829373334547,1,0,True,True,LONG,0.016,0.26654816,-1.6656603468000188
59,nyse_20200124T210000Z,PERSISTENT_LOSS,-0.8312684367666727,16,LONG,2887,1,120,-0.01333277982706882,0.0011872709373628165,0.018870610003439703,0.1935000774620051,1,0,True,True,LONG,0.016,0.26619808,-1.8423622347666644
59,nyse_20200306T210000Z,PERSISTENT_LOSS,-3.5385886446839,3,LONG,1457,2,30,-0.00034307385404552804,0.0010588157923581143,0.0012977617993291668,0.028013962230369293,1,0,True,True,LONG,0.012,0.21888648,-0.0710884760249904
59,nyse_20200306T210000Z,PERSISTENT_LOSS,-3.5385886446839,3,LONG,1457,2,60,0.0003617072582591252,0.0033068812065677466,0.0012977617993291668,0.014644537143876436,1,0,True,False,LONG,0.012,0.2190408,0.005386536600013099
59,nyse_20200306T210000Z,PERSISTENT_LOSS,-3.5385886446839,3,LONG,1457,2,120,-0.0029890172523401315,0.0033068812065677466,0.004537781967248966,0.06632293212053601,1,0,True,True,LONG,0.012,0.21830712,-0.3628195689500052
59,nyse_20200313T200000Z,PERSISTENT_LOSS,-0.8198881350101305,2,SHORT,41,3,30,-0.0003892023137899159,0.017174891094765332,0.01581089766478616,0.004543181060354039,5,2,False,False,SHORT,-0.02,0.2241352,0.9440284486998937
59,nyse_20200313T200000Z,PERSISTENT_LOSS,-0.8198881350101305,2,SHORT,41,3,60,0.020554524030564902,0.025208883810611926,0.01581089766478616,0.15686354656311718,8,3,False,False,LONG,0.048,0.0,-0.8198881350101305
59,nyse_20200313T200000Z,PERSISTENT_LOSS,-0.8198881350101305,2,SHORT,41,3,120,0.020554524030564902,0.025208883810611926,0.01581089766478616,0.15686354656311718,8,3,False,False,LONG,0.048,0.0,-0.8198881350101305
59,nyse_20200320T200000Z,PROFITABLE,0.27100124093216627,1,SHORT,190,9,30,0.0010884706339694405,0.016299523794097603,0.007807185201982536,0.016797480377943853,8,4,False,False,FLAT,0.0,0.0,2.1570365400628635
59,nyse_20200320T200000Z,PROFITABLE,0.27100124093216627,1,SHORT,190,9,60,-0.005256082153616948,0.016299523794097603,0.010322653795069359,0.047682021894056126,13,6,False,False,SHORT,-0.022,0.273075,2.48287144266512
59,nyse_20200320T200000Z,PROFITABLE,0.27100124093216627,1,SHORT,190,9,120,0.006683080112734441,0.01838251967993776,0.010322653795069359,0.029487014564841568,18,9,False,False,FLAT,0.0,0.0,4.85205240399879
59,nyse_20200409T200000Z,PERSISTENT_LOSS,-4.401534157561035,1,LONG,360,0,30,-0.00034968391316869685,0.0018828078932571213,0.0030580201033967302,0.02648800249298999,1,0,True,True,LONG,0.016,0.23327199999999998,-0.07653179363333625
59,nyse_20200409T200000Z,PERSISTENT_LOSS,-4.401534157561035,1,LONG,360,0,60,-0.0016058033816491735,0.0018828078932571213,0.0030580201033967302,0.06040753159659396,1,0,True,True,LONG,0.016,0.23297888,-0.22382032440000058
59,nyse_20200409T200000Z,PERSISTENT_LOSS,-4.401534157561035,1,LONG,360,0,120,-0.0009640305527748305,0.0018828078932571213,0.006191462227280953,0.018178997181349705,1,0,True,True,LONG,0.016,0.23312864000000003,-0.15039488909999593
59,nyse_20200424T200000Z,PERSISTENT_LOSS,-1.1488233700807393,64,LONG,2876,3,30,0.00030625618530510934,0.0019498756252172011,0.002809800197929646,0.016621906075342318,1,0,True,False,LONG,0.018,0.26926883999999995,7.310624993428494e-07
59,nyse_20200424T200000Z,PERSISTENT_LOSS,-1.1488233700807393,64,LONG,2876,3,60,-0.0025557011795543927,0.0019498756252172011,0.005937892850455984,0.07328296966675452,1,0,True,True,LONG,0.018,0.26849843999999995,-0.38603913108749405
59,nyse_20200424T200000Z,PERSISTENT_LOSS,-1.1488233700807393,64,LONG,2876,3,120,-2.1397812073664646e-05,0.002621231979030192,0.005937892850455984,0.0003734652910691699,1,0,True,True,LONG,0.018,0.26918063999999997,-0.04662313691249737
59,nyse_20200501T200000Z,PROFITABLE,1.3226693038924702,25,SHORT,1510,6,30,0.007248236048749135,0.009186050437189786,0.0014291662446688225,0.28115587760268806,3,1,False,False,LONG,0.013,0.22936914,0.2231521900166471
59,nyse_20200501T200000Z,PROFITABLE,1.3226693038924702,25,SHORT,1510,6,60,0.00797632310410401,0.013469047860189098,0.0014291662446688225,0.16727238400905892,3,1,False,False,LONG,0.013,0.22920092,0.13832624827498896
59,nyse_20200501T200000Z,PROFITABLE,1.3226693038924702,25,SHORT,1510,6,120,0.008721290075734522,0.013469047860189098,0.0014291662446688225,0.11098063924848153,3,1,False,False,LONG,0.013,0.22902879999999995,0.0508321700124785
59,nyse_20200529T200000Z,PERSISTENT_LOSS,-0.5371616308267457,17,SHORT,1406,3,30,-0.000879183811988149,0.0008579731048233841,0.0020415305646290793,0.09165284687671812,1,0,True,True,SHORT,-0.014,0.26424972,-0.15483731832915343
59,nyse_20200529T200000Z,PERSISTENT_LOSS,-0.5371616308267457,17,SHORT,1406,3,60,0.005217833962584351,0.005217833962584351,0.0020415305646290793,0.2199570815450745,3,1,False,False,LONG,0.014,0.26264,0.025424624925010186
59,nyse_20200529T200000Z,PERSISTENT_LOSS,-0.5371616308267457,17,SHORT,1406,3,120,0.006323972341237938,0.008399440037330952,0.0020415305646290793,0.12536528960370197,3,1,False,False,LONG,0.014,0.26234796,-0.1222356322249939
59,nyse_20200605T200000Z,PROFITABLE,1.9620604810079825,19,LONG,2326,7,30,-0.001722208405869119,0.0017781646356627157,0.002995730746912062,0.10869849574884777,1,0,True,True,LONG,0.014,0.26974584000000007,-0.27405631230831906
59,nyse_20200605T200000Z,PROFITABLE,1.9620604810079825,19,LONG,2326,7,60,-0.006959297023957589,0.0017781646356627157,0.012683412086545554,0.1866903875020855,1,0,True,True,LONG,0.014,0.26833071999999997,-0.9824560904666646
59,nyse_20200605T200000Z,PROFITABLE,1.9620604810079825,19,LONG,2326,7,120,-0.005882657713669914,0.0017781646356627157,0.012683412086545554,0.08951293735513606,1,0,True,True,LONG,0.014,0.26862163999999994,-0.8386737873791729
59,nyse_20200626T200000Z,PERSISTENT_LOSS,-1.5020496864483837,104,LONG,1146,5,30,0.0005769441702314637,0.0036163211582755928,5.4842601733051666e-05,0.054249174917493474,1,0,True,False,LONG,0.011,0.20068972,0.027145950402085735
59,nyse_20200626T200000Z,PERSISTENT_LOSS,-1.5020496864483837,104,LONG,1146,5,60,0.0028847208511570965,0.0038839530547329915,0.001545464516836681,0.13159211448013447,2,1,False,False,FLAT,0.0,0.0,0.2995360865979287
59,nyse_20200626T200000Z,PERSISTENT_LOSS,-1.5020496864483837,104,LONG,1146,5,120,0.000766699572227747,0.004596906877262219,0.001545464516836681,0.021484555094513386,2,1,False,False,FLAT,0.0,0.0,0.2995360865979287
59,nyse_20200702T200000Z,PROFITABLE,1.5589066939673286,63,LONG,4677,4,30,0.0020507790977011275,0.002103673991140198,0.0009675357591519829,0.2197425906246245,1,0,True,False,LONG,0.015,0.2727963,0.2374629089687314
59,nyse_20200702T200000Z,PROFITABLE,1.5589066939673286,63,LONG,4677,4,60,0.002251338901990252,0.0033422960791660294,0.0009675357591519829,0.14917853231106773,2,1,False,False,FLAT,0.0,0.0,0.35189190393750003
59,nyse_20200702T200000Z,PROFITABLE,1.5589066939673286,63,LONG,4677,4,120,0.003859123267141218,0.0051980252573116115,0.0009675357591519829,0.1425083421502346,2,1,False,False,FLAT,0.0,0.0,0.35189190393750003
97,nyse_20200117T210000Z,PROFITABLE,2.7564479996932354,2,LONG,2100,6,30,0.00495499039120717,0.00583270585855411,0.0018430900978860798,0.3136069421722666,2,1,False,False,FLAT,0.0,0.0,0.46097606637500543
97,nyse_20200117T210000Z,PROFITABLE,2.7564479996932354,2,LONG,2100,6,60,0.009931333655499364,0.010889965273485291,0.0018430900978860798,0.2620311341734588,3,1,False,False,SHORT,-0.015,0.26959409999999995,0.17581804218752067
97,nyse_20200117T210000Z,PROFITABLE,2.7564479996932354,2,LONG,2100,6,120,0.005918117350895091,0.010889965273485291,0.0018430900978860798,0.07569354606870748,4,2,False,False,FLAT,0.0,0.0,0.9223404579062554
97,nyse_20200124T210000Z,PERSISTENT_LOSS,-0.8312963913333394,16,LONG,2887,1,30,-0.008283616609932265,0.0011872709373628165,0.009473259717000304,0.437046307884859,1,0,True,True,LONG,0.016,0.26756031999999996,-1.158748166566669
97,nyse_20200124T210000Z,PERSISTENT_LOSS,-0.8312963913333394,16,LONG,2887,1,60,-0.012035202998422645,0.0011872709373628165,0.016543511522814303,0.29727829373334547,1,0,True,True,LONG,0.016,0.26654816,-1.6656603468000188
97,nyse_20200124T210000Z,PERSISTENT_LOSS,-0.8312963913333394,16,LONG,2887,1,120,-0.01333277982706882,0.0011872709373628165,0.018870610003439703,0.1935000774620051,1,0,True,True,LONG,0.016,0.26619808,-1.8423622347666644
97,nyse_20200306T210000Z,PERSISTENT_LOSS,-3.53854502906515,3,LONG,1457,2,30,-0.00034307385404552804,0.0010588157923581143,0.0012977617993291668,0.028013962230369293,1,0,True,True,LONG,0.012,0.21888648,-0.0710884760249904
97,nyse_20200306T210000Z,PERSISTENT_LOSS,-3.53854502906515,3,LONG,1457,2,60,0.0003617072582591252,0.0033068812065677466,0.0012977617993291668,0.014644537143876436,1,0,True,False,LONG,0.012,0.2190408,0.005386536600013099
97,nyse_20200306T210000Z,PERSISTENT_LOSS,-3.53854502906515,3,LONG,1457,2,120,-0.0029890172523401315,0.0033068812065677466,0.004537781967248966,0.06632293212053601,1,0,True,True,LONG,0.012,0.21830712,-0.3628195689500052
97,nyse_20200313T200000Z,PERSISTENT_LOSS,-2.223152849619892,1,SHORT,126,6,30,0.005671998857387672,0.017174891094765332,0.01581089766478616,0.0712507569131386,6,3,False,False,FLAT,0.0,0.0,1.6334291460499264
97,nyse_20200313T200000Z,PERSISTENT_LOSS,-2.223152849619892,1,SHORT,126,6,60,0.012204527601228254,0.033296436477897595,0.01581089766478616,0.05777064142651868,13,6,False,False,LONG,0.024,0.26557632000000003,3.070217678867014
97,nyse_20200313T200000Z,PERSISTENT_LOSS,-2.223152849619892,1,SHORT,126,6,120,0.030098907376990724,0.03890416339355851,0.01581089766478616,0.08116956586631736,13,6,False,False,LONG,0.024,0.26076528,0.6630555287670026
97,nyse_20200320T200000Z,PROFITABLE,-0.2672417050197218,1,SHORT,190,8,30,0.0010884706339694405,0.016299523794097603,0.007807185201982536,0.016797480377943853,6,3,False,False,FLAT,0.0,0.0,1.6185967663901424
97,nyse_20200320T200000Z,PROFITABLE,-0.2672417050197218,1,SHORT,190,8,60,-0.005256082153616948,0.016299523794097603,0.010322653795069359,0.047682021894056126,11,5,False,False,SHORT,-0.022,0.273075,1.944431528925732
97,nyse_20200320T200000Z,PROFITABLE,-0.2672417050197218,1,SHORT,190,8,120,0.006683080112734441,0.01838251967993776,0.010322653795069359,0.029487014564841568,15,7,False,False,SHORT,-0.022,0.26983176,4.643834625084419
97,nyse_20200409T200000Z,PERSISTENT_LOSS,-4.401534157561035,1,LONG,360,0,30,-0.00034968391316869685,0.0018828078932571213,0.0030580201033967302,0.02648800249298999,1,0,True,True,LONG,0.016,0.23327199999999998,-0.07653179363333625
97,nyse_20200409T200000Z,PERSISTENT_LOSS,-4.401534157561035,1,LONG,360,0,60,-0.0016058033816491735,0.0018828078932571213,0.0030580201033967302,0.06040753159659396,1,0,True,True,LONG,0.016,0.23297888,-0.22382032440000058
97,nyse_20200409T200000Z,PERSISTENT_LOSS,-4.401534157561035,1,LONG,360,0,120,-0.0009640305527748305,0.0018828078932571213,0.006191462227280953,0.018178997181349705,1,0,True,True,LONG,0.016,0.23312864000000003,-0.15039488909999593
97,nyse_20200424T200000Z,PERSISTENT_LOSS,-1.1483172116932392,74,LONG,2866,3,30,-0.0017051381496242524,0.0018161392997566583,0.002995693690320156,0.11395120207346375,1,0,True,True,LONG,0.018,0.2687274,-0.2707188180375
97,nyse_20200424T200000Z,PERSISTENT_LOSS,-1.1483172116932392,74,LONG,2866,3,60,0.0008385267606387803,0.0018161392997566583,0.005937892850455984,0.026334579360747956,1,0,True,False,LONG,0.018,0.26941212,0.07080115661250785
97,nyse_20200424T200000Z,PERSISTENT_LOSS,-1.1483172116932392,74,LONG,2866,3,120,0.000591114558536443,0.002621231979030192,0.005937892850455984,0.011645676345049491,1,0,True,False,LONG,0.018,0.26934551999999995,0.035817006150001315
97,nyse_20200501T200000Z,PROFITABLE,1.711910308530616,25,SHORT,1510,5,30,0.007248236048749135,0.009186050437189786,0.0014291662446688225,0.28115587760268806,2,1,False,False,FLAT,0.0,0.0,0.2850196826354046
97,nyse_20200501T200000Z,PROFITABLE,1.711910308530616,25,SHORT,1510,5,60,0.00797632310410401,0.013469047860189098,0.0014291662446688225,0.16727238400905892,3,1,False,False,LONG,0.013,0.22920092,0.13835014089373893
97,nyse_20200501T200000Z,PROFITABLE,1.711910308530616,25,SHORT,1510,5,120,0.008721290075734522,0.013469047860189098,0.0014291662446688225,0.11098063924848153,3,1,False,False,LONG,0.013,0.22902879999999995,0.05085606263122852
97,nyse_20200529T200000Z,PERSISTENT_LOSS,0.17365335190657233,17,SHORT,1406,3,30,-0.000879183811988149,0.0008579731048233841,0.0020415305646290793,0.09165284687671812,1,0,True,True,SHORT,-0.014,0.26424972,-0.15483731832915343
97,nyse_20200529T200000Z,PERSISTENT_LOSS,0.17365335190657233,17,SHORT,1406,3,60,0.005217833962584351,0.005217833962584351,0.0020415305646290793,0.2199570815450745,3,1,False,False,LONG,0.014,0.26264,0.025424624925010186
97,nyse_20200529T200000Z,PERSISTENT_LOSS,0.17365335190657233,17,SHORT,1406,3,120,0.006323972341237938,0.008399440037330952,0.0020415305646290793,0.12536528960370197,3,1,False,False,LONG,0.014,0.26234796,-0.1222356322249939
97,nyse_20200605T200000Z,PROFITABLE,1.180363421624649,19,LONG,2326,7,30,-0.001722208405869119,0.0017781646356627157,0.002995730746912062,0.10869849574884777,1,0,True,True,LONG,0.014,0.26974584000000007,-0.27405631230831906
97,nyse_20200605T200000Z,PROFITABLE,1.180363421624649,19,LONG,2326,7,60,-0.006959297023957589,0.0017781646356627157,0.012683412086545554,0.1866903875020855,1,0,True,True,LONG,0.014,0.26833071999999997,-0.9824560904666646
97,nyse_20200605T200000Z,PROFITABLE,1.180363421624649,19,LONG,2326,7,120,-0.005882657713669914,0.0017781646356627157,0.012683412086545554,0.08951293735513606,1,0,True,True,LONG,0.014,0.26862163999999994,-0.8386737873791729
97,nyse_20200626T200000Z,PERSISTENT_LOSS,-2.130191589175499,103,LONG,1147,3,30,0.00048042119118130167,0.0036163211582755928,5.4842601733051666e-05,0.04424242424241697,1,0,True,False,LONG,0.011,0.20067035999999996,0.017465958102074533
97,nyse_20200626T200000Z,PERSISTENT_LOSS,-2.130191589175499,103,LONG,1147,3,60,0.0031490621915102324,0.0038839530547329915,0.001545464516836681,0.14328492289264758,2,1,False,False,FLAT,0.0,0.0,0.299515189118762
97,nyse_20200626T200000Z,PERSISTENT_LOSS,-2.130191589175499,103,LONG,1147,3,120,0.0007656027201929927,0.004596906877262219,0.001545464516836681,0.021263632486442918,2,1,False,False,FLAT,0.0,0.0,0.299515189118762
97,nyse_20200702T200000Z,PROFITABLE,1.5588553200089952,65,LONG,4675,4,30,0.0019108280254778176,0.0022480329711502822,0.0009212527273929627,0.24463882618511268,1,0,True,False,LONG,0.015,0.2727582,0.21841276856250216
97,nyse_20200702T200000Z,PROFITABLE,1.5588553200089952,65,LONG,4675,4,60,0.0020463711899145753,0.0033422960791660294,0.0009212527273929627,0.1528520865914892,2,1,False,False,FLAT,0.0,0.0,0.351948595625
97,nyse_20200702T200000Z,PROFITABLE,1.5588553200089952,65,LONG,4675,4,120,0.0034084146959645345,0.0051980252573116115,0.0009212527273929627,0.1330265364930479,2,1,False,False,FLAT,0.0,0.0,0.351948595625
