best_window_concentration,cvar_95,engine_mode,fees_paid,funding_paid,gross_grid_pnl,market_group,max_drawdown,max_drawdown_pct,mean_inventory_drag_ratio,mean_window_pnl,median_window_pnl,positive_ratio,profile,profit_factor,runs,scenario,seed,top_3_window_concentration,total_cost,total_pnl,unique_windows,worst_window_pnl
1.0,3.5921992283934134,R0_STATIC_REPAIRED,0.08368039679999999,0.0,3.6758796251934136,KR_STOCK,3.5535000000000077,0.007107000000000015,0.0,3.5921992283934134,3.5921992283934134,1.0,L20,3.5921992283934134,1,EXECUTION_STRESS,3,1.0,0.08368039679999999,3.5921992283934134,1,3.5921992283934134
1.0,6.075044764748835,R0_STATIC_REPAIRED,0.08368039679999999,0.0,6.158725161548835,KR_STOCK,3.5535000000000077,0.007107000000000015,0.0,6.075044764748835,6.075044764748835,1.0,L20,6.075044764748835,1,EXECUTION_STRESS,10,1.0,0.08368039679999999,6.075044764748835,1,6.075044764748835
1.0,4.75086047869261,R0_STATIC_REPAIRED,0.08368039679999999,0.0,4.8345408754926105,KR_STOCK,3.5535000000000085,0.007107000000000017,0.0,4.75086047869261,4.75086047869261,1.0,L20,4.75086047869261,1,EXECUTION_STRESS,17,1.0,0.08368039679999999,4.75086047869261,1,4.75086047869261
1.0,3.5921992283934134,R0_STATIC_REPAIRED,0.08368039679999999,0.0,3.6758796251934136,KR_STOCK,3.5535000000000077,0.007107000000000015,0.0,3.5921992283934134,3.5921992283934134,1.0,L20,3.5921992283934134,1,EXECUTION_STRESS,31,1.0,0.08368039679999999,3.5921992283934134,1,3.5921992283934134
1.0,4.75086047869261,R0_STATIC_REPAIRED,0.08368039679999999,0.0,4.8345408754926105,KR_STOCK,3.5535000000000085,0.007107000000000017,0.0,4.75086047869261,4.75086047869261,1.0,L20,4.75086047869261,1,EXECUTION_STRESS,59,1.0,0.08368039679999999,4.75086047869261,1,4.75086047869261
1.0,3.5921992283934134,R0_STATIC_REPAIRED,0.08368039679999999,0.0,3.6758796251934136,KR_STOCK,3.5535000000000077,0.007107000000000015,0.0,3.5921992283934134,3.5921992283934134,1.0,L20,3.5921992283934134,1,EXECUTION_STRESS,97,1.0,0.08368039679999999,3.5921992283934134,1,3.5921992283934134
1.0,9.38266021786438,R0_STATIC_REPAIRED,0.4175717303390728,0.0,9.800231948203454,KR_STOCK,3.5535000000000085,0.007107000000000017,0.0,9.38266021786438,9.38266021786438,1.0,L20,9.38266021786438,1,MAKER_PROMO_OFF,3,1.0,0.4175717303390728,9.38266021786438,1,9.38266021786438
1.0,9.38266021786438,R0_STATIC_REPAIRED,0.4175717303390728,0.0,9.800231948203454,KR_STOCK,3.5535000000000085,0.007107000000000017,0.0,9.38266021786438,9.38266021786438,1.0,L20,9.38266021786438,1,MAKER_PROMO_OFF,10,1.0,0.4175717303390728,9.38266021786438,1,9.38266021786438
1.0,9.38266021786438,R0_STATIC_REPAIRED,0.4175717303390728,0.0,9.800231948203454,KR_STOCK,3.5535000000000085,0.007107000000000017,0.0,9.38266021786438,9.38266021786438,1.0,L20,9.38266021786438,1,MAKER_PROMO_OFF,17,1.0,0.4175717303390728,9.38266021786438,1,9.38266021786438
1.0,9.38266021786438,R0_STATIC_REPAIRED,0.4175717303390728,0.0,9.800231948203454,KR_STOCK,3.5535000000000085,0.007107000000000017,0.0,9.38266021786438,9.38266021786438,1.0,L20,9.38266021786438,1,MAKER_PROMO_OFF,31,1.0,0.4175717303390728,9.38266021786438,1,9.38266021786438
1.0,6.9958330307060415,R0_STATIC_REPAIRED,0.321553381141991,0.0,7.317386411848032,KR_STOCK,3.5535000000000085,0.007107000000000017,0.0,6.9958330307060415,6.9958330307060415,1.0,L20,6.9958330307060415,1,MAKER_PROMO_OFF,59,1.0,0.321553381141991,6.9958330307060415,1,6.9958330307060415
1.0,6.9958330307060415,R0_STATIC_REPAIRED,0.321553381141991,0.0,7.317386411848032,KR_STOCK,3.5535000000000085,0.007107000000000017,0.0,6.9958330307060415,6.9958330307060415,1.0,L20,6.9958330307060415,1,MAKER_PROMO_OFF,97,1.0,0.321553381141991,6.9958330307060415,1,6.9958330307060415
1.0,9.744445017003454,R0_STATIC_REPAIRED,0.055786931199999994,0.0,9.800231948203454,KR_STOCK,3.5535000000000085,0.007107000000000017,0.0,9.744445017003454,9.744445017003454,1.0,L20,9.744445017003454,1,PRIMARY_ZERO_MAKER,3,1.0,0.055786931199999994,9.744445017003454,1,9.744445017003454
1.0,9.744445017003454,R0_STATIC_REPAIRED,0.055786931199999994,0.0,9.800231948203454,KR_STOCK,3.5535000000000085,0.007107000000000017,0.0,9.744445017003454,9.744445017003454,1.0,L20,9.744445017003454,1,PRIMARY_ZERO_MAKER,10,1.0,0.055786931199999994,9.744445017003454,1,9.744445017003454
1.0,9.744445017003454,R0_STATIC_REPAIRED,0.055786931199999994,0.0,9.800231948203454,KR_STOCK,3.5535000000000085,0.007107000000000017,0.0,9.744445017003454,9.744445017003454,1.0,L20,9.744445017003454,1,PRIMARY_ZERO_MAKER,17,1.0,0.055786931199999994,9.744445017003454,1,9.744445017003454
1.0,9.744445017003454,R0_STATIC_REPAIRED,0.055786931199999994,0.0,9.800231948203454,KR_STOCK,3.5535000000000085,0.007107000000000017,0.0,9.744445017003454,9.744445017003454,1.0,L20,9.744445017003454,1,PRIMARY_ZERO_MAKER,31,1.0,0.055786931199999994,9.744445017003454,1,9.744445017003454
1.0,7.261599480648032,R0_STATIC_REPAIRED,0.055786931199999994,0.0,7.317386411848032,KR_STOCK,3.5535000000000085,0.007107000000000017,0.0,7.261599480648032,7.261599480648032,1.0,L20,7.261599480648032,1,PRIMARY_ZERO_MAKER,59,1.0,0.055786931199999994,7.261599480648032,1,7.261599480648032
1.0,7.261599480648032,R0_STATIC_REPAIRED,0.055786931199999994,0.0,7.317386411848032,KR_STOCK,3.5535000000000085,0.007107000000000017,0.0,7.261599480648032,7.261599480648032,1.0,L20,7.261599480648032,1,PRIMARY_ZERO_MAKER,97,1.0,0.055786931199999994,7.261599480648032,1,7.261599480648032
1.0,1.809375954627634,R0_STATIC_REPAIRED,0.08593160509860102,0.0,1.832929810691235,KR_STOCK,2.4948050698999467,0.004989610139799893,0.4435818166168397,1.809375954627634,1.809375954627634,1.0,N20,1.809375954627634,1,EXECUTION_STRESS,3,1.0,0.08593160509860102,1.809375954627634,1,1.809375954627634
1.0,4.4577445267400835,R0_STATIC_REPAIRED,0.08593160509860102,0.0,4.4812983828036845,KR_STOCK,2.4948050698999467,0.004989610139799893,0.26161744437594703,4.4577445267400835,4.4577445267400835,1.0,N20,4.4577445267400835,1,EXECUTION_STRESS,10,1.0,0.08593160509860102,4.4577445267400835,1,4.4577445267400835
1.0,1.809375954627634,R0_STATIC_REPAIRED,0.08593160509860102,0.0,1.832929810691235,KR_STOCK,2.4948050698999467,0.004989610139799893,0.4435818166168397,1.809375954627634,1.809375954627634,1.0,N20,1.809375954627634,1,EXECUTION_STRESS,17,1.0,0.08593160509860102,1.809375954627634,1,1.809375954627634
1.0,1.809375954627634,R0_STATIC_REPAIRED,0.08593160509860102,0.0,1.832929810691235,KR_STOCK,2.597005069899949,0.005194010139799898,0.4435818166168397,1.809375954627634,1.809375954627634,1.0,N20,1.809375954627634,1,EXECUTION_STRESS,31,1.0,0.08593160509860102,1.809375954627634,1,1.809375954627634
1.0,2.968037204926831,R0_STATIC_REPAIRED,0.08593160509860102,0.0,2.991591060990432,KR_STOCK,2.597005069899949,0.005194010139799898,0.3400926356633803,2.968037204926831,2.968037204926831,1.0,N20,2.968037204926831,1,EXECUTION_STRESS,59,1.0,0.08593160509860102,2.968037204926831,1,2.968037204926831
1.0,2.968037204926831,R0_STATIC_REPAIRED,0.08593160509860102,0.0,2.991591060990432,KR_STOCK,3.171705069899951,0.0063434101397999015,0.3400926356633803,2.968037204926831,2.968037204926831,1.0,N20,2.968037204926831,1,EXECUTION_STRESS,97,1.0,0.08593160509860102,2.968037204926831,1,2.968037204926831
1.0,6.556272990532208,R0_STATIC_REPAIRED,0.41901539099692753,0.0,6.912910632494135,KR_STOCK,2.3518143075671434,0.004703628615134287,0.19251595483845774,6.556272990532208,6.556272990532208,1.0,N20,6.556272990532208,1,MAKER_PROMO_OFF,3,1.0,0.41901539099692753,6.556272990532208,1,6.556272990532208
1.0,6.556272990532208,R0_STATIC_REPAIRED,0.41901539099692753,0.0,6.912910632494135,KR_STOCK,2.454014307567147,0.004908028615134293,0.19251595483845774,6.556272990532208,6.556272990532208,1.0,N20,6.556272990532208,1,MAKER_PROMO_OFF,10,1.0,0.41901539099692753,6.556272990532208,1,6.556272990532208
1.0,6.556272990532208,R0_STATIC_REPAIRED,0.41901539099692753,0.0,6.912910632494135,KR_STOCK,2.454014307567147,0.004908028615134293,0.19251595483845774,6.556272990532208,6.556272990532208,1.0,N20,6.556272990532208,1,MAKER_PROMO_OFF,17,1.0,0.41901539099692753,6.556272990532208,1,6.556272990532208
1.0,6.556272990532208,R0_STATIC_REPAIRED,0.41901539099692753,0.0,6.912910632494135,KR_STOCK,2.454014307567147,0.004908028615134293,0.19251595483845774,6.556272990532208,6.556272990532208,1.0,N20,6.556272990532208,1,MAKER_PROMO_OFF,31,1.0,0.41901539099692753,6.556272990532208,1,6.556272990532208
1.0,4.1694458033738675,R0_STATIC_REPAIRED,0.32299704179984573,0.0,4.430065096138713,KR_STOCK,2.454014307567146,0.004908028615134292,0.2685014185149363,4.1694458033738675,4.1694458033738675,1.0,N20,4.1694458033738675,1,MAKER_PROMO_OFF,59,1.0,0.32299704179984573,4.1694458033738675,1,4.1694458033738675
1.0,4.1694458033738675,R0_STATIC_REPAIRED,0.32299704179984573,0.0,4.430065096138713,KR_STOCK,3.0287143075671485,0.006057428615134297,0.2685014185149363,4.1694458033738675,4.1694458033738675,1.0,N20,4.1694458033738675,1,MAKER_PROMO_OFF,97,1.0,0.32299704179984573,4.1694458033738675,1,4.1694458033738675
1.0,6.975231236654606,R0_STATIC_REPAIRED,0.05720201942058163,0.0,6.970055507040188,KR_STOCK,2.2946408605838187,0.0045892817211676375,0.19251595483845774,6.975231236654606,6.975231236654606,1.0,N20,6.975231236654606,1,PRIMARY_ZERO_MAKER,3,1.0,0.05720201942058163,6.975231236654606,1,6.975231236654606
1.0,6.975231236654606,R0_STATIC_REPAIRED,0.05720201942058163,0.0,6.970055507040188,KR_STOCK,2.396840860583822,0.004793681721167644,0.19251595483845774,6.975231236654606,6.975231236654606,1.0,N20,6.975231236654606,1,PRIMARY_ZERO_MAKER,10,1.0,0.05720201942058163,6.975231236654606,1,6.975231236654606
1.0,6.975231236654606,R0_STATIC_REPAIRED,0.05720201942058163,0.0,6.970055507040188,KR_STOCK,2.396840860583822,0.004793681721167644,0.19251595483845774,6.975231236654606,6.975231236654606,1.0,N20,6.975231236654606,1,PRIMARY_ZERO_MAKER,17,1.0,0.05720201942058163,6.975231236654606,1,6.975231236654606
1.0,6.975231236654606,R0_STATIC_REPAIRED,0.05720201942058163,0.0,6.970055507040188,KR_STOCK,2.396840860583822,0.004793681721167644,0.19251595483845774,6.975231236654606,6.975231236654606,1.0,N20,6.975231236654606,1,PRIMARY_ZERO_MAKER,31,1.0,0.05720201942058163,6.975231236654606,1,6.975231236654606
1.0,4.492385700299183,R0_STATIC_REPAIRED,0.05720201942058163,0.0,4.487209970684765,KR_STOCK,2.396840860583822,0.004793681721167644,0.2685014185149363,4.492385700299183,4.492385700299183,1.0,N20,4.492385700299183,1,PRIMARY_ZERO_MAKER,59,1.0,0.05720201942058163,4.492385700299183,1,4.492385700299183
1.0,4.492385700299183,R0_STATIC_REPAIRED,0.05720201942058163,0.0,4.487209970684765,KR_STOCK,2.971540860583824,0.0059430817211676475,0.2685014185149363,4.492385700299183,4.492385700299183,1.0,N20,4.492385700299183,1,PRIMARY_ZERO_MAKER,97,1.0,0.05720201942058163,4.492385700299183,1,4.492385700299183
1.0,-1.059059115093627,R0_STATIC_REPAIRED,0.05902642025460594,0.0,-1.000032694839021,US_LEVERAGED_ETF,1.9659457149456514,0.007863782859782606,1.9127496576219547,-1.059059115093627,-1.059059115093627,0.0,N100,0.0,1,EXECUTION_STRESS,3,1.0,0.05902642025460594,-1.059059115093627,1,-1.059059115093627
1.0,-1.0444055750083074,R0_STATIC_REPAIRED,0.05902642025460594,0.0,-0.9853791547537014,US_LEVERAGED_ETF,1.9328214159702632,0.007731285663881053,1.8814040177703,-1.0444055750083074,-1.0444055750083074,0.0,N100,0.0,1,EXECUTION_STRESS,10,1.0,0.05902642025460594,-1.0444055750083074,1,-1.0444055750083074
1.0,-1.1515316521163363,R0_STATIC_REPAIRED,0.05902642025460594,0.0,-1.0925052318617303,US_LEVERAGED_ETF,1.915967843909331,0.007663871375637324,2.137483258397048,-1.1515316521163363,-1.1515316521163363,0.0,N100,0.0,1,EXECUTION_STRESS,17,1.0,0.05902642025460594,-1.1515316521163363,1,-1.1515316521163363
1.0,-1.1054968644841519,R0_STATIC_REPAIRED,0.05902642025460594,0.0,-1.0464704442295458,US_LEVERAGED_ETF,1.9463019847762437,0.007785207939104975,2.0193698720410667,-1.1054968644841519,-1.1054968644841519,0.0,N100,0.0,1,EXECUTION_STRESS,31,1.0,0.05902642025460594,-1.1054968644841519,1,-1.1054968644841519
1.0,-1.0817116305608974,R0_STATIC_REPAIRED,0.05902642025460594,0.0,-1.0226852103062913,US_LEVERAGED_ETF,1.9239051942477285,0.0076956207769909146,1.9633157151095355,-1.0817116305608974,-1.0817116305608974,0.0,N100,0.0,1,EXECUTION_STRESS,59,1.0,0.05902642025460594,-1.0817116305608974,1,-1.0817116305608974
1.0,-1.036614102596814,R0_STATIC_REPAIRED,0.05902642025460594,0.0,-0.977587682342208,US_LEVERAGED_ETF,1.937385763053709,0.007749543052214836,1.8652695683964853,-1.036614102596814,-1.036614102596814,0.0,N100,0.0,1,EXECUTION_STRESS,97,1.0,0.05902642025460594,-1.036614102596814,1,-1.036614102596814
1.0,-0.4789914209570506,R0_STATIC_REPAIRED,0.03941012119254892,0.0,-0.43958129976450167,US_LEVERAGED_ETF,1.7645727783288199,0.007058291113315279,1.2729078333539778,-0.4789914209570506,-0.4789914209570506,0.0,N100,0.0,1,PRIMARY_ZERO_MAKER,3,1.0,0.03941012119254892,-0.4789914209570506,1,-0.4789914209570506
1.0,-0.44510095497555147,R0_STATIC_REPAIRED,0.03941012119254892,0.0,-0.4056908337830025,US_LEVERAGED_ETF,1.7506078132637954,0.007002431253055182,1.241082744884091,-0.44510095497555147,-0.44510095497555147,0.0,N100,0.0,1,PRIMARY_ZERO_MAKER,10,1.0,0.03941012119254892,-0.44510095497555147,1,-0.44510095497555147
1.0,-0.4885787408243635,R0_STATIC_REPAIRED,0.03941012119254892,0.0,-0.44916861963181454,US_LEVERAGED_ETF,1.7604839918756414,0.007041935967502566,1.2822092147510988,-0.4885787408243635,-0.4885787408243635,0.0,N100,0.0,1,PRIMARY_ZERO_MAKER,17,1.0,0.03941012119254892,-0.4885787408243635,1,-0.4885787408243635
1.0,-0.5606641095337036,R0_STATIC_REPAIRED,0.03941012119254892,0.0,-0.5212539883411547,US_LEVERAGED_ETF,1.7602738633177069,0.007041095453270828,1.3567511382384245,-0.5606641095337036,-0.5606641095337036,0.0,N100,0.0,1,PRIMARY_ZERO_MAKER,31,1.0,0.03941012119254892,-0.5606641095337036,1,-0.5606641095337036
1.0,-0.43090842745806446,R0_STATIC_REPAIRED,0.03941012119254892,0.0,-0.3914983062655155,US_LEVERAGED_ETF,1.747003423069661,0.006988013692278644,1.2282230076772123,-0.43090842745806446,-0.43090842745806446,0.0,N100,0.0,1,PRIMARY_ZERO_MAKER,59,1.0,0.03941012119254892,-0.43090842745806446,1,-0.43090842745806446
1.0,-0.4442116432938922,R0_STATIC_REPAIRED,0.03941012119254892,0.0,-0.40480152210134324,US_LEVERAGED_ETF,1.7741727783288201,0.00709669111331528,1.2402690435624253,-0.4442116432938922,-0.4442116432938922,0.0,N100,0.0,1,PRIMARY_ZERO_MAKER,97,1.0,0.03941012119254892,-0.4442116432938922,1,-0.4442116432938922
1.0,-0.5436475200260015,R0_STATIC_REPAIRED,0.18341763136404285,0.0,-0.8456303026027236,US_LEVERAGED_ETF,3.5292324123377874,0.01411692964935115,1.048893259723628,-0.5145239669833832,-0.5145239669833832,0.0,N20,0.0,2,EXECUTION_STRESS,3,1.0,0.18341763136404285,-1.0290479339667664,2,-0.5436475200260015
1.0,-0.5436475200260015,R0_STATIC_REPAIRED,0.18341763136404285,0.0,0.9846040439041612,US_LEVERAGED_ETF,3.442432412337787,0.013769729649351149,0.828390175971915,0.4005932062700592,0.4005932062700592,0.5,N20,2.4737240271082253,2,EXECUTION_STRESS,10,1.0,0.18341763136404285,0.8011864125401184,2,-0.5436475200260015
1.0,-0.5436475200260015,R0_STATIC_REPAIRED,0.18341763136404285,0.0,0.9846040439041612,US_LEVERAGED_ETF,3.442432412337787,0.013769729649351149,0.828390175971915,0.4005932062700592,0.4005932062700592,0.5,N20,2.4737240271082253,2,EXECUTION_STRESS,17,1.0,0.18341763136404285,0.8011864125401184,2,-0.5436475200260015
1.0,-0.5436475200260015,R0_STATIC_REPAIRED,0.18341763136404285,0.0,1.0040746220584902,US_LEVERAGED_ETF,3.442432412337787,0.013769729649351149,0.827052539415469,0.41032849534722365,0.41032849534722365,0.5,N20,2.509538736891869,2,EXECUTION_STRESS,31,1.0,0.18341763136404285,0.8206569906944473,2,-0.5436475200260015
1.0,-0.5436475200260015,R0_STATIC_REPAIRED,0.18341763136404285,0.0,0.9846040439041612,US_LEVERAGED_ETF,3.442432412337787,0.013769729649351149,0.828390175971915,0.4005932062700592,0.4005932062700592,0.5,N20,2.4737240271082253,2,EXECUTION_STRESS,59,1.0,0.18341763136404285,0.8011864125401184,2,-0.5436475200260015
1.0,-0.5436475200260015,R0_STATIC_REPAIRED,0.18341763136404285,0.0,1.6076625448426753,US_LEVERAGED_ETF,3.442432412337787,0.013769729649351149,0.7908503928529239,0.7121224567393163,0.7121224567393163,0.5,N20,3.6197947401848056,2,EXECUTION_STRESS,97,1.0,0.18341763136404285,1.4242449134786326,2,-0.5436475200260015
1.0,-0.5121507854752171,R0_STATIC_REPAIRED,0.3982397825177204,0.0,0.002501647144325325,US_LEVERAGED_ETF,3.2974682821717876,0.01318987312868715,0.9470030437380195,-0.19786906768669754,-0.19786906768669754,0.5,N20,0.227301516278657,2,MAKER_PROMO_OFF,3,1.0,0.3982397825177204,-0.3957381353733951,2,-0.5121507854752171
1.0,-0.5121507854752171,R0_STATIC_REPAIRED,0.47901955124440765,0.0,1.8522065718055387,US_LEVERAGED_ETF,3.297468282171787,0.013189873128687149,0.7908503928529239,0.6865935102805656,0.6865935102805656,0.5,N20,3.6812162736155356,2,MAKER_PROMO_OFF,10,1.0,0.47901955124440765,1.3731870205611312,2,-0.5121507854752171
1.0,-0.5121507854752171,R0_STATIC_REPAIRED,0.4790195512444077,0.0,1.8522065718055387,US_LEVERAGED_ETF,3.297468282171787,0.013189873128687149,0.7908503928529239,0.6865935102805656,0.6865935102805656,0.5,N20,3.6812162736155356,2,MAKER_PROMO_OFF,17,1.0,0.4790195512444077,1.3731870205611312,2,-0.5121507854752171
1.0,-0.5121507854752171,R0_STATIC_REPAIRED,0.4790195512444077,0.0,1.8522065718055387,US_LEVERAGED_ETF,3.297468282171787,0.013189873128687149,0.7908503928529239,0.6865935102805656,0.6865935102805656,0.5,N20,3.6812162736155356,2,MAKER_PROMO_OFF,31,1.0,0.4790195512444077,1.3731870205611312,2,-0.5121507854752171
1.0,-0.5121507854752171,R0_STATIC_REPAIRED,0.4790195512444077,0.0,1.8522065718055387,US_LEVERAGED_ETF,3.297468282171787,0.013189873128687149,0.7908503928529239,0.6865935102805656,0.6865935102805656,0.5,N20,3.6812162736155356,2,MAKER_PROMO_OFF,59,1.0,0.4790195512444077,1.3731870205611312,2,-0.5121507854752171
1.0,-0.5121507854752171,R0_STATIC_REPAIRED,0.4790195512444077,0.0,1.8522065718055387,US_LEVERAGED_ETF,3.297468282171787,0.013189873128687149,0.7908503928529239,0.6865935102805656,0.6865935102805656,0.5,N20,3.6812162736155356,2,MAKER_PROMO_OFF,97,1.0,0.4790195512444077,1.3731870205611312,2,-0.5121507854752171
1.0,-0.3343212959057322,R0_STATIC_REPAIRED,0.12227457645261411,0.0,0.12477366062580986,US_LEVERAGED_ETF,3.22379954110228,0.01289519816440912,0.9470030437380195,0.0012495420865978601,0.0012495420865978601,0.5,N20,1.0074750971708974,2,PRIMARY_ZERO_MAKER,3,1.0,0.12227457645261411,0.0024990841731957203,2,-0.3343212959057322
1.0,-0.3343212959057322,R0_STATIC_REPAIRED,0.12227457645261411,0.0,1.9744785852870232,US_LEVERAGED_ETF,3.22379954110228,0.01289519816440912,0.7908503928529239,0.9261020044172045,0.9261020044172045,0.5,N20,6.540191520903504,2,PRIMARY_ZERO_MAKER,10,1.0,0.12227457645261411,1.852204008834409,2,-0.3343212959057322
1.0,-0.3343212959057322,R0_STATIC_REPAIRED,0.12227457645261411,0.0,1.9744785852870232,US_LEVERAGED_ETF,3.22379954110228,0.01289519816440912,0.7908503928529239,0.9261020044172045,0.9261020044172045,0.5,N20,6.540191520903504,2,PRIMARY_ZERO_MAKER,17,1.0,0.12227457645261411,1.852204008834409,2,-0.3343212959057322
1.0,-0.3343212959057322,R0_STATIC_REPAIRED,0.12227457645261411,0.0,1.9744785852870232,US_LEVERAGED_ETF,3.22379954110228,0.01289519816440912,0.7908503928529239,0.9261020044172045,0.9261020044172045,0.5,N20,6.540191520903504,2,PRIMARY_ZERO_MAKER,31,1.0,0.12227457645261411,1.852204008834409,2,-0.3343212959057322
1.0,-0.3343212959057322,R0_STATIC_REPAIRED,0.12227457645261411,0.0,1.9744785852870232,US_LEVERAGED_ETF,3.22379954110228,0.01289519816440912,0.7908503928529239,0.9261020044172045,0.9261020044172045,0.5,N20,6.540191520903504,2,PRIMARY_ZERO_MAKER,59,1.0,0.12227457645261411,1.852204008834409,2,-0.3343212959057322
1.0,-0.3343212959057322,R0_STATIC_REPAIRED,0.12227457645261411,0.0,1.9744785852870232,US_LEVERAGED_ETF,3.22379954110228,0.01289519816440912,0.7908503928529239,0.9261020044172045,0.9261020044172045,0.5,N20,6.540191520903504,2,PRIMARY_ZERO_MAKER,97,1.0,0.12227457645261411,1.852204008834409,2,-0.3343212959057322
1.0,-3.085639921867319,R0_STATIC_REPAIRED,0.2901265448512629,0.1025895190056462,-8.004473280896377,US_STOCK,3.656512630656998,0.0073130252613139955,9.982978380228507,-2.7716993651613477,-3.0051635075856353,0.0,N100,0.0,3,EXECUTION_STRESS,3,1.0,0.3927160638569091,-8.315098095484043,3,-3.085639921867319
1.0,-3.0831767820291316,R0_STATIC_REPAIRED,0.2901265448512629,0.1025895190056462,-7.963499652100976,US_STOCK,3.6959123006581516,0.007391824601316303,9.741439556158959,-2.758041488896214,-2.968607545638407,0.0,N100,0.0,3,EXECUTION_STRESS,10,1.0,0.3927160638569091,-8.274124466688642,3,-3.0831767820291316
1.0,-3.1078037485212806,R0_STATIC_REPAIRED,0.2901265448512629,0.1025895190056462,-7.902064124702001,US_STOCK,3.6178697891582283,0.007235739578316457,11.48961602921939,-2.737562979763222,-2.9319773335425845,0.0,N100,0.0,3,EXECUTION_STRESS,17,1.0,0.3927160638569091,-8.212688939289666,3,-3.1078037485212806
1.0,-3.059246675642974,R0_STATIC_REPAIRED,0.2901265448512629,0.1025895190056462,-7.983530990435613,US_STOCK,3.674882242735628,0.007349764485471256,9.782238163956354,-2.764718601674426,-3.0011940860954276,0.0,N100,0.0,3,EXECUTION_STRESS,31,1.0,0.3927160638569091,-8.294155805023278,3,-3.059246675642974
1.0,-3.083626930566345,R0_STATIC_REPAIRED,0.2901265448512629,0.09785610988335008,-8.020659856298238,US_STOCK,3.674725863155325,0.00734945172631065,9.869298723216835,-2.7755170872545354,-3.0241442182270237,0.0,N100,0.0,3,EXECUTION_STRESS,59,1.0,0.387982654734613,-8.326551261763607,3,-3.083626930566345
1.0,-3.2293461282736464,R0_STATIC_REPAIRED,0.2901265448512629,0.1025895190056462,-8.231341585749075,US_STOCK,3.727585018719437,0.007455170037438874,10.417388106192531,-2.8473221334455796,-3.0845551011691765,0.0,N100,0.0,3,EXECUTION_STRESS,97,1.0,0.3927160638569091,-8.541966400336738,3,-3.2293461282736464
1.0,-2.824968062912814,R0_STATIC_REPAIRED,0.1935264303316101,0.1025895190056462,-6.888374844401796,US_STOCK,3.385034520568392,0.006770069041136784,7.212190103831532,-2.3674665148232696,-2.4686875788596536,0.0,N100,0.0,3,PRIMARY_ZERO_MAKER,3,1.0,0.2961159493372563,-7.102399544469809,3,-2.824968062912814
1.0,-2.824968062912814,R0_STATIC_REPAIRED,0.1935264303316101,0.1025895190056462,-6.94395418494878,US_STOCK,3.353547834704868,0.006707095669409737,7.26566126814032,-2.385992961672264,-2.5160659632843503,0.0,N100,0.0,3,PRIMARY_ZERO_MAKER,10,1.0,0.2961159493372563,-7.157978885016792,3,-2.824968062912814
1.0,-2.8491543375401096,R0_STATIC_REPAIRED,0.1935264303316101,0.1025895190056462,-6.9298169310544395,US_STOCK,3.367151688574012,0.006734303377148023,8.115596851741524,-2.381280543707484,-2.4555947201363137,0.0,N100,0.0,3,PRIMARY_ZERO_MAKER,17,1.0,0.2961159493372563,-7.143841631122452,3,-2.8491543375401096
1.0,-2.848124158129987,R0_STATIC_REPAIRED,0.1935264303316101,0.1025895190056462,-6.917177419814049,US_STOCK,3.353744567164426,0.0067074891343288515,8.05971279937085,-2.3770673732940204,-2.4286408508885007,0.0,N100,0.0,3,PRIMARY_ZERO_MAKER,31,1.0,0.2961159493372563,-7.131202119882062,3,-2.848124158129987
1.0,-2.800597264661803,R0_STATIC_REPAIRED,0.1935264303316101,0.1025895190056462,-6.934626896209311,US_STOCK,3.35020149182291,0.0067004029836458204,6.596863036934977,-2.3828838654257742,-2.4269624545932196,0.0,N100,0.0,3,PRIMARY_ZERO_MAKER,59,1.0,0.2961159493372563,-7.148651596277323,3,-2.800597264661803
1.0,-2.823689261918595,R0_STATIC_REPAIRED,0.1935264303316101,0.1025895190056462,-6.938244031500662,US_STOCK,3.3894856724437177,0.006778971344887435,8.077648726836532,-2.3840895771895583,-2.509707558427233,0.0,N100,0.0,3,PRIMARY_ZERO_MAKER,97,1.0,0.2961159493372563,-7.152268731568674,3,-2.823689261918595
1.0,-10.452518482927736,R0_STATIC_REPAIRED,1.590369058106057,0.4117965678826711,-24.53302325505775,US_STOCK,13.69292160027308,0.014861228592178016,42.98272751418141,-3.961138292117283,-2.215962663035368,0.16666666666666666,N20,0.05941634439970737,9,EXECUTION_STRESS,3,1.0,2.002165625988728,-23.766829752703696,6,-10.452518482927736
0.9640076497878963,-9.253642492157715,R0_STATIC_REPAIRED,1.5087979927954884,0.4117965678826711,-19.672877045778993,US_STOCK,12.59179574160573,0.012658976874843316,41.73978826353979,-3.2533418239746,-1.2236753192724241,0.3333333333333333,N20,0.055442900009873244,9,EXECUTION_STRESS,10,1.0,1.9205945606781594,-19.5200509438476,6,-9.253642492157715
0.5826255581402326,-9.253642492157715,R0_STATIC_REPAIRED,1.5087979927954884,0.4117965678826711,-19.42366221590137,US_STOCK,12.79104560950306,0.013057476610637976,41.74549506420484,-3.1359739442050145,-0.8931530929949661,0.3333333333333333,N20,0.0594325989062357,9,EXECUTION_STRESS,17,1.0,1.9205945606781594,-18.815843665230087,6,-9.253642492157715
1.0,-10.452518482927736,R0_STATIC_REPAIRED,1.5087979927954884,0.4117965678826711,-24.148284635582733,US_STOCK,12.911295741605729,0.013297976874843314,42.80161927044037,-3.9234110141519083,-2.1183067862945153,0.16666666666666666,N20,0.04481777809647381,9,EXECUTION_STRESS,31,1.0,1.9205945606781594,-23.54046608491145,6,-10.452518482927736
1.0,-9.252361990172872,R0_STATIC_REPAIRED,1.5087979927954884,0.4117965678826711,-22.275098252644604,US_STOCK,12.59179574160573,0.012658976874843315,42.02975048180816,-3.687045358452202,-1.585381932937194,0.16666666666666666,N20,0.012537296913025537,9,EXECUTION_STRESS,59,1.0,1.9205945606781594,-22.12227215071321,6,-9.252361990172872
0.9640076497878963,-9.368538198815966,R0_STATIC_REPAIRED,1.5087979927954884,0.4117965678826711,-20.075303706566547,US_STOCK,12.79104560950306,0.013057476610637976,42.296168053483186,-3.32041293410586,-1.2236753192724237,0.3333333333333333,N20,0.054383879909059143,9,EXECUTION_STRESS,97,1.0,1.9205945606781594,-19.92247760463516,6,-9.368538198815966
0.9050314364574366,-10.012360250159979,R0_STATIC_REPAIRED,3.378672638580088,0.4117965678826711,-19.23021568121036,US_STOCK,12.353705794009704,0.012749964190579246,42.937000555188,-3.375387626555056,-1.2003409487831016,0.3333333333333333,N20,0.05294949314895574,9,MAKER_PROMO_OFF,3,1.0,3.7904692064627588,-20.252325759330336,6,-10.012360250159979
0.5458357595426699,-8.865896884191804,R0_STATIC_REPAIRED,3.367076529003683,0.4117965678826711,-16.267822600902548,US_STOCK,12.034205794009706,0.012110964190579249,41.73321488746195,-2.919713764406577,-0.6301061724134263,0.3333333333333333,N20,0.06558883702743076,9,MAKER_PROMO_OFF,10,1.0,3.778873096886354,-17.51828258643946,6,-8.865896884191804
0.6070276082916556,-8.865896884191804,R0_STATIC_REPAIRED,3.5373217173289957,0.4117965678826711,-16.244598332550613,US_STOCK,12.034205794009706,0.012110964190579249,41.818989932461726,-2.9042262482365833,-0.46789877100670924,0.5,N20,0.059667356431155755,9,MAKER_PROMO_OFF,17,1.0,3.949118285211667,-17.4253574894195,6,-8.865896884191804
0.536469905995796,-8.971588991609346,R0_STATIC_REPAIRED,3.3506070196968074,0.4117965678826711,-16.741895524230756,US_STOCK,12.034205794009706,0.012259242346286389,42.338036556034986,-2.995981000076798,-0.8608188119546913,0.5,N20,0.0960577183371966,9,MAKER_PROMO_OFF,31,1.0,3.7624035875794783,-17.97588600046079,6,-8.971588991609346
1.0,-8.864616638307357,R0_STATIC_REPAIRED,3.3205608194576177,0.4117965678826711,-19.475400550189967,US_STOCK,12.034205794009704,0.012110964190579245,41.863522548837054,-3.482398542987895,-1.5506287553126161,0.16666666666666666,N20,0.030793405586880037,9,MAKER_PROMO_OFF,59,1.0,3.732357387340289,-20.89439125792737,6,-8.864616638307357
0.501941000253944,-8.621828810066747,R0_STATIC_REPAIRED,3.416656807113293,0.4117965678826711,-14.635728587937143,US_STOCK,12.034205794009704,0.012110964190579247,41.64275246500504,-2.6559614752639438,-0.41272111091184,0.5,N20,0.0774151647783259,9,MAKER_PROMO_OFF,97,1.0,3.828453374995964,-15.935768851583664,6,-8.621828810066747
0.5970514205291537,-9.640478740869966,R0_STATIC_REPAIRED,1.0603932306687076,0.4117965678826711,-18.169724322587314,US_STOCK,12.099255999547957,0.012468022314526308,42.937000555188,-2.812259165465985,-0.677149664071715,0.5,N20,0.1589463000159211,9,PRIMARY_ZERO_MAKER,3,1.0,1.4721897985513788,-16.87355499279591,6,-9.640478740869966
0.49365778186774023,-8.441602750099944,R0_STATIC_REPAIRED,1.006093888107857,0.4117965678826711,-15.261576339742916,US_STOCK,11.779755999547959,0.011829022314526313,41.73321488746195,-2.358508947397334,0.06359529319039531,0.5,N20,0.17745415040229576,9,PRIMARY_ZERO_MAKER,10,1.0,1.417890455990528,-14.151053684384003,6,-8.441602750099944
0.4320409303044002,-8.441602750099944,R0_STATIC_REPAIRED,1.0603932306687076,0.4117965678826711,-15.18410697392757,US_STOCK,11.779755999547959,0.011829022314526313,41.818989932461726,-2.314656274022695,-0.1353689129631454,0.5,N20,0.20075194055901677,9,PRIMARY_ZERO_MAKER,17,1.0,1.4721897985513788,-13.88793764413617,6,-8.441602750099944
0.4631503574842243,-8.552738215739327,R0_STATIC_REPAIRED,1.006093888107857,0.4117965678826711,-15.735649263071124,US_STOCK,11.779755999547959,0.011929953221283096,42.338036556034986,-2.4375211012853684,-0.5005139475542375,0.5,N20,0.21940603753906163,9,PRIMARY_ZERO_MAKER,31,1.0,1.417890455990528,-14.62512660771221,6,-8.552738215739327
1.0,-8.440322248115102,R0_STATIC_REPAIRED,1.0603932306687076,0.4117965678826711,-18.41490919156692,US_STOCK,11.779755999547959,0.011829022314526313,41.863522548837054,-2.9289553850859025,-0.9315588115080975,0.16666666666666666,N20,0.07825917427880683,9,PRIMARY_ZERO_MAKER,59,1.0,1.4721897985513788,-17.573732310515414,6,-8.440322248115102
0.5248428965510228,-8.14903105296693,R0_STATIC_REPAIRED,1.006093888107857,0.4117965678826711,-13.629482326777511,US_STOCK,11.779755999547959,0.011829022314526313,41.64275246500504,-2.0864932785697663,0.31194787510292016,0.6666666666666666,N20,0.18657755578310892,9,PRIMARY_ZERO_MAKER,97,0.96203647351747,1.417890455990528,-12.518959671418598,6,-8.14903105296693
1.0,3.5921992283934134,R1_CONTROLLER_FAITHFUL,0.08368039679999999,0.0,3.6758796251934136,KR_STOCK,0.0,0.0,0.0,3.5921992283934134,3.5921992283934134,1.0,L20,3.5921992283934134,1,EXECUTION_STRESS,3,1.0,0.08368039679999999,3.5921992283934134,1,3.5921992283934134
1.0,6.075044764748835,R1_CONTROLLER_FAITHFUL,0.08368039679999999,0.0,6.158725161548835,KR_STOCK,0.0,0.0,0.0,6.075044764748835,6.075044764748835,1.0,L20,6.075044764748835,1,EXECUTION_STRESS,10,1.0,0.08368039679999999,6.075044764748835,1,6.075044764748835
1.0,4.75086047869261,R1_CONTROLLER_FAITHFUL,0.08368039679999999,0.0,4.8345408754926105,KR_STOCK,0.0,0.0,0.0,4.75086047869261,4.75086047869261,1.0,L20,4.75086047869261,1,EXECUTION_STRESS,17,1.0,0.08368039679999999,4.75086047869261,1,4.75086047869261
1.0,3.5921992283934134,R1_CONTROLLER_FAITHFUL,0.08368039679999999,0.0,3.6758796251934136,KR_STOCK,0.0,0.0,0.0,3.5921992283934134,3.5921992283934134,1.0,L20,3.5921992283934134,1,EXECUTION_STRESS,31,1.0,0.08368039679999999,3.5921992283934134,1,3.5921992283934134
1.0,4.75086047869261,R1_CONTROLLER_FAITHFUL,0.08368039679999999,0.0,4.8345408754926105,KR_STOCK,0.0,0.0,0.0,4.75086047869261,4.75086047869261,1.0,L20,4.75086047869261,1,EXECUTION_STRESS,59,1.0,0.08368039679999999,4.75086047869261,1,4.75086047869261
1.0,3.5921992283934134,R1_CONTROLLER_FAITHFUL,0.08368039679999999,0.0,3.6758796251934136,KR_STOCK,0.0,0.0,0.0,3.5921992283934134,3.5921992283934134,1.0,L20,3.5921992283934134,1,EXECUTION_STRESS,97,1.0,0.08368039679999999,3.5921992283934134,1,3.5921992283934134
1.0,9.38266021786438,R1_CONTROLLER_FAITHFUL,0.4175717303390728,0.0,9.800231948203454,KR_STOCK,0.0,0.0,0.0,9.38266021786438,9.38266021786438,1.0,L20,9.38266021786438,1,MAKER_PROMO_OFF,3,1.0,0.4175717303390728,9.38266021786438,1,9.38266021786438
1.0,9.38266021786438,R1_CONTROLLER_FAITHFUL,0.4175717303390728,0.0,9.800231948203454,KR_STOCK,0.0,0.0,0.0,9.38266021786438,9.38266021786438,1.0,L20,9.38266021786438,1,MAKER_PROMO_OFF,10,1.0,0.4175717303390728,9.38266021786438,1,9.38266021786438
1.0,9.38266021786438,R1_CONTROLLER_FAITHFUL,0.4175717303390728,0.0,9.800231948203454,KR_STOCK,0.0,0.0,0.0,9.38266021786438,9.38266021786438,1.0,L20,9.38266021786438,1,MAKER_PROMO_OFF,17,1.0,0.4175717303390728,9.38266021786438,1,9.38266021786438
1.0,9.38266021786438,R1_CONTROLLER_FAITHFUL,0.4175717303390728,0.0,9.800231948203454,KR_STOCK,0.0,0.0,0.0,9.38266021786438,9.38266021786438,1.0,L20,9.38266021786438,1,MAKER_PROMO_OFF,31,1.0,0.4175717303390728,9.38266021786438,1,9.38266021786438
1.0,6.9958330307060415,R1_CONTROLLER_FAITHFUL,0.321553381141991,0.0,7.317386411848032,KR_STOCK,0.0,0.0,0.0,6.9958330307060415,6.9958330307060415,1.0,L20,6.9958330307060415,1,MAKER_PROMO_OFF,59,1.0,0.321553381141991,6.9958330307060415,1,6.9958330307060415
1.0,6.9958330307060415,R1_CONTROLLER_FAITHFUL,0.321553381141991,0.0,7.317386411848032,KR_STOCK,0.0,0.0,0.0,6.9958330307060415,6.9958330307060415,1.0,L20,6.9958330307060415,1,MAKER_PROMO_OFF,97,1.0,0.321553381141991,6.9958330307060415,1,6.9958330307060415
1.0,9.744445017003454,R1_CONTROLLER_FAITHFUL,0.055786931199999994,0.0,9.800231948203454,KR_STOCK,0.0,0.0,0.0,9.744445017003454,9.744445017003454,1.0,L20,9.744445017003454,1,PRIMARY_ZERO_MAKER,3,1.0,0.055786931199999994,9.744445017003454,1,9.744445017003454
1.0,9.744445017003454,R1_CONTROLLER_FAITHFUL,0.055786931199999994,0.0,9.800231948203454,KR_STOCK,0.0,0.0,0.0,9.744445017003454,9.744445017003454,1.0,L20,9.744445017003454,1,PRIMARY_ZERO_MAKER,10,1.0,0.055786931199999994,9.744445017003454,1,9.744445017003454
1.0,9.744445017003454,R1_CONTROLLER_FAITHFUL,0.055786931199999994,0.0,9.800231948203454,KR_STOCK,0.0,0.0,0.0,9.744445017003454,9.744445017003454,1.0,L20,9.744445017003454,1,PRIMARY_ZERO_MAKER,17,1.0,0.055786931199999994,9.744445017003454,1,9.744445017003454
1.0,9.744445017003454,R1_CONTROLLER_FAITHFUL,0.055786931199999994,0.0,9.800231948203454,KR_STOCK,0.0,0.0,0.0,9.744445017003454,9.744445017003454,1.0,L20,9.744445017003454,1,PRIMARY_ZERO_MAKER,31,1.0,0.055786931199999994,9.744445017003454,1,9.744445017003454
1.0,7.261599480648032,R1_CONTROLLER_FAITHFUL,0.055786931199999994,0.0,7.317386411848032,KR_STOCK,0.0,0.0,0.0,7.261599480648032,7.261599480648032,1.0,L20,7.261599480648032,1,PRIMARY_ZERO_MAKER,59,1.0,0.055786931199999994,7.261599480648032,1,7.261599480648032
1.0,7.261599480648032,R1_CONTROLLER_FAITHFUL,0.055786931199999994,0.0,7.317386411848032,KR_STOCK,0.0,0.0,0.0,7.261599480648032,7.261599480648032,1.0,L20,7.261599480648032,1,PRIMARY_ZERO_MAKER,97,1.0,0.055786931199999994,7.261599480648032,1,7.261599480648032
1.0,1.809375954627634,R1_CONTROLLER_FAITHFUL,0.08593160509860102,0.0,1.832929810691235,KR_STOCK,0.0,0.0,0.4435818166168397,1.809375954627634,1.809375954627634,1.0,N20,1.809375954627634,1,EXECUTION_STRESS,3,1.0,0.08593160509860102,1.809375954627634,1,1.809375954627634
1.0,4.4577445267400835,R1_CONTROLLER_FAITHFUL,0.08593160509860102,0.0,4.4812983828036845,KR_STOCK,0.0,0.0,0.26161744437594703,4.4577445267400835,4.4577445267400835,1.0,N20,4.4577445267400835,1,EXECUTION_STRESS,10,1.0,0.08593160509860102,4.4577445267400835,1,4.4577445267400835
1.0,1.809375954627634,R1_CONTROLLER_FAITHFUL,0.08593160509860102,0.0,1.832929810691235,KR_STOCK,0.0,0.0,0.4435818166168397,1.809375954627634,1.809375954627634,1.0,N20,1.809375954627634,1,EXECUTION_STRESS,17,1.0,0.08593160509860102,1.809375954627634,1,1.809375954627634
1.0,1.809375954627634,R1_CONTROLLER_FAITHFUL,0.08593160509860102,0.0,1.832929810691235,KR_STOCK,0.0,0.0,0.4435818166168397,1.809375954627634,1.809375954627634,1.0,N20,1.809375954627634,1,EXECUTION_STRESS,31,1.0,0.08593160509860102,1.809375954627634,1,1.809375954627634
1.0,2.968037204926831,R1_CONTROLLER_FAITHFUL,0.08593160509860102,0.0,2.991591060990432,KR_STOCK,0.0,0.0,0.3400926356633803,2.968037204926831,2.968037204926831,1.0,N20,2.968037204926831,1,EXECUTION_STRESS,59,1.0,0.08593160509860102,2.968037204926831,1,2.968037204926831
1.0,2.968037204926831,R1_CONTROLLER_FAITHFUL,0.08593160509860102,0.0,2.991591060990432,KR_STOCK,0.0,0.0,0.3400926356633803,2.968037204926831,2.968037204926831,1.0,N20,2.968037204926831,1,EXECUTION_STRESS,97,1.0,0.08593160509860102,2.968037204926831,1,2.968037204926831
1.0,6.556272990532208,R1_CONTROLLER_FAITHFUL,0.41901539099692753,0.0,6.912910632494135,KR_STOCK,0.0,0.0,0.19251595483845774,6.556272990532208,6.556272990532208,1.0,N20,6.556272990532208,1,MAKER_PROMO_OFF,3,1.0,0.41901539099692753,6.556272990532208,1,6.556272990532208
1.0,6.556272990532208,R1_CONTROLLER_FAITHFUL,0.41901539099692753,0.0,6.912910632494135,KR_STOCK,0.0,0.0,0.19251595483845774,6.556272990532208,6.556272990532208,1.0,N20,6.556272990532208,1,MAKER_PROMO_OFF,10,1.0,0.41901539099692753,6.556272990532208,1,6.556272990532208
1.0,6.556272990532208,R1_CONTROLLER_FAITHFUL,0.41901539099692753,0.0,6.912910632494135,KR_STOCK,0.0,0.0,0.19251595483845774,6.556272990532208,6.556272990532208,1.0,N20,6.556272990532208,1,MAKER_PROMO_OFF,17,1.0,0.41901539099692753,6.556272990532208,1,6.556272990532208
1.0,6.556272990532208,R1_CONTROLLER_FAITHFUL,0.41901539099692753,0.0,6.912910632494135,KR_STOCK,0.0,0.0,0.19251595483845774,6.556272990532208,6.556272990532208,1.0,N20,6.556272990532208,1,MAKER_PROMO_OFF,31,1.0,0.41901539099692753,6.556272990532208,1,6.556272990532208
1.0,4.1694458033738675,R1_CONTROLLER_FAITHFUL,0.32299704179984573,0.0,4.430065096138713,KR_STOCK,0.0,0.0,0.2685014185149363,4.1694458033738675,4.1694458033738675,1.0,N20,4.1694458033738675,1,MAKER_PROMO_OFF,59,1.0,0.32299704179984573,4.1694458033738675,1,4.1694458033738675
1.0,4.1694458033738675,R1_CONTROLLER_FAITHFUL,0.32299704179984573,0.0,4.430065096138713,KR_STOCK,0.0,0.0,0.2685014185149363,4.1694458033738675,4.1694458033738675,1.0,N20,4.1694458033738675,1,MAKER_PROMO_OFF,97,1.0,0.32299704179984573,4.1694458033738675,1,4.1694458033738675
1.0,6.975231236654606,R1_CONTROLLER_FAITHFUL,0.05720201942058163,0.0,6.970055507040188,KR_STOCK,0.0,0.0,0.19251595483845774,6.975231236654606,6.975231236654606,1.0,N20,6.975231236654606,1,PRIMARY_ZERO_MAKER,3,1.0,0.05720201942058163,6.975231236654606,1,6.975231236654606
1.0,6.975231236654606,R1_CONTROLLER_FAITHFUL,0.05720201942058163,0.0,6.970055507040188,KR_STOCK,0.0,0.0,0.19251595483845774,6.975231236654606,6.975231236654606,1.0,N20,6.975231236654606,1,PRIMARY_ZERO_MAKER,10,1.0,0.05720201942058163,6.975231236654606,1,6.975231236654606
1.0,6.975231236654606,R1_CONTROLLER_FAITHFUL,0.05720201942058163,0.0,6.970055507040188,KR_STOCK,0.0,0.0,0.19251595483845774,6.975231236654606,6.975231236654606,1.0,N20,6.975231236654606,1,PRIMARY_ZERO_MAKER,17,1.0,0.05720201942058163,6.975231236654606,1,6.975231236654606
1.0,6.975231236654606,R1_CONTROLLER_FAITHFUL,0.05720201942058163,0.0,6.970055507040188,KR_STOCK,0.0,0.0,0.19251595483845774,6.975231236654606,6.975231236654606,1.0,N20,6.975231236654606,1,PRIMARY_ZERO_MAKER,31,1.0,0.05720201942058163,6.975231236654606,1,6.975231236654606
1.0,4.492385700299183,R1_CONTROLLER_FAITHFUL,0.05720201942058163,0.0,4.487209970684765,KR_STOCK,0.0,0.0,0.2685014185149363,4.492385700299183,4.492385700299183,1.0,N20,4.492385700299183,1,PRIMARY_ZERO_MAKER,59,1.0,0.05720201942058163,4.492385700299183,1,4.492385700299183
1.0,4.492385700299183,R1_CONTROLLER_FAITHFUL,0.05720201942058163,0.0,4.487209970684765,KR_STOCK,0.0,0.0,0.2685014185149363,4.492385700299183,4.492385700299183,1.0,N20,4.492385700299183,1,PRIMARY_ZERO_MAKER,97,1.0,0.05720201942058163,4.492385700299183,1,4.492385700299183
1.0,-1.059059115093627,R1_CONTROLLER_FAITHFUL,0.05902642025460594,0.0,-1.000032694839021,US_LEVERAGED_ETF,1.059059115093627,0.0042362364603745085,1.9127496576219547,-1.059059115093627,-1.059059115093627,0.0,N100,0.0,1,EXECUTION_STRESS,3,1.0,0.05902642025460594,-1.059059115093627,1,-1.059059115093627
1.0,-1.0444055750083074,R1_CONTROLLER_FAITHFUL,0.05902642025460594,0.0,-0.9853791547537014,US_LEVERAGED_ETF,1.0444055750083074,0.00417762230003323,1.8814040177703,-1.0444055750083074,-1.0444055750083074,0.0,N100,0.0,1,EXECUTION_STRESS,10,1.0,0.05902642025460594,-1.0444055750083074,1,-1.0444055750083074
1.0,-1.1515316521163363,R1_CONTROLLER_FAITHFUL,0.05902642025460594,0.0,-1.0925052318617303,US_LEVERAGED_ETF,1.1515316521163363,0.004606126608465345,2.137483258397048,-1.1515316521163363,-1.1515316521163363,0.0,N100,0.0,1,EXECUTION_STRESS,17,1.0,0.05902642025460594,-1.1515316521163363,1,-1.1515316521163363
1.0,-1.1054968644841519,R1_CONTROLLER_FAITHFUL,0.05902642025460594,0.0,-1.0464704442295458,US_LEVERAGED_ETF,1.1054968644841519,0.0044219874579366075,2.0193698720410667,-1.1054968644841519,-1.1054968644841519,0.0,N100,0.0,1,EXECUTION_STRESS,31,1.0,0.05902642025460594,-1.1054968644841519,1,-1.1054968644841519
1.0,-1.0817116305608974,R1_CONTROLLER_FAITHFUL,0.05902642025460594,0.0,-1.0226852103062913,US_LEVERAGED_ETF,1.0817116305608974,0.004326846522243589,1.9633157151095355,-1.0817116305608974,-1.0817116305608974,0.0,N100,0.0,1,EXECUTION_STRESS,59,1.0,0.05902642025460594,-1.0817116305608974,1,-1.0817116305608974
1.0,-1.036614102596814,R1_CONTROLLER_FAITHFUL,0.05902642025460594,0.0,-0.977587682342208,US_LEVERAGED_ETF,1.036614102596814,0.004146456410387256,1.8652695683964853,-1.036614102596814,-1.036614102596814,0.0,N100,0.0,1,EXECUTION_STRESS,97,1.0,0.05902642025460594,-1.036614102596814,1,-1.036614102596814
1.0,-0.4789914209570506,R1_CONTROLLER_FAITHFUL,0.03941012119254892,0.0,-0.43958129976450167,US_LEVERAGED_ETF,0.4789914209570506,0.0019159656838282023,1.2729078333539778,-0.4789914209570506,-0.4789914209570506,0.0,N100,0.0,1,PRIMARY_ZERO_MAKER,3,1.0,0.03941012119254892,-0.4789914209570506,1,-0.4789914209570506
1.0,-0.44510095497555147,R1_CONTROLLER_FAITHFUL,0.03941012119254892,0.0,-0.4056908337830025,US_LEVERAGED_ETF,0.44510095497555147,0.0017804038199022059,1.241082744884091,-0.44510095497555147,-0.44510095497555147,0.0,N100,0.0,1,PRIMARY_ZERO_MAKER,10,1.0,0.03941012119254892,-0.44510095497555147,1,-0.44510095497555147
1.0,-0.4885787408243635,R1_CONTROLLER_FAITHFUL,0.03941012119254892,0.0,-0.44916861963181454,US_LEVERAGED_ETF,0.4885787408243635,0.001954314963297454,1.2822092147510988,-0.4885787408243635,-0.4885787408243635,0.0,N100,0.0,1,PRIMARY_ZERO_MAKER,17,1.0,0.03941012119254892,-0.4885787408243635,1,-0.4885787408243635
1.0,-0.5606641095337036,R1_CONTROLLER_FAITHFUL,0.03941012119254892,0.0,-0.5212539883411547,US_LEVERAGED_ETF,0.5606641095337036,0.0022426564381348144,1.3567511382384245,-0.5606641095337036,-0.5606641095337036,0.0,N100,0.0,1,PRIMARY_ZERO_MAKER,31,1.0,0.03941012119254892,-0.5606641095337036,1,-0.5606641095337036
1.0,-0.43090842745806446,R1_CONTROLLER_FAITHFUL,0.03941012119254892,0.0,-0.3914983062655155,US_LEVERAGED_ETF,0.43090842745806446,0.0017236337098322579,1.2282230076772123,-0.43090842745806446,-0.43090842745806446,0.0,N100,0.0,1,PRIMARY_ZERO_MAKER,59,1.0,0.03941012119254892,-0.43090842745806446,1,-0.43090842745806446
1.0,-0.4442116432938922,R1_CONTROLLER_FAITHFUL,0.03941012119254892,0.0,-0.40480152210134324,US_LEVERAGED_ETF,0.4442116432938922,0.0017768465731755688,1.2402690435624253,-0.4442116432938922,-0.4442116432938922,0.0,N100,0.0,1,PRIMARY_ZERO_MAKER,97,1.0,0.03941012119254892,-0.4442116432938922,1,-0.4442116432938922
1.0,-1.6309772432570386,R1_CONTROLLER_FAITHFUL,0.27640841489831525,0.009273136752,-1.8449853151634885,US_LEVERAGED_ETF,1.6309772432570386,0.006523908973028155,1.11704347950329,-1.0581888285989018,-1.0581888285989018,0.0,N20,0.0,2,EXECUTION_STRESS,3,1.0,0.2856815516503153,-2.1163776571978037,2,-1.6309772432570386
1.0,-1.6309772432570386,R1_CONTROLLER_FAITHFUL,0.27640841489831525,0.009273136752,-0.014750968656603636,US_LEVERAGED_ETF,1.6309772432570386,0.006523908973028155,0.896540395751577,-0.1430716553454594,-0.1430716553454594,0.5,N20,0.8245571408957891,2,EXECUTION_STRESS,10,1.0,0.2856815516503153,-0.2861433106909188,2,-1.6309772432570386
1.0,-1.0610482049644565,R1_CONTROLLER_FAITHFUL,0.27640841489831525,0.009273136752,0.5551780696359785,US_LEVERAGED_ETF,1.0610482049644565,0.004244192819857826,0.8245860018785744,0.14189286380083166,0.14189286380083166,0.5,N20,1.2674579027360682,2,EXECUTION_STRESS,17,1.0,0.2856815516503153,0.2837857276016633,2,-1.0610482049644565
1.0,-0.44925964903643134,R1_CONTROLLER_FAITHFUL,0.37173300739462506,0.02065889238378852,1.293147551846431,US_LEVERAGED_ETF,0.5436475200260015,0.002174590080104006,0.7489167361948532,0.4575224308420087,0.4575224308420087,0.5,N20,3.036783992612287,2,EXECUTION_STRESS,31,1.0,0.3923918997784136,0.9150448616840174,2,-0.44925964903643134
1.0,-1.0610482049644565,R1_CONTROLLER_FAITHFUL,0.27640841489831525,0.009273136752,0.5551780696359785,US_LEVERAGED_ETF,1.0610482049644565,0.004244192819857826,0.8245860018785744,0.14189286380083166,0.14189286380083166,0.5,N20,1.2674579027360682,2,EXECUTION_STRESS,59,1.0,0.2856815516503153,0.2837857276016633,2,-1.0610482049644565
1.0,-1.0610482049644565,R1_CONTROLLER_FAITHFUL,0.27640841489831525,0.009273136752,1.1782365705744926,US_LEVERAGED_ETF,1.0610482049644565,0.004244192819857826,0.7870462187595832,0.4534221142700887,0.4534221142700887,0.5,N20,1.8546682651148307,2,EXECUTION_STRESS,97,1.0,0.2856815516503153,0.9068442285401774,2,-1.0610482049644565
1.0,-1.545145210876115,R1_CONTROLLER_FAITHFUL,0.5605737833131338,0.009273136752,-0.8731748503251593,US_LEVERAGED_ETF,1.545145210876115,0.00618058084350446,1.0151532635176814,-0.7143662803871464,-0.7143662803871464,0.5,N20,0.0753409124802029,2,MAKER_PROMO_OFF,3,1.0,0.5698469200651338,-1.428732560774293,2,-1.545145210876115
1.0,-1.545145210876115,R1_CONTROLLER_FAITHFUL,0.641353552039821,0.009273136752,0.9765300743360541,US_LEVERAGED_ETF,1.545145210876115,0.00618058084350446,0.8590006126325858,0.17009629758011657,0.17009629758011657,0.5,N20,1.2201686888492118,2,MAKER_PROMO_OFF,10,1.0,0.6506266887918211,0.34019259516023315,2,-1.545145210876115
1.0,-0.4032829334871,R1_CONTROLLER_FAITHFUL,0.9033159617784328,0.02065889238378852,2.3917405170954695,US_LEVERAGED_ETF,0.5121507854752171,0.002048603141900868,0.7127145896323082,0.7410274362746241,0.7410274362746241,0.5,N20,4.674975431601435,2,MAKER_PROMO_OFF,17,1.0,0.9239748541622212,1.4820548725492482,2,-0.4032829334871
1.0,-0.4032829334871,R1_CONTROLLER_FAITHFUL,0.9033159617784328,0.02065889238378852,2.3917405170954695,US_LEVERAGED_ETF,0.5121507854752171,0.002048603141900868,0.7127145896323082,0.7410274362746241,0.7410274362746241,0.5,N20,4.674975431601435,2,MAKER_PROMO_OFF,31,1.0,0.9239748541622212,1.4820548725492482,2,-0.4032829334871
1.0,-0.9972568692821528,R1_CONTROLLER_FAITHFUL,0.6633942487384414,0.009273136752,1.5464591126286367,US_LEVERAGED_ETF,0.9972568692821528,0.003989027477128612,0.7870462187595832,0.44404046837709765,0.44404046837709765,0.5,N20,1.8905237598347708,2,MAKER_PROMO_OFF,59,1.0,0.6726673854904415,0.8880809367541953,2,-0.9972568692821528
1.0,-0.4032829334871,R1_CONTROLLER_FAITHFUL,0.9033159617784328,0.02065889238378852,2.3917405170954695,US_LEVERAGED_ETF,0.5121507854752171,0.002048603141900868,0.7127145896323082,0.7410274362746241,0.7410274362746241,0.5,N20,4.674975431601435,2,MAKER_PROMO_OFF,97,1.0,0.9239748541622212,1.4820548725492482,2,-0.4032829334871
1.0,-1.2050435597687352,R1_CONTROLLER_FAITHFUL,0.18417567325581058,0.009273136752,-0.6890635792979967,US_LEVERAGED_ETF,1.2050435597687352,0.004820174239074941,1.0151532635176814,-0.43411158984490367,-0.43411158984490367,0.5,N20,0.27950888359883724,2,PRIMARY_ZERO_MAKER,3,1.0,0.19344881000781058,-0.8682231796898073,2,-1.2050435597687352
1.0,-1.2050435597687352,R1_CONTROLLER_FAITHFUL,0.18417567325581058,0.009273136752,1.1606413453632167,US_LEVERAGED_ETF,1.2050435597687352,0.004820174239074941,0.8590006126325858,0.490740872485703,0.490740872485703,0.5,N20,1.814478229450698,2,PRIMARY_ZERO_MAKER,10,1.0,0.19344881000781058,0.981481744971406,2,-1.2050435597687352
0.9166886842533299,0.19871773610870597,R1_CONTROLLER_FAITHFUL,0.24763031471137573,0.02065889238378852,2.6392430383280114,US_LEVERAGED_ETF,0.3343212959057322,0.0013372851836229286,0.7127145896323082,1.1926215204244235,1.1926215204244235,1.0,N20,2.385243040848847,2,PRIMARY_ZERO_MAKER,17,1.0,0.26828920709516424,2.385243040848847,2,0.19871773610870597
0.9166886842533299,0.19871773610870597,R1_CONTROLLER_FAITHFUL,0.24763031471137573,0.02065889238378852,2.6392430383280114,US_LEVERAGED_ETF,0.3343212959057322,0.0013372851836229286,0.7127145896323082,1.1926215204244235,1.1926215204244235,1.0,N20,2.385243040848847,2,PRIMARY_ZERO_MAKER,31,1.0,0.26828920709516424,2.385243040848847,2,0.19871773610870597
1.0,-0.6351145214761525,R1_CONTROLLER_FAITHFUL,0.18417567325581058,0.009273136752,1.7305703836557993,US_LEVERAGED_ETF,0.6351145214761525,0.00254045808590461,0.7870462187595832,0.7757053916319943,0.7757053916319943,0.5,N20,3.442726045151908,2,PRIMARY_ZERO_MAKER,59,1.0,0.19344881000781058,1.5514107832639885,2,-0.6351145214761525
0.9166886842533299,0.19871773610870597,R1_CONTROLLER_FAITHFUL,0.24763031471137573,0.02065889238378852,2.6392430383280114,US_LEVERAGED_ETF,0.3343212959057322,0.0013372851836229286,0.7127145896323082,1.1926215204244235,1.1926215204244235,1.0,N20,2.385243040848847,2,PRIMARY_ZERO_MAKER,97,1.0,0.26828920709516424,2.385243040848847,2,0.19871773610870597
1.0,-3.085639921867319,R1_CONTROLLER_FAITHFUL,0.2901265448512629,0.1025895190056462,-8.004473280896377,US_STOCK,3.085639921867319,0.006171279843734638,9.982978380228507,-2.7716993651613477,-3.0051635075856353,0.0,N100,0.0,3,EXECUTION_STRESS,3,1.0,0.3927160638569091,-8.315098095484043,3,-3.085639921867319
1.0,-3.0831767820291316,R1_CONTROLLER_FAITHFUL,0.2901265448512629,0.1025895190056462,-7.963499652100976,US_STOCK,3.0831767820291316,0.006166353564058263,9.741439556158959,-2.758041488896214,-2.968607545638407,0.0,N100,0.0,3,EXECUTION_STRESS,10,1.0,0.3927160638569091,-8.274124466688642,3,-3.0831767820291316
1.0,-3.1078037485212806,R1_CONTROLLER_FAITHFUL,0.2901265448512629,0.1025895190056462,-7.902064124702001,US_STOCK,3.1078037485212806,0.006215607497042561,11.48961602921939,-2.737562979763222,-2.9319773335425845,0.0,N100,0.0,3,EXECUTION_STRESS,17,1.0,0.3927160638569091,-8.212688939289666,3,-3.1078037485212806
1.0,-3.059246675642974,R1_CONTROLLER_FAITHFUL,0.2901265448512629,0.1025895190056462,-7.983530990435613,US_STOCK,3.059246675642974,0.006118493351285948,9.782238163956354,-2.764718601674426,-3.0011940860954276,0.0,N100,0.0,3,EXECUTION_STRESS,31,1.0,0.3927160638569091,-8.294155805023278,3,-3.059246675642974
1.0,-3.083626930566345,R1_CONTROLLER_FAITHFUL,0.2901265448512629,0.09785610988335008,-8.020659856298238,US_STOCK,3.083626930566345,0.0061672538611326905,9.869298723216835,-2.7755170872545354,-3.0241442182270237,0.0,N100,0.0,3,EXECUTION_STRESS,59,1.0,0.387982654734613,-8.326551261763607,3,-3.083626930566345
1.0,-3.2293461282736464,R1_CONTROLLER_FAITHFUL,0.2901265448512629,0.1025895190056462,-8.231341585749075,US_STOCK,3.2293461282736464,0.006458692256547293,10.417388106192531,-2.8473221334455796,-3.0845551011691765,0.0,N100,0.0,3,EXECUTION_STRESS,97,1.0,0.3927160638569091,-8.541966400336738,3,-3.2293461282736464
1.0,-2.824968062912814,R1_CONTROLLER_FAITHFUL,0.1935264303316101,0.1025895190056462,-6.888374844401796,US_STOCK,2.824968062912814,0.005649936125825628,7.212190103831532,-2.3674665148232696,-2.4686875788596536,0.0,N100,0.0,3,PRIMARY_ZERO_MAKER,3,1.0,0.2961159493372563,-7.102399544469809,3,-2.824968062912814
1.0,-2.824968062912814,R1_CONTROLLER_FAITHFUL,0.1935264303316101,0.1025895190056462,-6.94395418494878,US_STOCK,2.824968062912814,0.005649936125825628,7.26566126814032,-2.385992961672264,-2.5160659632843503,0.0,N100,0.0,3,PRIMARY_ZERO_MAKER,10,1.0,0.2961159493372563,-7.157978885016792,3,-2.824968062912814
1.0,-2.8491543375401096,R1_CONTROLLER_FAITHFUL,0.1935264303316101,0.1025895190056462,-6.9298169310544395,US_STOCK,2.8491543375401096,0.005698308675080219,8.115596851741524,-2.381280543707484,-2.4555947201363137,0.0,N100,0.0,3,PRIMARY_ZERO_MAKER,17,1.0,0.2961159493372563,-7.143841631122452,3,-2.8491543375401096
1.0,-2.848124158129987,R1_CONTROLLER_FAITHFUL,0.1935264303316101,0.1025895190056462,-6.917177419814049,US_STOCK,2.848124158129987,0.005696248316259974,8.05971279937085,-2.3770673732940204,-2.4286408508885007,0.0,N100,0.0,3,PRIMARY_ZERO_MAKER,31,1.0,0.2961159493372563,-7.131202119882062,3,-2.848124158129987
1.0,-2.800597264661803,R1_CONTROLLER_FAITHFUL,0.1935264303316101,0.1025895190056462,-6.934626896209311,US_STOCK,2.800597264661803,0.005601194529323606,6.596863036934977,-2.3828838654257742,-2.4269624545932196,0.0,N100,0.0,3,PRIMARY_ZERO_MAKER,59,1.0,0.2961159493372563,-7.148651596277323,3,-2.800597264661803
1.0,-2.823689261918595,R1_CONTROLLER_FAITHFUL,0.1935264303316101,0.1025895190056462,-6.938244031500662,US_STOCK,2.823689261918595,0.00564737852383719,8.077648726836532,-2.3840895771895583,-2.509707558427233,0.0,N100,0.0,3,PRIMARY_ZERO_MAKER,97,1.0,0.2961159493372563,-7.152268731568674,3,-2.823689261918595
1.0,-10.452518482927736,R1_CONTROLLER_FAITHFUL,1.726476628481057,0.4117965678826711,-23.48040417467824,US_STOCK,10.452518482927736,0.011686042239533,42.040034120711965,-3.808386373783198,-2.215962663035368,0.16666666666666666,N20,0.06165256821534823,9,EXECUTION_STRESS,3,1.0,2.138273196363728,-22.85031824269919,6,-10.452518482927736
0.9640076497878963,-9.253642492157715,R1_CONTROLLER_FAITHFUL,1.6449055631704883,0.4117965678826711,-17.290428246330308,US_STOCK,9.253642492157715,0.011317274452013429,41.295458250536896,-2.8789516191289866,-1.2236753192724241,0.3333333333333333,N20,0.06220441837458613,9,EXECUTION_STRESS,10,1.0,2.0567021310531595,-17.27370971477392,6,-9.253642492157715
0.5826255581402326,-9.253642492157715,R1_CONTROLLER_FAITHFUL,1.6449055631704883,0.4117965678826711,-17.74452230517135,US_STOCK,9.253642492157715,0.011317274452013429,41.31919653928462,-2.878801887479178,-0.8931530929949661,0.3333333333333333,N20,0.06439997389662448,9,EXECUTION_STRESS,17,1.0,2.0567021310531595,-17.272811324875068,6,-9.253642492157715
1.0,-10.452518482927736,R1_CONTROLLER_FAITHFUL,1.6449055631704883,0.4117965678826711,-22.46914472485272,US_STOCK,10.452518482927736,0.011686042239533,41.832043564501255,-3.666238957426072,-2.1183067862945153,0.16666666666666666,N20,0.04781125819029006,9,EXECUTION_STRESS,31,1.0,2.0567021310531595,-21.99743374455643,6,-10.452518482927736
1.0,-9.252361990172872,R1_CONTROLLER_FAITHFUL,1.6449055631704883,0.4117965678826711,-20.595958341914585,US_STOCK,9.252361990172872,0.011317274452013429,41.60345195688794,-3.429873301726366,-1.585381932937194,0.16666666666666666,N20,0.013464686568359094,9,EXECUTION_STRESS,59,1.0,2.0567021310531595,-20.579239810358196,6,-9.252361990172872
0.9640076497878963,-9.252361990172872,R1_CONTROLLER_FAITHFUL,1.6449055631704883,0.4117965678826711,-18.319375737468377,US_STOCK,9.368538198815966,0.011686042239533,41.32386976263856,-3.0504428676519972,-1.2236753192724237,0.3333333333333333,N20,0.05891340317114756,9,EXECUTION_STRESS,97,1.0,2.0567021310531595,-18.302657205911984,6,-9.252361990172872
0.9050314364574366,-10.012360250159979,R1_CONTROLLER_FAITHFUL,3.7033495458115624,0.4117965678826711,-17.37005157048037,US_STOCK,10.012360250159979,0.01121340109230013,41.967424849248886,-3.1194730926386374,-1.2003409487831016,0.3333333333333333,N20,0.05704555237572991,9,MAKER_PROMO_OFF,3,1.0,4.115146113694234,-18.716838555831824,6,-10.012360250159979
0.5458357595426699,-8.865896884191804,R1_CONTROLLER_FAITHFUL,3.731104033843221,0.4117965678826711,-13.704349601453893,US_STOCK,8.865896884191804,0.010842837881085449,41.28888487445905,-2.553139515305057,-0.6301061724134263,0.3333333333333333,N20,0.07430619129452903,9,MAKER_PROMO_OFF,10,1.0,4.142900601725892,-15.318837091830343,6,-8.865896884191804
0.6070276082916556,-8.865896884191804,R1_CONTROLLER_FAITHFUL,3.9013492221685335,0.4117965678826711,-13.68112533310196,US_STOCK,8.865896884191804,0.010842837881085449,41.37465991945882,-2.537651999135064,-0.46789877100670924,0.5,N20,0.06770300564025054,9,MAKER_PROMO_OFF,17,1.0,4.3131457900512045,-15.225911994810383,6,-8.865896884191804
0.536469905995796,-8.865896884191804,R1_CONTROLLER_FAITHFUL,3.675283926928282,0.4117965678826711,-14.881731413500766,US_STOCK,8.971588991609346,0.01121340109230013,41.368460850095865,-2.7400664661603797,-0.8608188119546913,0.5,N20,0.10409534652630403,9,MAKER_PROMO_OFF,31,1.0,4.087080494810953,-16.440398796962278,6,-8.865896884191804
1.0,-8.864616638307357,R1_CONTROLLER_FAITHFUL,3.6452377266890927,0.4117965678826711,-17.615236439459974,US_STOCK,8.864616638307357,0.010842837881085449,41.43722402391683,-3.2264840090714757,-1.5506287553126161,0.16666666666666666,N20,0.03315486275911226,9,MAKER_PROMO_OFF,59,1.0,4.057034294571764,-19.358904054428855,6,-8.864616638307357
0.501941000253944,-7.71815327233918,R1_CONTROLLER_FAITHFUL,3.748742713497626,0.4117965678826711,-12.698776418838998,US_STOCK,8.621828810066747,0.010842837881085449,41.214207302445224,-2.388483764811642,-0.41272111091184,0.5,N20,0.08534471934574477,9,MAKER_PROMO_OFF,97,1.0,4.160539281380297,-14.330902588869852,6,-7.71815327233918
0.5970514205291537,-9.640478740869966,R1_CONTROLLER_FAITHFUL,1.1509958427687077,0.4117965678826711,-16.219048111857287,US_STOCK,9.640478740869966,0.010722352207499595,41.967424849248886,-2.5022468990276474,-0.677149664071715,0.5,N20,0.17518882991975432,9,PRIMARY_ZERO_MAKER,3,1.0,1.5627924106513789,-15.013481394165884,6,-9.640478740869966
0.49365778186774023,-8.441602750099944,R1_CONTROLLER_FAITHFUL,1.096696500207857,0.4117965678826711,-12.607591240294225,US_STOCK,8.441602750099944,0.010523149528214893,41.28888487445905,-1.9312785328392186,0.06359529319039531,0.5,N20,0.20852413837333314,9,PRIMARY_ZERO_MAKER,10,1.0,1.5084930680905282,-11.587671197035311,6,-8.441602750099944
0.4320409303044002,-8.441602750099944,R1_CONTROLLER_FAITHFUL,1.1509958427687077,0.4117965678826711,-12.530121874478876,US_STOCK,8.441602750099944,0.010523149528214893,41.37465991945882,-1.8874258594645796,-0.1353689129631454,0.5,N20,0.2354922670980946,9,PRIMARY_ZERO_MAKER,17,1.0,1.5627924106513789,-11.324555156787477,6,-8.441602750099944
0.4631503574842243,-8.441602750099944,R1_CONTROLLER_FAITHFUL,1.096696500207857,0.4117965678826711,-13.784973052341098,US_STOCK,8.552738215739327,0.010722352207499595,41.368460850095865,-2.1275088348470304,-0.5005139475542375,0.5,N20,0.24358923818631043,9,PRIMARY_ZERO_MAKER,31,1.0,1.5084930680905282,-12.765053009082182,6,-8.441602750099944
1.0,-8.440322248115102,R1_CONTROLLER_FAITHFUL,1.1509958427687077,0.4117965678826711,-16.464232980836897,US_STOCK,8.440322248115102,0.010523149528214893,41.43722402391683,-2.6189431186475645,-0.9315588115080975,0.16666666666666666,N20,0.08671959988162878,9,PRIMARY_ZERO_MAKER,59,1.0,1.5627924106513789,-15.713658711885387,6,-8.440322248115102
0.5248428965510228,-7.241446257345078,R1_CONTROLLER_FAITHFUL,1.096696500207857,0.4117965678826711,-11.60201805767933,US_STOCK,8.14903105296693,0.010523149528214893,41.214207302445224,-1.7636830024034025,0.31194787510292016,0.6666666666666666,N20,0.21343835834838298,9,PRIMARY_ZERO_MAKER,97,0.96203647351747,1.5084930680905282,-10.582098014420415,6,-7.241446257345078
