comparison,scope,seed,metric,w_median,control_median,delta_w_minus_control,ratio_w_to_control,evaluation_status
W_VS_R,ALL_CORE,3,window_realized_volatility,0.023726710175519694,,,,NOT_EVALUATED_TECHNICAL_GATE_FAILED
W_VS_R,ALL_CORE,3,hourly_realized_volatility,0.003199308947408117,,,,NOT_EVALUATED_TECHNICAL_GATE_FAILED
W_VS_R,ALL_CORE,3,directional_efficiency,0.018151880955739268,,,,NOT_EVALUATED_TECHNICAL_GATE_FAILED
W_VS_R,ALL_CORE,3,completed_grid_cycles_per_hour,1.2818181818181817,,,,NOT_EVALUATED_TECHNICAL_GATE_FAILED
W_VS_R,ALL_CORE,3,fee_adjusted_cycle_capacity_per_hour,0.0014100000000000002,,,,NOT_EVALUATED_TECHNICAL_GATE_FAILED
W_VS_R,ALL_CORE,3,zero_trade_ratio,0.09196969696969698,,,,NOT_EVALUATED_TECHNICAL_GATE_FAILED
W_VS_R,ALL_CORE,3,trades_per_hour,1142.3818181818183,,,,NOT_EVALUATED_TECHNICAL_GATE_FAILED
W_VS_R,ALL_CORE,3,base_volume_per_hour,1443.4237272727273,,,,NOT_EVALUATED_TECHNICAL_GATE_FAILED
W_VS_R,ALL_CORE,3,quote_volume_per_hour,203789.15608909092,,,,NOT_EVALUATED_TECHNICAL_GATE_FAILED
W_VS_R,ALL_CORE,3,median_trade_size,59.9264,,,,NOT_EVALUATED_TECHNICAL_GATE_FAILED
W_VS_R,ALL_CORE,3,aggtrade_event_count_per_hour,622.6759259259259,,,,NOT_EVALUATED_TECHNICAL_GATE_FAILED
W_VS_R,ALL_CORE,10,window_realized_volatility,0.023726710175519694,,,,NOT_EVALUATED_TECHNICAL_GATE_FAILED
W_VS_R,ALL_CORE,10,hourly_realized_volatility,0.003199308947408117,,,,NOT_EVALUATED_TECHNICAL_GATE_FAILED
W_VS_R,ALL_CORE,10,directional_efficiency,0.018151880955739268,,,,NOT_EVALUATED_TECHNICAL_GATE_FAILED
W_VS_R,ALL_CORE,10,completed_grid_cycles_per_hour,1.2818181818181817,,,,NOT_EVALUATED_TECHNICAL_GATE_FAILED
W_VS_R,ALL_CORE,10,fee_adjusted_cycle_capacity_per_hour,0.0014100000000000002,,,,NOT_EVALUATED_TECHNICAL_GATE_FAILED
W_VS_R,ALL_CORE,10,zero_trade_ratio,0.09196969696969698,,,,NOT_EVALUATED_TECHNICAL_GATE_FAILED
W_VS_R,ALL_CORE,10,trades_per_hour,1142.3818181818183,,,,NOT_EVALUATED_TECHNICAL_GATE_FAILED
W_VS_R,ALL_CORE,10,base_volume_per_hour,1443.4237272727273,,,,NOT_EVALUATED_TECHNICAL_GATE_FAILED
W_VS_R,ALL_CORE,10,quote_volume_per_hour,203789.15608909092,,,,NOT_EVALUATED_TECHNICAL_GATE_FAILED
W_VS_R,ALL_CORE,10,median_trade_size,59.9264,,,,NOT_EVALUATED_TECHNICAL_GATE_FAILED
W_VS_R,ALL_CORE,10,aggtrade_event_count_per_hour,622.6759259259259,,,,NOT_EVALUATED_TECHNICAL_GATE_FAILED
W_VS_R,ALL_CORE,17,window_realized_volatility,0.023726710175519694,,,,NOT_EVALUATED_TECHNICAL_GATE_FAILED
W_VS_R,ALL_CORE,17,hourly_realized_volatility,0.003199308947408117,,,,NOT_EVALUATED_TECHNICAL_GATE_FAILED
W_VS_R,ALL_CORE,17,directional_efficiency,0.018151880955739268,,,,NOT_EVALUATED_TECHNICAL_GATE_FAILED
W_VS_R,ALL_CORE,17,completed_grid_cycles_per_hour,1.2818181818181817,,,,NOT_EVALUATED_TECHNICAL_GATE_FAILED
W_VS_R,ALL_CORE,17,fee_adjusted_cycle_capacity_per_hour,0.0014100000000000002,,,,NOT_EVALUATED_TECHNICAL_GATE_FAILED
W_VS_R,ALL_CORE,17,zero_trade_ratio,0.09196969696969698,,,,NOT_EVALUATED_TECHNICAL_GATE_FAILED
W_VS_R,ALL_CORE,17,trades_per_hour,1142.3818181818183,,,,NOT_EVALUATED_TECHNICAL_GATE_FAILED
W_VS_R,ALL_CORE,17,base_volume_per_hour,1443.4237272727273,,,,NOT_EVALUATED_TECHNICAL_GATE_FAILED
W_VS_R,ALL_CORE,17,quote_volume_per_hour,203789.15608909092,,,,NOT_EVALUATED_TECHNICAL_GATE_FAILED
W_VS_R,ALL_CORE,17,median_trade_size,59.9264,,,,NOT_EVALUATED_TECHNICAL_GATE_FAILED
W_VS_R,ALL_CORE,17,aggtrade_event_count_per_hour,622.6759259259259,,,,NOT_EVALUATED_TECHNICAL_GATE_FAILED
W_VS_R,ALL_CORE,31,window_realized_volatility,0.023726710175519694,,,,NOT_EVALUATED_TECHNICAL_GATE_FAILED
W_VS_R,ALL_CORE,31,hourly_realized_volatility,0.003199308947408117,,,,NOT_EVALUATED_TECHNICAL_GATE_FAILED
W_VS_R,ALL_CORE,31,directional_efficiency,0.018151880955739268,,,,NOT_EVALUATED_TECHNICAL_GATE_FAILED
W_VS_R,ALL_CORE,31,completed_grid_cycles_per_hour,1.2818181818181817,,,,NOT_EVALUATED_TECHNICAL_GATE_FAILED
W_VS_R,ALL_CORE,31,fee_adjusted_cycle_capacity_per_hour,0.0014100000000000002,,,,NOT_EVALUATED_TECHNICAL_GATE_FAILED
W_VS_R,ALL_CORE,31,zero_trade_ratio,0.09196969696969698,,,,NOT_EVALUATED_TECHNICAL_GATE_FAILED
W_VS_R,ALL_CORE,31,trades_per_hour,1142.3818181818183,,,,NOT_EVALUATED_TECHNICAL_GATE_FAILED
W_VS_R,ALL_CORE,31,base_volume_per_hour,1443.4237272727273,,,,NOT_EVALUATED_TECHNICAL_GATE_FAILED
W_VS_R,ALL_CORE,31,quote_volume_per_hour,203789.15608909092,,,,NOT_EVALUATED_TECHNICAL_GATE_FAILED
W_VS_R,ALL_CORE,31,median_trade_size,59.9264,,,,NOT_EVALUATED_TECHNICAL_GATE_FAILED
W_VS_R,ALL_CORE,31,aggtrade_event_count_per_hour,622.6759259259259,,,,NOT_EVALUATED_TECHNICAL_GATE_FAILED
W_VS_R,ALL_CORE,59,window_realized_volatility,0.023726710175519694,,,,NOT_EVALUATED_TECHNICAL_GATE_FAILED
W_VS_R,ALL_CORE,59,hourly_realized_volatility,0.003199308947408117,,,,NOT_EVALUATED_TECHNICAL_GATE_FAILED
W_VS_R,ALL_CORE,59,directional_efficiency,0.018151880955739268,,,,NOT_EVALUATED_TECHNICAL_GATE_FAILED
W_VS_R,ALL_CORE,59,completed_grid_cycles_per_hour,1.2818181818181817,,,,NOT_EVALUATED_TECHNICAL_GATE_FAILED
W_VS_R,ALL_CORE,59,fee_adjusted_cycle_capacity_per_hour,0.0014100000000000002,,,,NOT_EVALUATED_TECHNICAL_GATE_FAILED
W_VS_R,ALL_CORE,59,zero_trade_ratio,0.09196969696969698,,,,NOT_EVALUATED_TECHNICAL_GATE_FAILED
W_VS_R,ALL_CORE,59,trades_per_hour,1142.3818181818183,,,,NOT_EVALUATED_TECHNICAL_GATE_FAILED
W_VS_R,ALL_CORE,59,base_volume_per_hour,1443.4237272727273,,,,NOT_EVALUATED_TECHNICAL_GATE_FAILED
W_VS_R,ALL_CORE,59,quote_volume_per_hour,203789.15608909092,,,,NOT_EVALUATED_TECHNICAL_GATE_FAILED
W_VS_R,ALL_CORE,59,median_trade_size,59.9264,,,,NOT_EVALUATED_TECHNICAL_GATE_FAILED
W_VS_R,ALL_CORE,59,aggtrade_event_count_per_hour,622.6759259259259,,,,NOT_EVALUATED_TECHNICAL_GATE_FAILED
W_VS_R,ALL_CORE,97,window_realized_volatility,0.023726710175519694,,,,NOT_EVALUATED_TECHNICAL_GATE_FAILED
W_VS_R,ALL_CORE,97,hourly_realized_volatility,0.003199308947408117,,,,NOT_EVALUATED_TECHNICAL_GATE_FAILED
W_VS_R,ALL_CORE,97,directional_efficiency,0.018151880955739268,,,,NOT_EVALUATED_TECHNICAL_GATE_FAILED
W_VS_R,ALL_CORE,97,completed_grid_cycles_per_hour,1.2818181818181817,,,,NOT_EVALUATED_TECHNICAL_GATE_FAILED
W_VS_R,ALL_CORE,97,fee_adjusted_cycle_capacity_per_hour,0.0014100000000000002,,,,NOT_EVALUATED_TECHNICAL_GATE_FAILED
W_VS_R,ALL_CORE,97,zero_trade_ratio,0.09196969696969698,,,,NOT_EVALUATED_TECHNICAL_GATE_FAILED
W_VS_R,ALL_CORE,97,trades_per_hour,1142.3818181818183,,,,NOT_EVALUATED_TECHNICAL_GATE_FAILED
W_VS_R,ALL_CORE,97,base_volume_per_hour,1443.4237272727273,,,,NOT_EVALUATED_TECHNICAL_GATE_FAILED
W_VS_R,ALL_CORE,97,quote_volume_per_hour,203789.15608909092,,,,NOT_EVALUATED_TECHNICAL_GATE_FAILED
W_VS_R,ALL_CORE,97,median_trade_size,59.9264,,,,NOT_EVALUATED_TECHNICAL_GATE_FAILED
W_VS_R,ALL_CORE,97,aggtrade_event_count_per_hour,622.6759259259259,,,,NOT_EVALUATED_TECHNICAL_GATE_FAILED
W_VS_R,ALL_CORE,SEED_MEDIAN,window_realized_volatility,0.023726710175519694,,,,NOT_EVALUATED_TECHNICAL_GATE_FAILED
W_VS_R,ALL_CORE,SEED_MEDIAN,hourly_realized_volatility,0.003199308947408117,,,,NOT_EVALUATED_TECHNICAL_GATE_FAILED
W_VS_R,ALL_CORE,SEED_MEDIAN,directional_efficiency,0.018151880955739268,,,,NOT_EVALUATED_TECHNICAL_GATE_FAILED
W_VS_R,ALL_CORE,SEED_MEDIAN,completed_grid_cycles_per_hour,1.2818181818181817,,,,NOT_EVALUATED_TECHNICAL_GATE_FAILED
W_VS_R,ALL_CORE,SEED_MEDIAN,fee_adjusted_cycle_capacity_per_hour,0.0014100000000000002,,,,NOT_EVALUATED_TECHNICAL_GATE_FAILED
W_VS_R,ALL_CORE,SEED_MEDIAN,zero_trade_ratio,0.09196969696969698,,,,NOT_EVALUATED_TECHNICAL_GATE_FAILED
W_VS_R,ALL_CORE,SEED_MEDIAN,trades_per_hour,1142.3818181818183,,,,NOT_EVALUATED_TECHNICAL_GATE_FAILED
W_VS_R,ALL_CORE,SEED_MEDIAN,base_volume_per_hour,1443.4237272727273,,,,NOT_EVALUATED_TECHNICAL_GATE_FAILED
W_VS_R,ALL_CORE,SEED_MEDIAN,quote_volume_per_hour,203789.15608909092,,,,NOT_EVALUATED_TECHNICAL_GATE_FAILED
W_VS_R,ALL_CORE,SEED_MEDIAN,median_trade_size,59.9264,,,,NOT_EVALUATED_TECHNICAL_GATE_FAILED
W_VS_R,ALL_CORE,SEED_MEDIAN,aggtrade_event_count_per_hour,622.6759259259259,,,,NOT_EVALUATED_TECHNICAL_GATE_FAILED
W_VS_R,TRADITIONAL_EQUITY,3,window_realized_volatility,0.017756147473909648,,,,NOT_EVALUATED_TECHNICAL_GATE_FAILED
W_VS_R,TRADITIONAL_EQUITY,3,hourly_realized_volatility,0.002394238436957385,,,,NOT_EVALUATED_TECHNICAL_GATE_FAILED
W_VS_R,TRADITIONAL_EQUITY,3,directional_efficiency,0.016938957375003342,,,,NOT_EVALUATED_TECHNICAL_GATE_FAILED
W_VS_R,TRADITIONAL_EQUITY,3,completed_grid_cycles_per_hour,0.9454545454545455,,,,NOT_EVALUATED_TECHNICAL_GATE_FAILED
W_VS_R,TRADITIONAL_EQUITY,3,fee_adjusted_cycle_capacity_per_hour,0.0010400000000000001,,,,NOT_EVALUATED_TECHNICAL_GATE_FAILED
W_VS_R,TRADITIONAL_EQUITY,3,zero_trade_ratio,0.12651515151515152,,,,NOT_EVALUATED_TECHNICAL_GATE_FAILED
W_VS_R,TRADITIONAL_EQUITY,3,trades_per_hour,772.9,,,,NOT_EVALUATED_TECHNICAL_GATE_FAILED
W_VS_R,TRADITIONAL_EQUITY,3,base_volume_per_hour,730.7897272727273,,,,NOT_EVALUATED_TECHNICAL_GATE_FAILED
W_VS_R,TRADITIONAL_EQUITY,3,quote_volume_per_hour,139380.77760909093,,,,NOT_EVALUATED_TECHNICAL_GATE_FAILED
W_VS_R,TRADITIONAL_EQUITY,3,median_trade_size,54.301249999999996,,,,NOT_EVALUATED_TECHNICAL_GATE_FAILED
W_VS_R,TRADITIONAL_EQUITY,3,aggtrade_event_count_per_hour,428.77272727272725,,,,NOT_EVALUATED_TECHNICAL_GATE_FAILED
W_VS_R,TRADITIONAL_EQUITY,10,window_realized_volatility,0.017756147473909648,,,,NOT_EVALUATED_TECHNICAL_GATE_FAILED
W_VS_R,TRADITIONAL_EQUITY,10,hourly_realized_volatility,0.002394238436957385,,,,NOT_EVALUATED_TECHNICAL_GATE_FAILED
W_VS_R,TRADITIONAL_EQUITY,10,directional_efficiency,0.016938957375003342,,,,NOT_EVALUATED_TECHNICAL_GATE_FAILED
W_VS_R,TRADITIONAL_EQUITY,10,completed_grid_cycles_per_hour,0.9454545454545455,,,,NOT_EVALUATED_TECHNICAL_GATE_FAILED
W_VS_R,TRADITIONAL_EQUITY,10,fee_adjusted_cycle_capacity_per_hour,0.0010400000000000001,,,,NOT_EVALUATED_TECHNICAL_GATE_FAILED
W_VS_R,TRADITIONAL_EQUITY,10,zero_trade_ratio,0.12651515151515152,,,,NOT_EVALUATED_TECHNICAL_GATE_FAILED
W_VS_R,TRADITIONAL_EQUITY,10,trades_per_hour,772.9,,,,NOT_EVALUATED_TECHNICAL_GATE_FAILED
W_VS_R,TRADITIONAL_EQUITY,10,base_volume_per_hour,730.7897272727273,,,,NOT_EVALUATED_TECHNICAL_GATE_FAILED
W_VS_R,TRADITIONAL_EQUITY,10,quote_volume_per_hour,139380.77760909093,,,,NOT_EVALUATED_TECHNICAL_GATE_FAILED
W_VS_R,TRADITIONAL_EQUITY,10,median_trade_size,54.301249999999996,,,,NOT_EVALUATED_TECHNICAL_GATE_FAILED
W_VS_R,TRADITIONAL_EQUITY,10,aggtrade_event_count_per_hour,428.77272727272725,,,,NOT_EVALUATED_TECHNICAL_GATE_FAILED
W_VS_R,TRADITIONAL_EQUITY,17,window_realized_volatility,0.017756147473909648,,,,NOT_EVALUATED_TECHNICAL_GATE_FAILED
W_VS_R,TRADITIONAL_EQUITY,17,hourly_realized_volatility,0.002394238436957385,,,,NOT_EVALUATED_TECHNICAL_GATE_FAILED
W_VS_R,TRADITIONAL_EQUITY,17,directional_efficiency,0.016938957375003342,,,,NOT_EVALUATED_TECHNICAL_GATE_FAILED
W_VS_R,TRADITIONAL_EQUITY,17,completed_grid_cycles_per_hour,0.9454545454545455,,,,NOT_EVALUATED_TECHNICAL_GATE_FAILED
W_VS_R,TRADITIONAL_EQUITY,17,fee_adjusted_cycle_capacity_per_hour,0.0010400000000000001,,,,NOT_EVALUATED_TECHNICAL_GATE_FAILED
W_VS_R,TRADITIONAL_EQUITY,17,zero_trade_ratio,0.12651515151515152,,,,NOT_EVALUATED_TECHNICAL_GATE_FAILED
W_VS_R,TRADITIONAL_EQUITY,17,trades_per_hour,772.9,,,,NOT_EVALUATED_TECHNICAL_GATE_FAILED
W_VS_R,TRADITIONAL_EQUITY,17,base_volume_per_hour,730.7897272727273,,,,NOT_EVALUATED_TECHNICAL_GATE_FAILED
W_VS_R,TRADITIONAL_EQUITY,17,quote_volume_per_hour,139380.77760909093,,,,NOT_EVALUATED_TECHNICAL_GATE_FAILED
W_VS_R,TRADITIONAL_EQUITY,17,median_trade_size,54.301249999999996,,,,NOT_EVALUATED_TECHNICAL_GATE_FAILED
W_VS_R,TRADITIONAL_EQUITY,17,aggtrade_event_count_per_hour,428.77272727272725,,,,NOT_EVALUATED_TECHNICAL_GATE_FAILED
W_VS_R,TRADITIONAL_EQUITY,31,window_realized_volatility,0.017756147473909648,,,,NOT_EVALUATED_TECHNICAL_GATE_FAILED
W_VS_R,TRADITIONAL_EQUITY,31,hourly_realized_volatility,0.002394238436957385,,,,NOT_EVALUATED_TECHNICAL_GATE_FAILED
W_VS_R,TRADITIONAL_EQUITY,31,directional_efficiency,0.016938957375003342,,,,NOT_EVALUATED_TECHNICAL_GATE_FAILED
W_VS_R,TRADITIONAL_EQUITY,31,completed_grid_cycles_per_hour,0.9454545454545455,,,,NOT_EVALUATED_TECHNICAL_GATE_FAILED
W_VS_R,TRADITIONAL_EQUITY,31,fee_adjusted_cycle_capacity_per_hour,0.0010400000000000001,,,,NOT_EVALUATED_TECHNICAL_GATE_FAILED
W_VS_R,TRADITIONAL_EQUITY,31,zero_trade_ratio,0.12651515151515152,,,,NOT_EVALUATED_TECHNICAL_GATE_FAILED
W_VS_R,TRADITIONAL_EQUITY,31,trades_per_hour,772.9,,,,NOT_EVALUATED_TECHNICAL_GATE_FAILED
W_VS_R,TRADITIONAL_EQUITY,31,base_volume_per_hour,730.7897272727273,,,,NOT_EVALUATED_TECHNICAL_GATE_FAILED
W_VS_R,TRADITIONAL_EQUITY,31,quote_volume_per_hour,139380.77760909093,,,,NOT_EVALUATED_TECHNICAL_GATE_FAILED
W_VS_R,TRADITIONAL_EQUITY,31,median_trade_size,54.301249999999996,,,,NOT_EVALUATED_TECHNICAL_GATE_FAILED
W_VS_R,TRADITIONAL_EQUITY,31,aggtrade_event_count_per_hour,428.77272727272725,,,,NOT_EVALUATED_TECHNICAL_GATE_FAILED
W_VS_R,TRADITIONAL_EQUITY,59,window_realized_volatility,0.017756147473909648,,,,NOT_EVALUATED_TECHNICAL_GATE_FAILED
W_VS_R,TRADITIONAL_EQUITY,59,hourly_realized_volatility,0.002394238436957385,,,,NOT_EVALUATED_TECHNICAL_GATE_FAILED
W_VS_R,TRADITIONAL_EQUITY,59,directional_efficiency,0.016938957375003342,,,,NOT_EVALUATED_TECHNICAL_GATE_FAILED
W_VS_R,TRADITIONAL_EQUITY,59,completed_grid_cycles_per_hour,0.9454545454545455,,,,NOT_EVALUATED_TECHNICAL_GATE_FAILED
W_VS_R,TRADITIONAL_EQUITY,59,fee_adjusted_cycle_capacity_per_hour,0.0010400000000000001,,,,NOT_EVALUATED_TECHNICAL_GATE_FAILED
W_VS_R,TRADITIONAL_EQUITY,59,zero_trade_ratio,0.12651515151515152,,,,NOT_EVALUATED_TECHNICAL_GATE_FAILED
W_VS_R,TRADITIONAL_EQUITY,59,trades_per_hour,772.9,,,,NOT_EVALUATED_TECHNICAL_GATE_FAILED
W_VS_R,TRADITIONAL_EQUITY,59,base_volume_per_hour,730.7897272727273,,,,NOT_EVALUATED_TECHNICAL_GATE_FAILED
W_VS_R,TRADITIONAL_EQUITY,59,quote_volume_per_hour,139380.77760909093,,,,NOT_EVALUATED_TECHNICAL_GATE_FAILED
W_VS_R,TRADITIONAL_EQUITY,59,median_trade_size,54.301249999999996,,,,NOT_EVALUATED_TECHNICAL_GATE_FAILED
W_VS_R,TRADITIONAL_EQUITY,59,aggtrade_event_count_per_hour,428.77272727272725,,,,NOT_EVALUATED_TECHNICAL_GATE_FAILED
W_VS_R,TRADITIONAL_EQUITY,97,window_realized_volatility,0.017756147473909648,,,,NOT_EVALUATED_TECHNICAL_GATE_FAILED
W_VS_R,TRADITIONAL_EQUITY,97,hourly_realized_volatility,0.002394238436957385,,,,NOT_EVALUATED_TECHNICAL_GATE_FAILED
W_VS_R,TRADITIONAL_EQUITY,97,directional_efficiency,0.016938957375003342,,,,NOT_EVALUATED_TECHNICAL_GATE_FAILED
W_VS_R,TRADITIONAL_EQUITY,97,completed_grid_cycles_per_hour,0.9454545454545455,,,,NOT_EVALUATED_TECHNICAL_GATE_FAILED
W_VS_R,TRADITIONAL_EQUITY,97,fee_adjusted_cycle_capacity_per_hour,0.0010400000000000001,,,,NOT_EVALUATED_TECHNICAL_GATE_FAILED
W_VS_R,TRADITIONAL_EQUITY,97,zero_trade_ratio,0.12651515151515152,,,,NOT_EVALUATED_TECHNICAL_GATE_FAILED
W_VS_R,TRADITIONAL_EQUITY,97,trades_per_hour,772.9,,,,NOT_EVALUATED_TECHNICAL_GATE_FAILED
W_VS_R,TRADITIONAL_EQUITY,97,base_volume_per_hour,730.7897272727273,,,,NOT_EVALUATED_TECHNICAL_GATE_FAILED
W_VS_R,TRADITIONAL_EQUITY,97,quote_volume_per_hour,139380.77760909093,,,,NOT_EVALUATED_TECHNICAL_GATE_FAILED
W_VS_R,TRADITIONAL_EQUITY,97,median_trade_size,54.301249999999996,,,,NOT_EVALUATED_TECHNICAL_GATE_FAILED
W_VS_R,TRADITIONAL_EQUITY,97,aggtrade_event_count_per_hour,428.77272727272725,,,,NOT_EVALUATED_TECHNICAL_GATE_FAILED
W_VS_R,TRADITIONAL_EQUITY,SEED_MEDIAN,window_realized_volatility,0.017756147473909648,,,,NOT_EVALUATED_TECHNICAL_GATE_FAILED
W_VS_R,TRADITIONAL_EQUITY,SEED_MEDIAN,hourly_realized_volatility,0.002394238436957385,,,,NOT_EVALUATED_TECHNICAL_GATE_FAILED
W_VS_R,TRADITIONAL_EQUITY,SEED_MEDIAN,directional_efficiency,0.016938957375003342,,,,NOT_EVALUATED_TECHNICAL_GATE_FAILED
W_VS_R,TRADITIONAL_EQUITY,SEED_MEDIAN,completed_grid_cycles_per_hour,0.9454545454545455,,,,NOT_EVALUATED_TECHNICAL_GATE_FAILED
W_VS_R,TRADITIONAL_EQUITY,SEED_MEDIAN,fee_adjusted_cycle_capacity_per_hour,0.0010400000000000001,,,,NOT_EVALUATED_TECHNICAL_GATE_FAILED
W_VS_R,TRADITIONAL_EQUITY,SEED_MEDIAN,zero_trade_ratio,0.12651515151515152,,,,NOT_EVALUATED_TECHNICAL_GATE_FAILED
W_VS_R,TRADITIONAL_EQUITY,SEED_MEDIAN,trades_per_hour,772.9,,,,NOT_EVALUATED_TECHNICAL_GATE_FAILED
W_VS_R,TRADITIONAL_EQUITY,SEED_MEDIAN,base_volume_per_hour,730.7897272727273,,,,NOT_EVALUATED_TECHNICAL_GATE_FAILED
W_VS_R,TRADITIONAL_EQUITY,SEED_MEDIAN,quote_volume_per_hour,139380.77760909093,,,,NOT_EVALUATED_TECHNICAL_GATE_FAILED
W_VS_R,TRADITIONAL_EQUITY,SEED_MEDIAN,median_trade_size,54.301249999999996,,,,NOT_EVALUATED_TECHNICAL_GATE_FAILED
W_VS_R,TRADITIONAL_EQUITY,SEED_MEDIAN,aggtrade_event_count_per_hour,428.77272727272725,,,,NOT_EVALUATED_TECHNICAL_GATE_FAILED
W_VS_R,CRYPTO_SENSITIVE_EQUITY,3,window_realized_volatility,0.02693650086896575,,,,NOT_EVALUATED_TECHNICAL_GATE_FAILED
W_VS_R,CRYPTO_SENSITIVE_EQUITY,3,hourly_realized_volatility,0.003632117036219542,,,,NOT_EVALUATED_TECHNICAL_GATE_FAILED
W_VS_R,CRYPTO_SENSITIVE_EQUITY,3,directional_efficiency,0.028508354066334153,,,,NOT_EVALUATED_TECHNICAL_GATE_FAILED
W_VS_R,CRYPTO_SENSITIVE_EQUITY,3,completed_grid_cycles_per_hour,1.9090909090909092,,,,NOT_EVALUATED_TECHNICAL_GATE_FAILED
W_VS_R,CRYPTO_SENSITIVE_EQUITY,3,fee_adjusted_cycle_capacity_per_hour,0.0021000000000000003,,,,NOT_EVALUATED_TECHNICAL_GATE_FAILED
W_VS_R,CRYPTO_SENSITIVE_EQUITY,3,zero_trade_ratio,0.075,,,,NOT_EVALUATED_TECHNICAL_GATE_FAILED
W_VS_R,CRYPTO_SENSITIVE_EQUITY,3,trades_per_hour,1594.290909090909,,,,NOT_EVALUATED_TECHNICAL_GATE_FAILED
W_VS_R,CRYPTO_SENSITIVE_EQUITY,3,base_volume_per_hour,2248.6277272727275,,,,NOT_EVALUATED_TECHNICAL_GATE_FAILED
W_VS_R,CRYPTO_SENSITIVE_EQUITY,3,quote_volume_per_hour,287398.8638083333,,,,NOT_EVALUATED_TECHNICAL_GATE_FAILED
W_VS_R,CRYPTO_SENSITIVE_EQUITY,3,median_trade_size,74.36115,,,,NOT_EVALUATED_TECHNICAL_GATE_FAILED
W_VS_R,CRYPTO_SENSITIVE_EQUITY,3,aggtrade_event_count_per_hour,850.7181818181818,,,,NOT_EVALUATED_TECHNICAL_GATE_FAILED
W_VS_R,CRYPTO_SENSITIVE_EQUITY,10,window_realized_volatility,0.02693650086896575,,,,NOT_EVALUATED_TECHNICAL_GATE_FAILED
W_VS_R,CRYPTO_SENSITIVE_EQUITY,10,hourly_realized_volatility,0.003632117036219542,,,,NOT_EVALUATED_TECHNICAL_GATE_FAILED
W_VS_R,CRYPTO_SENSITIVE_EQUITY,10,directional_efficiency,0.028508354066334153,,,,NOT_EVALUATED_TECHNICAL_GATE_FAILED
W_VS_R,CRYPTO_SENSITIVE_EQUITY,10,completed_grid_cycles_per_hour,1.9090909090909092,,,,NOT_EVALUATED_TECHNICAL_GATE_FAILED
W_VS_R,CRYPTO_SENSITIVE_EQUITY,10,fee_adjusted_cycle_capacity_per_hour,0.0021000000000000003,,,,NOT_EVALUATED_TECHNICAL_GATE_FAILED
W_VS_R,CRYPTO_SENSITIVE_EQUITY,10,zero_trade_ratio,0.075,,,,NOT_EVALUATED_TECHNICAL_GATE_FAILED
W_VS_R,CRYPTO_SENSITIVE_EQUITY,10,trades_per_hour,1594.290909090909,,,,NOT_EVALUATED_TECHNICAL_GATE_FAILED
W_VS_R,CRYPTO_SENSITIVE_EQUITY,10,base_volume_per_hour,2248.6277272727275,,,,NOT_EVALUATED_TECHNICAL_GATE_FAILED
W_VS_R,CRYPTO_SENSITIVE_EQUITY,10,quote_volume_per_hour,287398.8638083333,,,,NOT_EVALUATED_TECHNICAL_GATE_FAILED
W_VS_R,CRYPTO_SENSITIVE_EQUITY,10,median_trade_size,74.36115,,,,NOT_EVALUATED_TECHNICAL_GATE_FAILED
W_VS_R,CRYPTO_SENSITIVE_EQUITY,10,aggtrade_event_count_per_hour,850.7181818181818,,,,NOT_EVALUATED_TECHNICAL_GATE_FAILED
W_VS_R,CRYPTO_SENSITIVE_EQUITY,17,window_realized_volatility,0.02693650086896575,,,,NOT_EVALUATED_TECHNICAL_GATE_FAILED
W_VS_R,CRYPTO_SENSITIVE_EQUITY,17,hourly_realized_volatility,0.003632117036219542,,,,NOT_EVALUATED_TECHNICAL_GATE_FAILED
W_VS_R,CRYPTO_SENSITIVE_EQUITY,17,directional_efficiency,0.028508354066334153,,,,NOT_EVALUATED_TECHNICAL_GATE_FAILED
W_VS_R,CRYPTO_SENSITIVE_EQUITY,17,completed_grid_cycles_per_hour,1.9090909090909092,,,,NOT_EVALUATED_TECHNICAL_GATE_FAILED
W_VS_R,CRYPTO_SENSITIVE_EQUITY,17,fee_adjusted_cycle_capacity_per_hour,0.0021000000000000003,,,,NOT_EVALUATED_TECHNICAL_GATE_FAILED
W_VS_R,CRYPTO_SENSITIVE_EQUITY,17,zero_trade_ratio,0.075,,,,NOT_EVALUATED_TECHNICAL_GATE_FAILED
W_VS_R,CRYPTO_SENSITIVE_EQUITY,17,trades_per_hour,1594.290909090909,,,,NOT_EVALUATED_TECHNICAL_GATE_FAILED
W_VS_R,CRYPTO_SENSITIVE_EQUITY,17,base_volume_per_hour,2248.6277272727275,,,,NOT_EVALUATED_TECHNICAL_GATE_FAILED
W_VS_R,CRYPTO_SENSITIVE_EQUITY,17,quote_volume_per_hour,287398.8638083333,,,,NOT_EVALUATED_TECHNICAL_GATE_FAILED
W_VS_R,CRYPTO_SENSITIVE_EQUITY,17,median_trade_size,74.36115,,,,NOT_EVALUATED_TECHNICAL_GATE_FAILED
W_VS_R,CRYPTO_SENSITIVE_EQUITY,17,aggtrade_event_count_per_hour,850.7181818181818,,,,NOT_EVALUATED_TECHNICAL_GATE_FAILED
W_VS_R,CRYPTO_SENSITIVE_EQUITY,31,window_realized_volatility,0.02693650086896575,,,,NOT_EVALUATED_TECHNICAL_GATE_FAILED
W_VS_R,CRYPTO_SENSITIVE_EQUITY,31,hourly_realized_volatility,0.003632117036219542,,,,NOT_EVALUATED_TECHNICAL_GATE_FAILED
W_VS_R,CRYPTO_SENSITIVE_EQUITY,31,directional_efficiency,0.028508354066334153,,,,NOT_EVALUATED_TECHNICAL_GATE_FAILED
W_VS_R,CRYPTO_SENSITIVE_EQUITY,31,completed_grid_cycles_per_hour,1.9090909090909092,,,,NOT_EVALUATED_TECHNICAL_GATE_FAILED
W_VS_R,CRYPTO_SENSITIVE_EQUITY,31,fee_adjusted_cycle_capacity_per_hour,0.0021000000000000003,,,,NOT_EVALUATED_TECHNICAL_GATE_FAILED
W_VS_R,CRYPTO_SENSITIVE_EQUITY,31,zero_trade_ratio,0.075,,,,NOT_EVALUATED_TECHNICAL_GATE_FAILED
W_VS_R,CRYPTO_SENSITIVE_EQUITY,31,trades_per_hour,1594.290909090909,,,,NOT_EVALUATED_TECHNICAL_GATE_FAILED
W_VS_R,CRYPTO_SENSITIVE_EQUITY,31,base_volume_per_hour,2248.6277272727275,,,,NOT_EVALUATED_TECHNICAL_GATE_FAILED
W_VS_R,CRYPTO_SENSITIVE_EQUITY,31,quote_volume_per_hour,287398.8638083333,,,,NOT_EVALUATED_TECHNICAL_GATE_FAILED
W_VS_R,CRYPTO_SENSITIVE_EQUITY,31,median_trade_size,74.36115,,,,NOT_EVALUATED_TECHNICAL_GATE_FAILED
W_VS_R,CRYPTO_SENSITIVE_EQUITY,31,aggtrade_event_count_per_hour,850.7181818181818,,,,NOT_EVALUATED_TECHNICAL_GATE_FAILED
W_VS_R,CRYPTO_SENSITIVE_EQUITY,59,window_realized_volatility,0.02693650086896575,,,,NOT_EVALUATED_TECHNICAL_GATE_FAILED
W_VS_R,CRYPTO_SENSITIVE_EQUITY,59,hourly_realized_volatility,0.003632117036219542,,,,NOT_EVALUATED_TECHNICAL_GATE_FAILED
W_VS_R,CRYPTO_SENSITIVE_EQUITY,59,directional_efficiency,0.028508354066334153,,,,NOT_EVALUATED_TECHNICAL_GATE_FAILED
W_VS_R,CRYPTO_SENSITIVE_EQUITY,59,completed_grid_cycles_per_hour,1.9090909090909092,,,,NOT_EVALUATED_TECHNICAL_GATE_FAILED
W_VS_R,CRYPTO_SENSITIVE_EQUITY,59,fee_adjusted_cycle_capacity_per_hour,0.0021000000000000003,,,,NOT_EVALUATED_TECHNICAL_GATE_FAILED
W_VS_R,CRYPTO_SENSITIVE_EQUITY,59,zero_trade_ratio,0.075,,,,NOT_EVALUATED_TECHNICAL_GATE_FAILED
W_VS_R,CRYPTO_SENSITIVE_EQUITY,59,trades_per_hour,1594.290909090909,,,,NOT_EVALUATED_TECHNICAL_GATE_FAILED
W_VS_R,CRYPTO_SENSITIVE_EQUITY,59,base_volume_per_hour,2248.6277272727275,,,,NOT_EVALUATED_TECHNICAL_GATE_FAILED
W_VS_R,CRYPTO_SENSITIVE_EQUITY,59,quote_volume_per_hour,287398.8638083333,,,,NOT_EVALUATED_TECHNICAL_GATE_FAILED
W_VS_R,CRYPTO_SENSITIVE_EQUITY,59,median_trade_size,74.36115,,,,NOT_EVALUATED_TECHNICAL_GATE_FAILED
W_VS_R,CRYPTO_SENSITIVE_EQUITY,59,aggtrade_event_count_per_hour,850.7181818181818,,,,NOT_EVALUATED_TECHNICAL_GATE_FAILED
W_VS_R,CRYPTO_SENSITIVE_EQUITY,97,window_realized_volatility,0.02693650086896575,,,,NOT_EVALUATED_TECHNICAL_GATE_FAILED
W_VS_R,CRYPTO_SENSITIVE_EQUITY,97,hourly_realized_volatility,0.003632117036219542,,,,NOT_EVALUATED_TECHNICAL_GATE_FAILED
W_VS_R,CRYPTO_SENSITIVE_EQUITY,97,directional_efficiency,0.028508354066334153,,,,NOT_EVALUATED_TECHNICAL_GATE_FAILED
W_VS_R,CRYPTO_SENSITIVE_EQUITY,97,completed_grid_cycles_per_hour,1.9090909090909092,,,,NOT_EVALUATED_TECHNICAL_GATE_FAILED
W_VS_R,CRYPTO_SENSITIVE_EQUITY,97,fee_adjusted_cycle_capacity_per_hour,0.0021000000000000003,,,,NOT_EVALUATED_TECHNICAL_GATE_FAILED
W_VS_R,CRYPTO_SENSITIVE_EQUITY,97,zero_trade_ratio,0.075,,,,NOT_EVALUATED_TECHNICAL_GATE_FAILED
W_VS_R,CRYPTO_SENSITIVE_EQUITY,97,trades_per_hour,1594.290909090909,,,,NOT_EVALUATED_TECHNICAL_GATE_FAILED
W_VS_R,CRYPTO_SENSITIVE_EQUITY,97,base_volume_per_hour,2248.6277272727275,,,,NOT_EVALUATED_TECHNICAL_GATE_FAILED
W_VS_R,CRYPTO_SENSITIVE_EQUITY,97,quote_volume_per_hour,287398.8638083333,,,,NOT_EVALUATED_TECHNICAL_GATE_FAILED
W_VS_R,CRYPTO_SENSITIVE_EQUITY,97,median_trade_size,74.36115,,,,NOT_EVALUATED_TECHNICAL_GATE_FAILED
W_VS_R,CRYPTO_SENSITIVE_EQUITY,97,aggtrade_event_count_per_hour,850.7181818181818,,,,NOT_EVALUATED_TECHNICAL_GATE_FAILED
W_VS_R,CRYPTO_SENSITIVE_EQUITY,SEED_MEDIAN,window_realized_volatility,0.02693650086896575,,,,NOT_EVALUATED_TECHNICAL_GATE_FAILED
W_VS_R,CRYPTO_SENSITIVE_EQUITY,SEED_MEDIAN,hourly_realized_volatility,0.003632117036219542,,,,NOT_EVALUATED_TECHNICAL_GATE_FAILED
W_VS_R,CRYPTO_SENSITIVE_EQUITY,SEED_MEDIAN,directional_efficiency,0.028508354066334153,,,,NOT_EVALUATED_TECHNICAL_GATE_FAILED
W_VS_R,CRYPTO_SENSITIVE_EQUITY,SEED_MEDIAN,completed_grid_cycles_per_hour,1.9090909090909092,,,,NOT_EVALUATED_TECHNICAL_GATE_FAILED
W_VS_R,CRYPTO_SENSITIVE_EQUITY,SEED_MEDIAN,fee_adjusted_cycle_capacity_per_hour,0.0021000000000000003,,,,NOT_EVALUATED_TECHNICAL_GATE_FAILED
W_VS_R,CRYPTO_SENSITIVE_EQUITY,SEED_MEDIAN,zero_trade_ratio,0.075,,,,NOT_EVALUATED_TECHNICAL_GATE_FAILED
W_VS_R,CRYPTO_SENSITIVE_EQUITY,SEED_MEDIAN,trades_per_hour,1594.290909090909,,,,NOT_EVALUATED_TECHNICAL_GATE_FAILED
W_VS_R,CRYPTO_SENSITIVE_EQUITY,SEED_MEDIAN,base_volume_per_hour,2248.6277272727275,,,,NOT_EVALUATED_TECHNICAL_GATE_FAILED
W_VS_R,CRYPTO_SENSITIVE_EQUITY,SEED_MEDIAN,quote_volume_per_hour,287398.8638083333,,,,NOT_EVALUATED_TECHNICAL_GATE_FAILED
W_VS_R,CRYPTO_SENSITIVE_EQUITY,SEED_MEDIAN,median_trade_size,74.36115,,,,NOT_EVALUATED_TECHNICAL_GATE_FAILED
W_VS_R,CRYPTO_SENSITIVE_EQUITY,SEED_MEDIAN,aggtrade_event_count_per_hour,850.7181818181818,,,,NOT_EVALUATED_TECHNICAL_GATE_FAILED
W_VS_R,SYMBOL:AMZNUSDT,3,window_realized_volatility,0.011948038600177445,,,,NOT_EVALUATED_TECHNICAL_GATE_FAILED
W_VS_R,SYMBOL:AMZNUSDT,3,hourly_realized_volatility,0.0016110731961890283,,,,NOT_EVALUATED_TECHNICAL_GATE_FAILED
W_VS_R,SYMBOL:AMZNUSDT,3,directional_efficiency,0.019316068107025266,,,,NOT_EVALUATED_TECHNICAL_GATE_FAILED
W_VS_R,SYMBOL:AMZNUSDT,3,completed_grid_cycles_per_hour,0.4909090909090909,,,,NOT_EVALUATED_TECHNICAL_GATE_FAILED
W_VS_R,SYMBOL:AMZNUSDT,3,fee_adjusted_cycle_capacity_per_hour,0.00054,,,,NOT_EVALUATED_TECHNICAL_GATE_FAILED
W_VS_R,SYMBOL:AMZNUSDT,3,zero_trade_ratio,0.23212121212121212,,,,NOT_EVALUATED_TECHNICAL_GATE_FAILED
W_VS_R,SYMBOL:AMZNUSDT,3,trades_per_hour,439.92727272727274,,,,NOT_EVALUATED_TECHNICAL_GATE_FAILED
W_VS_R,SYMBOL:AMZNUSDT,3,base_volume_per_hour,263.2490909090909,,,,NOT_EVALUATED_TECHNICAL_GATE_FAILED
W_VS_R,SYMBOL:AMZNUSDT,3,quote_volume_per_hour,61760.716378181816,,,,NOT_EVALUATED_TECHNICAL_GATE_FAILED
W_VS_R,SYMBOL:AMZNUSDT,3,median_trade_size,21.636799999999997,,,,NOT_EVALUATED_TECHNICAL_GATE_FAILED
W_VS_R,SYMBOL:AMZNUSDT,3,aggtrade_event_count_per_hour,280.07272727272726,,,,NOT_EVALUATED_TECHNICAL_GATE_FAILED
W_VS_R,SYMBOL:AMZNUSDT,10,window_realized_volatility,0.011948038600177445,,,,NOT_EVALUATED_TECHNICAL_GATE_FAILED
W_VS_R,SYMBOL:AMZNUSDT,10,hourly_realized_volatility,0.0016110731961890283,,,,NOT_EVALUATED_TECHNICAL_GATE_FAILED
W_VS_R,SYMBOL:AMZNUSDT,10,directional_efficiency,0.019316068107025266,,,,NOT_EVALUATED_TECHNICAL_GATE_FAILED
W_VS_R,SYMBOL:AMZNUSDT,10,completed_grid_cycles_per_hour,0.4909090909090909,,,,NOT_EVALUATED_TECHNICAL_GATE_FAILED
W_VS_R,SYMBOL:AMZNUSDT,10,fee_adjusted_cycle_capacity_per_hour,0.00054,,,,NOT_EVALUATED_TECHNICAL_GATE_FAILED
W_VS_R,SYMBOL:AMZNUSDT,10,zero_trade_ratio,0.23212121212121212,,,,NOT_EVALUATED_TECHNICAL_GATE_FAILED
W_VS_R,SYMBOL:AMZNUSDT,10,trades_per_hour,439.92727272727274,,,,NOT_EVALUATED_TECHNICAL_GATE_FAILED
W_VS_R,SYMBOL:AMZNUSDT,10,base_volume_per_hour,263.2490909090909,,,,NOT_EVALUATED_TECHNICAL_GATE_FAILED
W_VS_R,SYMBOL:AMZNUSDT,10,quote_volume_per_hour,61760.716378181816,,,,NOT_EVALUATED_TECHNICAL_GATE_FAILED
W_VS_R,SYMBOL:AMZNUSDT,10,median_trade_size,21.636799999999997,,,,NOT_EVALUATED_TECHNICAL_GATE_FAILED
W_VS_R,SYMBOL:AMZNUSDT,10,aggtrade_event_count_per_hour,280.07272727272726,,,,NOT_EVALUATED_TECHNICAL_GATE_FAILED
W_VS_R,SYMBOL:AMZNUSDT,17,window_realized_volatility,0.011948038600177445,,,,NOT_EVALUATED_TECHNICAL_GATE_FAILED
W_VS_R,SYMBOL:AMZNUSDT,17,hourly_realized_volatility,0.0016110731961890283,,,,NOT_EVALUATED_TECHNICAL_GATE_FAILED
W_VS_R,SYMBOL:AMZNUSDT,17,directional_efficiency,0.019316068107025266,,,,NOT_EVALUATED_TECHNICAL_GATE_FAILED
W_VS_R,SYMBOL:AMZNUSDT,17,completed_grid_cycles_per_hour,0.4909090909090909,,,,NOT_EVALUATED_TECHNICAL_GATE_FAILED
W_VS_R,SYMBOL:AMZNUSDT,17,fee_adjusted_cycle_capacity_per_hour,0.00054,,,,NOT_EVALUATED_TECHNICAL_GATE_FAILED
W_VS_R,SYMBOL:AMZNUSDT,17,zero_trade_ratio,0.23212121212121212,,,,NOT_EVALUATED_TECHNICAL_GATE_FAILED
W_VS_R,SYMBOL:AMZNUSDT,17,trades_per_hour,439.92727272727274,,,,NOT_EVALUATED_TECHNICAL_GATE_FAILED
W_VS_R,SYMBOL:AMZNUSDT,17,base_volume_per_hour,263.2490909090909,,,,NOT_EVALUATED_TECHNICAL_GATE_FAILED
W_VS_R,SYMBOL:AMZNUSDT,17,quote_volume_per_hour,61760.716378181816,,,,NOT_EVALUATED_TECHNICAL_GATE_FAILED
W_VS_R,SYMBOL:AMZNUSDT,17,median_trade_size,21.636799999999997,,,,NOT_EVALUATED_TECHNICAL_GATE_FAILED
W_VS_R,SYMBOL:AMZNUSDT,17,aggtrade_event_count_per_hour,280.07272727272726,,,,NOT_EVALUATED_TECHNICAL_GATE_FAILED
W_VS_R,SYMBOL:AMZNUSDT,31,window_realized_volatility,0.011948038600177445,,,,NOT_EVALUATED_TECHNICAL_GATE_FAILED
W_VS_R,SYMBOL:AMZNUSDT,31,hourly_realized_volatility,0.0016110731961890283,,,,NOT_EVALUATED_TECHNICAL_GATE_FAILED
W_VS_R,SYMBOL:AMZNUSDT,31,directional_efficiency,0.019316068107025266,,,,NOT_EVALUATED_TECHNICAL_GATE_FAILED
W_VS_R,SYMBOL:AMZNUSDT,31,completed_grid_cycles_per_hour,0.4909090909090909,,,,NOT_EVALUATED_TECHNICAL_GATE_FAILED
W_VS_R,SYMBOL:AMZNUSDT,31,fee_adjusted_cycle_capacity_per_hour,0.00054,,,,NOT_EVALUATED_TECHNICAL_GATE_FAILED
W_VS_R,SYMBOL:AMZNUSDT,31,zero_trade_ratio,0.23212121212121212,,,,NOT_EVALUATED_TECHNICAL_GATE_FAILED
W_VS_R,SYMBOL:AMZNUSDT,31,trades_per_hour,439.92727272727274,,,,NOT_EVALUATED_TECHNICAL_GATE_FAILED
W_VS_R,SYMBOL:AMZNUSDT,31,base_volume_per_hour,263.2490909090909,,,,NOT_EVALUATED_TECHNICAL_GATE_FAILED
W_VS_R,SYMBOL:AMZNUSDT,31,quote_volume_per_hour,61760.716378181816,,,,NOT_EVALUATED_TECHNICAL_GATE_FAILED
W_VS_R,SYMBOL:AMZNUSDT,31,median_trade_size,21.636799999999997,,,,NOT_EVALUATED_TECHNICAL_GATE_FAILED
W_VS_R,SYMBOL:AMZNUSDT,31,aggtrade_event_count_per_hour,280.07272727272726,,,,NOT_EVALUATED_TECHNICAL_GATE_FAILED
W_VS_R,SYMBOL:AMZNUSDT,59,window_realized_volatility,0.011948038600177445,,,,NOT_EVALUATED_TECHNICAL_GATE_FAILED
W_VS_R,SYMBOL:AMZNUSDT,59,hourly_realized_volatility,0.0016110731961890283,,,,NOT_EVALUATED_TECHNICAL_GATE_FAILED
W_VS_R,SYMBOL:AMZNUSDT,59,directional_efficiency,0.019316068107025266,,,,NOT_EVALUATED_TECHNICAL_GATE_FAILED
W_VS_R,SYMBOL:AMZNUSDT,59,completed_grid_cycles_per_hour,0.4909090909090909,,,,NOT_EVALUATED_TECHNICAL_GATE_FAILED
W_VS_R,SYMBOL:AMZNUSDT,59,fee_adjusted_cycle_capacity_per_hour,0.00054,,,,NOT_EVALUATED_TECHNICAL_GATE_FAILED
W_VS_R,SYMBOL:AMZNUSDT,59,zero_trade_ratio,0.23212121212121212,,,,NOT_EVALUATED_TECHNICAL_GATE_FAILED
W_VS_R,SYMBOL:AMZNUSDT,59,trades_per_hour,439.92727272727274,,,,NOT_EVALUATED_TECHNICAL_GATE_FAILED
W_VS_R,SYMBOL:AMZNUSDT,59,base_volume_per_hour,263.2490909090909,,,,NOT_EVALUATED_TECHNICAL_GATE_FAILED
W_VS_R,SYMBOL:AMZNUSDT,59,quote_volume_per_hour,61760.716378181816,,,,NOT_EVALUATED_TECHNICAL_GATE_FAILED
W_VS_R,SYMBOL:AMZNUSDT,59,median_trade_size,21.636799999999997,,,,NOT_EVALUATED_TECHNICAL_GATE_FAILED
W_VS_R,SYMBOL:AMZNUSDT,59,aggtrade_event_count_per_hour,280.07272727272726,,,,NOT_EVALUATED_TECHNICAL_GATE_FAILED
W_VS_R,SYMBOL:AMZNUSDT,97,window_realized_volatility,0.011948038600177445,,,,NOT_EVALUATED_TECHNICAL_GATE_FAILED
W_VS_R,SYMBOL:AMZNUSDT,97,hourly_realized_volatility,0.0016110731961890283,,,,NOT_EVALUATED_TECHNICAL_GATE_FAILED
W_VS_R,SYMBOL:AMZNUSDT,97,directional_efficiency,0.019316068107025266,,,,NOT_EVALUATED_TECHNICAL_GATE_FAILED
W_VS_R,SYMBOL:AMZNUSDT,97,completed_grid_cycles_per_hour,0.4909090909090909,,,,NOT_EVALUATED_TECHNICAL_GATE_FAILED
W_VS_R,SYMBOL:AMZNUSDT,97,fee_adjusted_cycle_capacity_per_hour,0.00054,,,,NOT_EVALUATED_TECHNICAL_GATE_FAILED
W_VS_R,SYMBOL:AMZNUSDT,97,zero_trade_ratio,0.23212121212121212,,,,NOT_EVALUATED_TECHNICAL_GATE_FAILED
W_VS_R,SYMBOL:AMZNUSDT,97,trades_per_hour,439.92727272727274,,,,NOT_EVALUATED_TECHNICAL_GATE_FAILED
W_VS_R,SYMBOL:AMZNUSDT,97,base_volume_per_hour,263.2490909090909,,,,NOT_EVALUATED_TECHNICAL_GATE_FAILED
W_VS_R,SYMBOL:AMZNUSDT,97,quote_volume_per_hour,61760.716378181816,,,,NOT_EVALUATED_TECHNICAL_GATE_FAILED
W_VS_R,SYMBOL:AMZNUSDT,97,median_trade_size,21.636799999999997,,,,NOT_EVALUATED_TECHNICAL_GATE_FAILED
W_VS_R,SYMBOL:AMZNUSDT,97,aggtrade_event_count_per_hour,280.07272727272726,,,,NOT_EVALUATED_TECHNICAL_GATE_FAILED
W_VS_R,SYMBOL:AMZNUSDT,SEED_MEDIAN,window_realized_volatility,0.011948038600177445,,,,NOT_EVALUATED_TECHNICAL_GATE_FAILED
W_VS_R,SYMBOL:AMZNUSDT,SEED_MEDIAN,hourly_realized_volatility,0.0016110731961890283,,,,NOT_EVALUATED_TECHNICAL_GATE_FAILED
W_VS_R,SYMBOL:AMZNUSDT,SEED_MEDIAN,directional_efficiency,0.019316068107025266,,,,NOT_EVALUATED_TECHNICAL_GATE_FAILED
W_VS_R,SYMBOL:AMZNUSDT,SEED_MEDIAN,completed_grid_cycles_per_hour,0.4909090909090909,,,,NOT_EVALUATED_TECHNICAL_GATE_FAILED
W_VS_R,SYMBOL:AMZNUSDT,SEED_MEDIAN,fee_adjusted_cycle_capacity_per_hour,0.00054,,,,NOT_EVALUATED_TECHNICAL_GATE_FAILED
W_VS_R,SYMBOL:AMZNUSDT,SEED_MEDIAN,zero_trade_ratio,0.23212121212121212,,,,NOT_EVALUATED_TECHNICAL_GATE_FAILED
W_VS_R,SYMBOL:AMZNUSDT,SEED_MEDIAN,trades_per_hour,439.92727272727274,,,,NOT_EVALUATED_TECHNICAL_GATE_FAILED
W_VS_R,SYMBOL:AMZNUSDT,SEED_MEDIAN,base_volume_per_hour,263.2490909090909,,,,NOT_EVALUATED_TECHNICAL_GATE_FAILED
W_VS_R,SYMBOL:AMZNUSDT,SEED_MEDIAN,quote_volume_per_hour,61760.716378181816,,,,NOT_EVALUATED_TECHNICAL_GATE_FAILED
W_VS_R,SYMBOL:AMZNUSDT,SEED_MEDIAN,median_trade_size,21.636799999999997,,,,NOT_EVALUATED_TECHNICAL_GATE_FAILED
W_VS_R,SYMBOL:AMZNUSDT,SEED_MEDIAN,aggtrade_event_count_per_hour,280.07272727272726,,,,NOT_EVALUATED_TECHNICAL_GATE_FAILED
W_VS_R,SYMBOL:COINUSDT,3,window_realized_volatility,0.02465052360649089,,,,NOT_EVALUATED_TECHNICAL_GATE_FAILED
W_VS_R,SYMBOL:COINUSDT,3,hourly_realized_volatility,0.003323875925028612,,,,NOT_EVALUATED_TECHNICAL_GATE_FAILED
W_VS_R,SYMBOL:COINUSDT,3,directional_efficiency,0.0294975688816855,,,,NOT_EVALUATED_TECHNICAL_GATE_FAILED
W_VS_R,SYMBOL:COINUSDT,3,completed_grid_cycles_per_hour,1.8181818181818181,,,,NOT_EVALUATED_TECHNICAL_GATE_FAILED
W_VS_R,SYMBOL:COINUSDT,3,fee_adjusted_cycle_capacity_per_hour,0.002,,,,NOT_EVALUATED_TECHNICAL_GATE_FAILED
W_VS_R,SYMBOL:COINUSDT,3,zero_trade_ratio,0.0903030303030303,,,,NOT_EVALUATED_TECHNICAL_GATE_FAILED
W_VS_R,SYMBOL:COINUSDT,3,trades_per_hour,1163.8727272727272,,,,NOT_EVALUATED_TECHNICAL_GATE_FAILED
W_VS_R,SYMBOL:COINUSDT,3,base_volume_per_hour,870.5218181818182,,,,NOT_EVALUATED_TECHNICAL_GATE_FAILED
W_VS_R,SYMBOL:COINUSDT,3,quote_volume_per_hour,151437.1706581818,,,,NOT_EVALUATED_TECHNICAL_GATE_FAILED
W_VS_R,SYMBOL:COINUSDT,3,median_trade_size,64.7904,,,,NOT_EVALUATED_TECHNICAL_GATE_FAILED
W_VS_R,SYMBOL:COINUSDT,3,aggtrade_event_count_per_hour,669.6666666666666,,,,NOT_EVALUATED_TECHNICAL_GATE_FAILED
W_VS_R,SYMBOL:COINUSDT,10,window_realized_volatility,0.02465052360649089,,,,NOT_EVALUATED_TECHNICAL_GATE_FAILED
W_VS_R,SYMBOL:COINUSDT,10,hourly_realized_volatility,0.003323875925028612,,,,NOT_EVALUATED_TECHNICAL_GATE_FAILED
W_VS_R,SYMBOL:COINUSDT,10,directional_efficiency,0.0294975688816855,,,,NOT_EVALUATED_TECHNICAL_GATE_FAILED
W_VS_R,SYMBOL:COINUSDT,10,completed_grid_cycles_per_hour,1.8181818181818181,,,,NOT_EVALUATED_TECHNICAL_GATE_FAILED
W_VS_R,SYMBOL:COINUSDT,10,fee_adjusted_cycle_capacity_per_hour,0.002,,,,NOT_EVALUATED_TECHNICAL_GATE_FAILED
W_VS_R,SYMBOL:COINUSDT,10,zero_trade_ratio,0.0903030303030303,,,,NOT_EVALUATED_TECHNICAL_GATE_FAILED
W_VS_R,SYMBOL:COINUSDT,10,trades_per_hour,1163.8727272727272,,,,NOT_EVALUATED_TECHNICAL_GATE_FAILED
W_VS_R,SYMBOL:COINUSDT,10,base_volume_per_hour,870.5218181818182,,,,NOT_EVALUATED_TECHNICAL_GATE_FAILED
W_VS_R,SYMBOL:COINUSDT,10,quote_volume_per_hour,151437.1706581818,,,,NOT_EVALUATED_TECHNICAL_GATE_FAILED
W_VS_R,SYMBOL:COINUSDT,10,median_trade_size,64.7904,,,,NOT_EVALUATED_TECHNICAL_GATE_FAILED
W_VS_R,SYMBOL:COINUSDT,10,aggtrade_event_count_per_hour,669.6666666666666,,,,NOT_EVALUATED_TECHNICAL_GATE_FAILED
W_VS_R,SYMBOL:COINUSDT,17,window_realized_volatility,0.02465052360649089,,,,NOT_EVALUATED_TECHNICAL_GATE_FAILED
W_VS_R,SYMBOL:COINUSDT,17,hourly_realized_volatility,0.003323875925028612,,,,NOT_EVALUATED_TECHNICAL_GATE_FAILED
W_VS_R,SYMBOL:COINUSDT,17,directional_efficiency,0.0294975688816855,,,,NOT_EVALUATED_TECHNICAL_GATE_FAILED
W_VS_R,SYMBOL:COINUSDT,17,completed_grid_cycles_per_hour,1.8181818181818181,,,,NOT_EVALUATED_TECHNICAL_GATE_FAILED
W_VS_R,SYMBOL:COINUSDT,17,fee_adjusted_cycle_capacity_per_hour,0.002,,,,NOT_EVALUATED_TECHNICAL_GATE_FAILED
W_VS_R,SYMBOL:COINUSDT,17,zero_trade_ratio,0.0903030303030303,,,,NOT_EVALUATED_TECHNICAL_GATE_FAILED
W_VS_R,SYMBOL:COINUSDT,17,trades_per_hour,1163.8727272727272,,,,NOT_EVALUATED_TECHNICAL_GATE_FAILED
W_VS_R,SYMBOL:COINUSDT,17,base_volume_per_hour,870.5218181818182,,,,NOT_EVALUATED_TECHNICAL_GATE_FAILED
W_VS_R,SYMBOL:COINUSDT,17,quote_volume_per_hour,151437.1706581818,,,,NOT_EVALUATED_TECHNICAL_GATE_FAILED
W_VS_R,SYMBOL:COINUSDT,17,median_trade_size,64.7904,,,,NOT_EVALUATED_TECHNICAL_GATE_FAILED
W_VS_R,SYMBOL:COINUSDT,17,aggtrade_event_count_per_hour,669.6666666666666,,,,NOT_EVALUATED_TECHNICAL_GATE_FAILED
W_VS_R,SYMBOL:COINUSDT,31,window_realized_volatility,0.02465052360649089,,,,NOT_EVALUATED_TECHNICAL_GATE_FAILED
W_VS_R,SYMBOL:COINUSDT,31,hourly_realized_volatility,0.003323875925028612,,,,NOT_EVALUATED_TECHNICAL_GATE_FAILED
W_VS_R,SYMBOL:COINUSDT,31,directional_efficiency,0.0294975688816855,,,,NOT_EVALUATED_TECHNICAL_GATE_FAILED
W_VS_R,SYMBOL:COINUSDT,31,completed_grid_cycles_per_hour,1.8181818181818181,,,,NOT_EVALUATED_TECHNICAL_GATE_FAILED
W_VS_R,SYMBOL:COINUSDT,31,fee_adjusted_cycle_capacity_per_hour,0.002,,,,NOT_EVALUATED_TECHNICAL_GATE_FAILED
W_VS_R,SYMBOL:COINUSDT,31,zero_trade_ratio,0.0903030303030303,,,,NOT_EVALUATED_TECHNICAL_GATE_FAILED
W_VS_R,SYMBOL:COINUSDT,31,trades_per_hour,1163.8727272727272,,,,NOT_EVALUATED_TECHNICAL_GATE_FAILED
W_VS_R,SYMBOL:COINUSDT,31,base_volume_per_hour,870.5218181818182,,,,NOT_EVALUATED_TECHNICAL_GATE_FAILED
W_VS_R,SYMBOL:COINUSDT,31,quote_volume_per_hour,151437.1706581818,,,,NOT_EVALUATED_TECHNICAL_GATE_FAILED
W_VS_R,SYMBOL:COINUSDT,31,median_trade_size,64.7904,,,,NOT_EVALUATED_TECHNICAL_GATE_FAILED
W_VS_R,SYMBOL:COINUSDT,31,aggtrade_event_count_per_hour,669.6666666666666,,,,NOT_EVALUATED_TECHNICAL_GATE_FAILED
W_VS_R,SYMBOL:COINUSDT,59,window_realized_volatility,0.02465052360649089,,,,NOT_EVALUATED_TECHNICAL_GATE_FAILED
W_VS_R,SYMBOL:COINUSDT,59,hourly_realized_volatility,0.003323875925028612,,,,NOT_EVALUATED_TECHNICAL_GATE_FAILED
W_VS_R,SYMBOL:COINUSDT,59,directional_efficiency,0.0294975688816855,,,,NOT_EVALUATED_TECHNICAL_GATE_FAILED
W_VS_R,SYMBOL:COINUSDT,59,completed_grid_cycles_per_hour,1.8181818181818181,,,,NOT_EVALUATED_TECHNICAL_GATE_FAILED
W_VS_R,SYMBOL:COINUSDT,59,fee_adjusted_cycle_capacity_per_hour,0.002,,,,NOT_EVALUATED_TECHNICAL_GATE_FAILED
W_VS_R,SYMBOL:COINUSDT,59,zero_trade_ratio,0.0903030303030303,,,,NOT_EVALUATED_TECHNICAL_GATE_FAILED
W_VS_R,SYMBOL:COINUSDT,59,trades_per_hour,1163.8727272727272,,,,NOT_EVALUATED_TECHNICAL_GATE_FAILED
W_VS_R,SYMBOL:COINUSDT,59,base_volume_per_hour,870.5218181818182,,,,NOT_EVALUATED_TECHNICAL_GATE_FAILED
W_VS_R,SYMBOL:COINUSDT,59,quote_volume_per_hour,151437.1706581818,,,,NOT_EVALUATED_TECHNICAL_GATE_FAILED
W_VS_R,SYMBOL:COINUSDT,59,median_trade_size,64.7904,,,,NOT_EVALUATED_TECHNICAL_GATE_FAILED
W_VS_R,SYMBOL:COINUSDT,59,aggtrade_event_count_per_hour,669.6666666666666,,,,NOT_EVALUATED_TECHNICAL_GATE_FAILED
W_VS_R,SYMBOL:COINUSDT,97,window_realized_volatility,0.02465052360649089,,,,NOT_EVALUATED_TECHNICAL_GATE_FAILED
W_VS_R,SYMBOL:COINUSDT,97,hourly_realized_volatility,0.003323875925028612,,,,NOT_EVALUATED_TECHNICAL_GATE_FAILED
W_VS_R,SYMBOL:COINUSDT,97,directional_efficiency,0.0294975688816855,,,,NOT_EVALUATED_TECHNICAL_GATE_FAILED
W_VS_R,SYMBOL:COINUSDT,97,completed_grid_cycles_per_hour,1.8181818181818181,,,,NOT_EVALUATED_TECHNICAL_GATE_FAILED
W_VS_R,SYMBOL:COINUSDT,97,fee_adjusted_cycle_capacity_per_hour,0.002,,,,NOT_EVALUATED_TECHNICAL_GATE_FAILED
W_VS_R,SYMBOL:COINUSDT,97,zero_trade_ratio,0.0903030303030303,,,,NOT_EVALUATED_TECHNICAL_GATE_FAILED
W_VS_R,SYMBOL:COINUSDT,97,trades_per_hour,1163.8727272727272,,,,NOT_EVALUATED_TECHNICAL_GATE_FAILED
W_VS_R,SYMBOL:COINUSDT,97,base_volume_per_hour,870.5218181818182,,,,NOT_EVALUATED_TECHNICAL_GATE_FAILED
W_VS_R,SYMBOL:COINUSDT,97,quote_volume_per_hour,151437.1706581818,,,,NOT_EVALUATED_TECHNICAL_GATE_FAILED
W_VS_R,SYMBOL:COINUSDT,97,median_trade_size,64.7904,,,,NOT_EVALUATED_TECHNICAL_GATE_FAILED
W_VS_R,SYMBOL:COINUSDT,97,aggtrade_event_count_per_hour,669.6666666666666,,,,NOT_EVALUATED_TECHNICAL_GATE_FAILED
W_VS_R,SYMBOL:COINUSDT,SEED_MEDIAN,window_realized_volatility,0.02465052360649089,,,,NOT_EVALUATED_TECHNICAL_GATE_FAILED
W_VS_R,SYMBOL:COINUSDT,SEED_MEDIAN,hourly_realized_volatility,0.003323875925028612,,,,NOT_EVALUATED_TECHNICAL_GATE_FAILED
W_VS_R,SYMBOL:COINUSDT,SEED_MEDIAN,directional_efficiency,0.0294975688816855,,,,NOT_EVALUATED_TECHNICAL_GATE_FAILED
W_VS_R,SYMBOL:COINUSDT,SEED_MEDIAN,completed_grid_cycles_per_hour,1.8181818181818181,,,,NOT_EVALUATED_TECHNICAL_GATE_FAILED
W_VS_R,SYMBOL:COINUSDT,SEED_MEDIAN,fee_adjusted_cycle_capacity_per_hour,0.002,,,,NOT_EVALUATED_TECHNICAL_GATE_FAILED
W_VS_R,SYMBOL:COINUSDT,SEED_MEDIAN,zero_trade_ratio,0.0903030303030303,,,,NOT_EVALUATED_TECHNICAL_GATE_FAILED
W_VS_R,SYMBOL:COINUSDT,SEED_MEDIAN,trades_per_hour,1163.8727272727272,,,,NOT_EVALUATED_TECHNICAL_GATE_FAILED
W_VS_R,SYMBOL:COINUSDT,SEED_MEDIAN,base_volume_per_hour,870.5218181818182,,,,NOT_EVALUATED_TECHNICAL_GATE_FAILED
W_VS_R,SYMBOL:COINUSDT,SEED_MEDIAN,quote_volume_per_hour,151437.1706581818,,,,NOT_EVALUATED_TECHNICAL_GATE_FAILED
W_VS_R,SYMBOL:COINUSDT,SEED_MEDIAN,median_trade_size,64.7904,,,,NOT_EVALUATED_TECHNICAL_GATE_FAILED
W_VS_R,SYMBOL:COINUSDT,SEED_MEDIAN,aggtrade_event_count_per_hour,669.6666666666666,,,,NOT_EVALUATED_TECHNICAL_GATE_FAILED
W_VS_R,SYMBOL:CRCLUSDT,3,window_realized_volatility,0.03342880976423094,,,,NOT_EVALUATED_TECHNICAL_GATE_FAILED
W_VS_R,SYMBOL:CRCLUSDT,3,hourly_realized_volatility,0.004502314686699121,,,,NOT_EVALUATED_TECHNICAL_GATE_FAILED
W_VS_R,SYMBOL:CRCLUSDT,3,directional_efficiency,0.02342404409231844,,,,NOT_EVALUATED_TECHNICAL_GATE_FAILED
W_VS_R,SYMBOL:CRCLUSDT,3,completed_grid_cycles_per_hour,2.2181818181818183,,,,NOT_EVALUATED_TECHNICAL_GATE_FAILED
W_VS_R,SYMBOL:CRCLUSDT,3,fee_adjusted_cycle_capacity_per_hour,0.0024400000000000003,,,,NOT_EVALUATED_TECHNICAL_GATE_FAILED
W_VS_R,SYMBOL:CRCLUSDT,3,zero_trade_ratio,0.019696969696969695,,,,NOT_EVALUATED_TECHNICAL_GATE_FAILED
W_VS_R,SYMBOL:CRCLUSDT,3,trades_per_hour,2624.4363636363637,,,,NOT_EVALUATED_TECHNICAL_GATE_FAILED
W_VS_R,SYMBOL:CRCLUSDT,3,base_volume_per_hour,5920.195740740741,,,,NOT_EVALUATED_TECHNICAL_GATE_FAILED
W_VS_R,SYMBOL:CRCLUSDT,3,quote_volume_per_hour,661694.0278327273,,,,NOT_EVALUATED_TECHNICAL_GATE_FAILED
W_VS_R,SYMBOL:CRCLUSDT,3,median_trade_size,100.521,,,,NOT_EVALUATED_TECHNICAL_GATE_FAILED
W_VS_R,SYMBOL:CRCLUSDT,3,aggtrade_event_count_per_hour,1197.8727272727272,,,,NOT_EVALUATED_TECHNICAL_GATE_FAILED
W_VS_R,SYMBOL:CRCLUSDT,10,window_realized_volatility,0.03342880976423094,,,,NOT_EVALUATED_TECHNICAL_GATE_FAILED
W_VS_R,SYMBOL:CRCLUSDT,10,hourly_realized_volatility,0.004502314686699121,,,,NOT_EVALUATED_TECHNICAL_GATE_FAILED
W_VS_R,SYMBOL:CRCLUSDT,10,directional_efficiency,0.02342404409231844,,,,NOT_EVALUATED_TECHNICAL_GATE_FAILED
W_VS_R,SYMBOL:CRCLUSDT,10,completed_grid_cycles_per_hour,2.2181818181818183,,,,NOT_EVALUATED_TECHNICAL_GATE_FAILED
W_VS_R,SYMBOL:CRCLUSDT,10,fee_adjusted_cycle_capacity_per_hour,0.0024400000000000003,,,,NOT_EVALUATED_TECHNICAL_GATE_FAILED
W_VS_R,SYMBOL:CRCLUSDT,10,zero_trade_ratio,0.019696969696969695,,,,NOT_EVALUATED_TECHNICAL_GATE_FAILED
W_VS_R,SYMBOL:CRCLUSDT,10,trades_per_hour,2624.4363636363637,,,,NOT_EVALUATED_TECHNICAL_GATE_FAILED
W_VS_R,SYMBOL:CRCLUSDT,10,base_volume_per_hour,5920.195740740741,,,,NOT_EVALUATED_TECHNICAL_GATE_FAILED
W_VS_R,SYMBOL:CRCLUSDT,10,quote_volume_per_hour,661694.0278327273,,,,NOT_EVALUATED_TECHNICAL_GATE_FAILED
W_VS_R,SYMBOL:CRCLUSDT,10,median_trade_size,100.521,,,,NOT_EVALUATED_TECHNICAL_GATE_FAILED
W_VS_R,SYMBOL:CRCLUSDT,10,aggtrade_event_count_per_hour,1197.8727272727272,,,,NOT_EVALUATED_TECHNICAL_GATE_FAILED
W_VS_R,SYMBOL:CRCLUSDT,17,window_realized_volatility,0.03342880976423094,,,,NOT_EVALUATED_TECHNICAL_GATE_FAILED
W_VS_R,SYMBOL:CRCLUSDT,17,hourly_realized_volatility,0.004502314686699121,,,,NOT_EVALUATED_TECHNICAL_GATE_FAILED
W_VS_R,SYMBOL:CRCLUSDT,17,directional_efficiency,0.02342404409231844,,,,NOT_EVALUATED_TECHNICAL_GATE_FAILED
W_VS_R,SYMBOL:CRCLUSDT,17,completed_grid_cycles_per_hour,2.2181818181818183,,,,NOT_EVALUATED_TECHNICAL_GATE_FAILED
W_VS_R,SYMBOL:CRCLUSDT,17,fee_adjusted_cycle_capacity_per_hour,0.0024400000000000003,,,,NOT_EVALUATED_TECHNICAL_GATE_FAILED
W_VS_R,SYMBOL:CRCLUSDT,17,zero_trade_ratio,0.019696969696969695,,,,NOT_EVALUATED_TECHNICAL_GATE_FAILED
W_VS_R,SYMBOL:CRCLUSDT,17,trades_per_hour,2624.4363636363637,,,,NOT_EVALUATED_TECHNICAL_GATE_FAILED
W_VS_R,SYMBOL:CRCLUSDT,17,base_volume_per_hour,5920.195740740741,,,,NOT_EVALUATED_TECHNICAL_GATE_FAILED
W_VS_R,SYMBOL:CRCLUSDT,17,quote_volume_per_hour,661694.0278327273,,,,NOT_EVALUATED_TECHNICAL_GATE_FAILED
W_VS_R,SYMBOL:CRCLUSDT,17,median_trade_size,100.521,,,,NOT_EVALUATED_TECHNICAL_GATE_FAILED
W_VS_R,SYMBOL:CRCLUSDT,17,aggtrade_event_count_per_hour,1197.8727272727272,,,,NOT_EVALUATED_TECHNICAL_GATE_FAILED
W_VS_R,SYMBOL:CRCLUSDT,31,window_realized_volatility,0.03342880976423094,,,,NOT_EVALUATED_TECHNICAL_GATE_FAILED
W_VS_R,SYMBOL:CRCLUSDT,31,hourly_realized_volatility,0.004502314686699121,,,,NOT_EVALUATED_TECHNICAL_GATE_FAILED
W_VS_R,SYMBOL:CRCLUSDT,31,directional_efficiency,0.02342404409231844,,,,NOT_EVALUATED_TECHNICAL_GATE_FAILED
W_VS_R,SYMBOL:CRCLUSDT,31,completed_grid_cycles_per_hour,2.2181818181818183,,,,NOT_EVALUATED_TECHNICAL_GATE_FAILED
W_VS_R,SYMBOL:CRCLUSDT,31,fee_adjusted_cycle_capacity_per_hour,0.0024400000000000003,,,,NOT_EVALUATED_TECHNICAL_GATE_FAILED
W_VS_R,SYMBOL:CRCLUSDT,31,zero_trade_ratio,0.019696969696969695,,,,NOT_EVALUATED_TECHNICAL_GATE_FAILED
W_VS_R,SYMBOL:CRCLUSDT,31,trades_per_hour,2624.4363636363637,,,,NOT_EVALUATED_TECHNICAL_GATE_FAILED
W_VS_R,SYMBOL:CRCLUSDT,31,base_volume_per_hour,5920.195740740741,,,,NOT_EVALUATED_TECHNICAL_GATE_FAILED
W_VS_R,SYMBOL:CRCLUSDT,31,quote_volume_per_hour,661694.0278327273,,,,NOT_EVALUATED_TECHNICAL_GATE_FAILED
W_VS_R,SYMBOL:CRCLUSDT,31,median_trade_size,100.521,,,,NOT_EVALUATED_TECHNICAL_GATE_FAILED
W_VS_R,SYMBOL:CRCLUSDT,31,aggtrade_event_count_per_hour,1197.8727272727272,,,,NOT_EVALUATED_TECHNICAL_GATE_FAILED
W_VS_R,SYMBOL:CRCLUSDT,59,window_realized_volatility,0.03342880976423094,,,,NOT_EVALUATED_TECHNICAL_GATE_FAILED
W_VS_R,SYMBOL:CRCLUSDT,59,hourly_realized_volatility,0.004502314686699121,,,,NOT_EVALUATED_TECHNICAL_GATE_FAILED
W_VS_R,SYMBOL:CRCLUSDT,59,directional_efficiency,0.02342404409231844,,,,NOT_EVALUATED_TECHNICAL_GATE_FAILED
W_VS_R,SYMBOL:CRCLUSDT,59,completed_grid_cycles_per_hour,2.2181818181818183,,,,NOT_EVALUATED_TECHNICAL_GATE_FAILED
W_VS_R,SYMBOL:CRCLUSDT,59,fee_adjusted_cycle_capacity_per_hour,0.0024400000000000003,,,,NOT_EVALUATED_TECHNICAL_GATE_FAILED
W_VS_R,SYMBOL:CRCLUSDT,59,zero_trade_ratio,0.019696969696969695,,,,NOT_EVALUATED_TECHNICAL_GATE_FAILED
W_VS_R,SYMBOL:CRCLUSDT,59,trades_per_hour,2624.4363636363637,,,,NOT_EVALUATED_TECHNICAL_GATE_FAILED
W_VS_R,SYMBOL:CRCLUSDT,59,base_volume_per_hour,5920.195740740741,,,,NOT_EVALUATED_TECHNICAL_GATE_FAILED
W_VS_R,SYMBOL:CRCLUSDT,59,quote_volume_per_hour,661694.0278327273,,,,NOT_EVALUATED_TECHNICAL_GATE_FAILED
W_VS_R,SYMBOL:CRCLUSDT,59,median_trade_size,100.521,,,,NOT_EVALUATED_TECHNICAL_GATE_FAILED
W_VS_R,SYMBOL:CRCLUSDT,59,aggtrade_event_count_per_hour,1197.8727272727272,,,,NOT_EVALUATED_TECHNICAL_GATE_FAILED
W_VS_R,SYMBOL:CRCLUSDT,97,window_realized_volatility,0.03342880976423094,,,,NOT_EVALUATED_TECHNICAL_GATE_FAILED
W_VS_R,SYMBOL:CRCLUSDT,97,hourly_realized_volatility,0.004502314686699121,,,,NOT_EVALUATED_TECHNICAL_GATE_FAILED
W_VS_R,SYMBOL:CRCLUSDT,97,directional_efficiency,0.02342404409231844,,,,NOT_EVALUATED_TECHNICAL_GATE_FAILED
W_VS_R,SYMBOL:CRCLUSDT,97,completed_grid_cycles_per_hour,2.2181818181818183,,,,NOT_EVALUATED_TECHNICAL_GATE_FAILED
W_VS_R,SYMBOL:CRCLUSDT,97,fee_adjusted_cycle_capacity_per_hour,0.0024400000000000003,,,,NOT_EVALUATED_TECHNICAL_GATE_FAILED
W_VS_R,SYMBOL:CRCLUSDT,97,zero_trade_ratio,0.019696969696969695,,,,NOT_EVALUATED_TECHNICAL_GATE_FAILED
W_VS_R,SYMBOL:CRCLUSDT,97,trades_per_hour,2624.4363636363637,,,,NOT_EVALUATED_TECHNICAL_GATE_FAILED
W_VS_R,SYMBOL:CRCLUSDT,97,base_volume_per_hour,5920.195740740741,,,,NOT_EVALUATED_TECHNICAL_GATE_FAILED
W_VS_R,SYMBOL:CRCLUSDT,97,quote_volume_per_hour,661694.0278327273,,,,NOT_EVALUATED_TECHNICAL_GATE_FAILED
W_VS_R,SYMBOL:CRCLUSDT,97,median_trade_size,100.521,,,,NOT_EVALUATED_TECHNICAL_GATE_FAILED
W_VS_R,SYMBOL:CRCLUSDT,97,aggtrade_event_count_per_hour,1197.8727272727272,,,,NOT_EVALUATED_TECHNICAL_GATE_FAILED
W_VS_R,SYMBOL:CRCLUSDT,SEED_MEDIAN,window_realized_volatility,0.03342880976423094,,,,NOT_EVALUATED_TECHNICAL_GATE_FAILED
W_VS_R,SYMBOL:CRCLUSDT,SEED_MEDIAN,hourly_realized_volatility,0.004502314686699121,,,,NOT_EVALUATED_TECHNICAL_GATE_FAILED
W_VS_R,SYMBOL:CRCLUSDT,SEED_MEDIAN,directional_efficiency,0.02342404409231844,,,,NOT_EVALUATED_TECHNICAL_GATE_FAILED
W_VS_R,SYMBOL:CRCLUSDT,SEED_MEDIAN,completed_grid_cycles_per_hour,2.2181818181818183,,,,NOT_EVALUATED_TECHNICAL_GATE_FAILED
W_VS_R,SYMBOL:CRCLUSDT,SEED_MEDIAN,fee_adjusted_cycle_capacity_per_hour,0.0024400000000000003,,,,NOT_EVALUATED_TECHNICAL_GATE_FAILED
W_VS_R,SYMBOL:CRCLUSDT,SEED_MEDIAN,zero_trade_ratio,0.019696969696969695,,,,NOT_EVALUATED_TECHNICAL_GATE_FAILED
W_VS_R,SYMBOL:CRCLUSDT,SEED_MEDIAN,trades_per_hour,2624.4363636363637,,,,NOT_EVALUATED_TECHNICAL_GATE_FAILED
W_VS_R,SYMBOL:CRCLUSDT,SEED_MEDIAN,base_volume_per_hour,5920.195740740741,,,,NOT_EVALUATED_TECHNICAL_GATE_FAILED
W_VS_R,SYMBOL:CRCLUSDT,SEED_MEDIAN,quote_volume_per_hour,661694.0278327273,,,,NOT_EVALUATED_TECHNICAL_GATE_FAILED
W_VS_R,SYMBOL:CRCLUSDT,SEED_MEDIAN,median_trade_size,100.521,,,,NOT_EVALUATED_TECHNICAL_GATE_FAILED
W_VS_R,SYMBOL:CRCLUSDT,SEED_MEDIAN,aggtrade_event_count_per_hour,1197.8727272727272,,,,NOT_EVALUATED_TECHNICAL_GATE_FAILED
W_VS_R,SYMBOL:HOODUSDT,3,window_realized_volatility,0.022227040223377948,,,,NOT_EVALUATED_TECHNICAL_GATE_FAILED
W_VS_R,SYMBOL:HOODUSDT,3,hourly_realized_volatility,0.002919491244305228,,,,NOT_EVALUATED_TECHNICAL_GATE_FAILED
W_VS_R,SYMBOL:HOODUSDT,3,directional_efficiency,0.02340182648401815,,,,NOT_EVALUATED_TECHNICAL_GATE_FAILED
W_VS_R,SYMBOL:HOODUSDT,3,completed_grid_cycles_per_hour,1.1090909090909091,,,,NOT_EVALUATED_TECHNICAL_GATE_FAILED
W_VS_R,SYMBOL:HOODUSDT,3,fee_adjusted_cycle_capacity_per_hour,0.0012200000000000002,,,,NOT_EVALUATED_TECHNICAL_GATE_FAILED
W_VS_R,SYMBOL:HOODUSDT,3,zero_trade_ratio,0.1503030303030303,,,,NOT_EVALUATED_TECHNICAL_GATE_FAILED
W_VS_R,SYMBOL:HOODUSDT,3,trades_per_hour,899.6909090909091,,,,NOT_EVALUATED_TECHNICAL_GATE_FAILED
W_VS_R,SYMBOL:HOODUSDT,3,base_volume_per_hour,1686.6652727272726,,,,NOT_EVALUATED_TECHNICAL_GATE_FAILED
W_VS_R,SYMBOL:HOODUSDT,3,quote_volume_per_hour,112130.39177999999,,,,NOT_EVALUATED_TECHNICAL_GATE_FAILED
W_VS_R,SYMBOL:HOODUSDT,3,median_trade_size,36.68,,,,NOT_EVALUATED_TECHNICAL_GATE_FAILED
W_VS_R,SYMBOL:HOODUSDT,3,aggtrade_event_count_per_hour,400.0,,,,NOT_EVALUATED_TECHNICAL_GATE_FAILED
W_VS_R,SYMBOL:HOODUSDT,10,window_realized_volatility,0.022227040223377948,,,,NOT_EVALUATED_TECHNICAL_GATE_FAILED
W_VS_R,SYMBOL:HOODUSDT,10,hourly_realized_volatility,0.002919491244305228,,,,NOT_EVALUATED_TECHNICAL_GATE_FAILED
W_VS_R,SYMBOL:HOODUSDT,10,directional_efficiency,0.02340182648401815,,,,NOT_EVALUATED_TECHNICAL_GATE_FAILED
W_VS_R,SYMBOL:HOODUSDT,10,completed_grid_cycles_per_hour,1.1090909090909091,,,,NOT_EVALUATED_TECHNICAL_GATE_FAILED
W_VS_R,SYMBOL:HOODUSDT,10,fee_adjusted_cycle_capacity_per_hour,0.0012200000000000002,,,,NOT_EVALUATED_TECHNICAL_GATE_FAILED
W_VS_R,SYMBOL:HOODUSDT,10,zero_trade_ratio,0.1503030303030303,,,,NOT_EVALUATED_TECHNICAL_GATE_FAILED
W_VS_R,SYMBOL:HOODUSDT,10,trades_per_hour,899.6909090909091,,,,NOT_EVALUATED_TECHNICAL_GATE_FAILED
W_VS_R,SYMBOL:HOODUSDT,10,base_volume_per_hour,1686.6652727272726,,,,NOT_EVALUATED_TECHNICAL_GATE_FAILED
W_VS_R,SYMBOL:HOODUSDT,10,quote_volume_per_hour,112130.39177999999,,,,NOT_EVALUATED_TECHNICAL_GATE_FAILED
W_VS_R,SYMBOL:HOODUSDT,10,median_trade_size,36.68,,,,NOT_EVALUATED_TECHNICAL_GATE_FAILED
W_VS_R,SYMBOL:HOODUSDT,10,aggtrade_event_count_per_hour,400.0,,,,NOT_EVALUATED_TECHNICAL_GATE_FAILED
W_VS_R,SYMBOL:HOODUSDT,17,window_realized_volatility,0.022227040223377948,,,,NOT_EVALUATED_TECHNICAL_GATE_FAILED
W_VS_R,SYMBOL:HOODUSDT,17,hourly_realized_volatility,0.002919491244305228,,,,NOT_EVALUATED_TECHNICAL_GATE_FAILED
W_VS_R,SYMBOL:HOODUSDT,17,directional_efficiency,0.02340182648401815,,,,NOT_EVALUATED_TECHNICAL_GATE_FAILED
W_VS_R,SYMBOL:HOODUSDT,17,completed_grid_cycles_per_hour,1.1090909090909091,,,,NOT_EVALUATED_TECHNICAL_GATE_FAILED
W_VS_R,SYMBOL:HOODUSDT,17,fee_adjusted_cycle_capacity_per_hour,0.0012200000000000002,,,,NOT_EVALUATED_TECHNICAL_GATE_FAILED
W_VS_R,SYMBOL:HOODUSDT,17,zero_trade_ratio,0.1503030303030303,,,,NOT_EVALUATED_TECHNICAL_GATE_FAILED
W_VS_R,SYMBOL:HOODUSDT,17,trades_per_hour,899.6909090909091,,,,NOT_EVALUATED_TECHNICAL_GATE_FAILED
W_VS_R,SYMBOL:HOODUSDT,17,base_volume_per_hour,1686.6652727272726,,,,NOT_EVALUATED_TECHNICAL_GATE_FAILED
W_VS_R,SYMBOL:HOODUSDT,17,quote_volume_per_hour,112130.39177999999,,,,NOT_EVALUATED_TECHNICAL_GATE_FAILED
W_VS_R,SYMBOL:HOODUSDT,17,median_trade_size,36.68,,,,NOT_EVALUATED_TECHNICAL_GATE_FAILED
W_VS_R,SYMBOL:HOODUSDT,17,aggtrade_event_count_per_hour,400.0,,,,NOT_EVALUATED_TECHNICAL_GATE_FAILED
W_VS_R,SYMBOL:HOODUSDT,31,window_realized_volatility,0.022227040223377948,,,,NOT_EVALUATED_TECHNICAL_GATE_FAILED
W_VS_R,SYMBOL:HOODUSDT,31,hourly_realized_volatility,0.002919491244305228,,,,NOT_EVALUATED_TECHNICAL_GATE_FAILED
W_VS_R,SYMBOL:HOODUSDT,31,directional_efficiency,0.02340182648401815,,,,NOT_EVALUATED_TECHNICAL_GATE_FAILED
W_VS_R,SYMBOL:HOODUSDT,31,completed_grid_cycles_per_hour,1.1090909090909091,,,,NOT_EVALUATED_TECHNICAL_GATE_FAILED
W_VS_R,SYMBOL:HOODUSDT,31,fee_adjusted_cycle_capacity_per_hour,0.0012200000000000002,,,,NOT_EVALUATED_TECHNICAL_GATE_FAILED
W_VS_R,SYMBOL:HOODUSDT,31,zero_trade_ratio,0.1503030303030303,,,,NOT_EVALUATED_TECHNICAL_GATE_FAILED
W_VS_R,SYMBOL:HOODUSDT,31,trades_per_hour,899.6909090909091,,,,NOT_EVALUATED_TECHNICAL_GATE_FAILED
W_VS_R,SYMBOL:HOODUSDT,31,base_volume_per_hour,1686.6652727272726,,,,NOT_EVALUATED_TECHNICAL_GATE_FAILED
W_VS_R,SYMBOL:HOODUSDT,31,quote_volume_per_hour,112130.39177999999,,,,NOT_EVALUATED_TECHNICAL_GATE_FAILED
W_VS_R,SYMBOL:HOODUSDT,31,median_trade_size,36.68,,,,NOT_EVALUATED_TECHNICAL_GATE_FAILED
W_VS_R,SYMBOL:HOODUSDT,31,aggtrade_event_count_per_hour,400.0,,,,NOT_EVALUATED_TECHNICAL_GATE_FAILED
W_VS_R,SYMBOL:HOODUSDT,59,window_realized_volatility,0.022227040223377948,,,,NOT_EVALUATED_TECHNICAL_GATE_FAILED
W_VS_R,SYMBOL:HOODUSDT,59,hourly_realized_volatility,0.002919491244305228,,,,NOT_EVALUATED_TECHNICAL_GATE_FAILED
W_VS_R,SYMBOL:HOODUSDT,59,directional_efficiency,0.02340182648401815,,,,NOT_EVALUATED_TECHNICAL_GATE_FAILED
W_VS_R,SYMBOL:HOODUSDT,59,completed_grid_cycles_per_hour,1.1090909090909091,,,,NOT_EVALUATED_TECHNICAL_GATE_FAILED
W_VS_R,SYMBOL:HOODUSDT,59,fee_adjusted_cycle_capacity_per_hour,0.0012200000000000002,,,,NOT_EVALUATED_TECHNICAL_GATE_FAILED
W_VS_R,SYMBOL:HOODUSDT,59,zero_trade_ratio,0.1503030303030303,,,,NOT_EVALUATED_TECHNICAL_GATE_FAILED
W_VS_R,SYMBOL:HOODUSDT,59,trades_per_hour,899.6909090909091,,,,NOT_EVALUATED_TECHNICAL_GATE_FAILED
W_VS_R,SYMBOL:HOODUSDT,59,base_volume_per_hour,1686.6652727272726,,,,NOT_EVALUATED_TECHNICAL_GATE_FAILED
W_VS_R,SYMBOL:HOODUSDT,59,quote_volume_per_hour,112130.39177999999,,,,NOT_EVALUATED_TECHNICAL_GATE_FAILED
W_VS_R,SYMBOL:HOODUSDT,59,median_trade_size,36.68,,,,NOT_EVALUATED_TECHNICAL_GATE_FAILED
W_VS_R,SYMBOL:HOODUSDT,59,aggtrade_event_count_per_hour,400.0,,,,NOT_EVALUATED_TECHNICAL_GATE_FAILED
W_VS_R,SYMBOL:HOODUSDT,97,window_realized_volatility,0.022227040223377948,,,,NOT_EVALUATED_TECHNICAL_GATE_FAILED
W_VS_R,SYMBOL:HOODUSDT,97,hourly_realized_volatility,0.002919491244305228,,,,NOT_EVALUATED_TECHNICAL_GATE_FAILED
W_VS_R,SYMBOL:HOODUSDT,97,directional_efficiency,0.02340182648401815,,,,NOT_EVALUATED_TECHNICAL_GATE_FAILED
W_VS_R,SYMBOL:HOODUSDT,97,completed_grid_cycles_per_hour,1.1090909090909091,,,,NOT_EVALUATED_TECHNICAL_GATE_FAILED
W_VS_R,SYMBOL:HOODUSDT,97,fee_adjusted_cycle_capacity_per_hour,0.0012200000000000002,,,,NOT_EVALUATED_TECHNICAL_GATE_FAILED
W_VS_R,SYMBOL:HOODUSDT,97,zero_trade_ratio,0.1503030303030303,,,,NOT_EVALUATED_TECHNICAL_GATE_FAILED
W_VS_R,SYMBOL:HOODUSDT,97,trades_per_hour,899.6909090909091,,,,NOT_EVALUATED_TECHNICAL_GATE_FAILED
W_VS_R,SYMBOL:HOODUSDT,97,base_volume_per_hour,1686.6652727272726,,,,NOT_EVALUATED_TECHNICAL_GATE_FAILED
W_VS_R,SYMBOL:HOODUSDT,97,quote_volume_per_hour,112130.39177999999,,,,NOT_EVALUATED_TECHNICAL_GATE_FAILED
W_VS_R,SYMBOL:HOODUSDT,97,median_trade_size,36.68,,,,NOT_EVALUATED_TECHNICAL_GATE_FAILED
W_VS_R,SYMBOL:HOODUSDT,97,aggtrade_event_count_per_hour,400.0,,,,NOT_EVALUATED_TECHNICAL_GATE_FAILED
W_VS_R,SYMBOL:HOODUSDT,SEED_MEDIAN,window_realized_volatility,0.022227040223377948,,,,NOT_EVALUATED_TECHNICAL_GATE_FAILED
W_VS_R,SYMBOL:HOODUSDT,SEED_MEDIAN,hourly_realized_volatility,0.002919491244305228,,,,NOT_EVALUATED_TECHNICAL_GATE_FAILED
W_VS_R,SYMBOL:HOODUSDT,SEED_MEDIAN,directional_efficiency,0.02340182648401815,,,,NOT_EVALUATED_TECHNICAL_GATE_FAILED
W_VS_R,SYMBOL:HOODUSDT,SEED_MEDIAN,completed_grid_cycles_per_hour,1.1090909090909091,,,,NOT_EVALUATED_TECHNICAL_GATE_FAILED
W_VS_R,SYMBOL:HOODUSDT,SEED_MEDIAN,fee_adjusted_cycle_capacity_per_hour,0.0012200000000000002,,,,NOT_EVALUATED_TECHNICAL_GATE_FAILED
W_VS_R,SYMBOL:HOODUSDT,SEED_MEDIAN,zero_trade_ratio,0.1503030303030303,,,,NOT_EVALUATED_TECHNICAL_GATE_FAILED
W_VS_R,SYMBOL:HOODUSDT,SEED_MEDIAN,trades_per_hour,899.6909090909091,,,,NOT_EVALUATED_TECHNICAL_GATE_FAILED
W_VS_R,SYMBOL:HOODUSDT,SEED_MEDIAN,base_volume_per_hour,1686.6652727272726,,,,NOT_EVALUATED_TECHNICAL_GATE_FAILED
W_VS_R,SYMBOL:HOODUSDT,SEED_MEDIAN,quote_volume_per_hour,112130.39177999999,,,,NOT_EVALUATED_TECHNICAL_GATE_FAILED
W_VS_R,SYMBOL:HOODUSDT,SEED_MEDIAN,median_trade_size,36.68,,,,NOT_EVALUATED_TECHNICAL_GATE_FAILED
W_VS_R,SYMBOL:HOODUSDT,SEED_MEDIAN,aggtrade_event_count_per_hour,400.0,,,,NOT_EVALUATED_TECHNICAL_GATE_FAILED
W_VS_R,SYMBOL:INTCUSDT,3,window_realized_volatility,0.028213447512225768,,,,NOT_EVALUATED_TECHNICAL_GATE_FAILED
W_VS_R,SYMBOL:INTCUSDT,3,hourly_realized_volatility,0.0038043004864713025,,,,NOT_EVALUATED_TECHNICAL_GATE_FAILED
W_VS_R,SYMBOL:INTCUSDT,3,directional_efficiency,0.01575017712136899,,,,NOT_EVALUATED_TECHNICAL_GATE_FAILED
W_VS_R,SYMBOL:INTCUSDT,3,completed_grid_cycles_per_hour,1.290909090909091,,,,NOT_EVALUATED_TECHNICAL_GATE_FAILED
W_VS_R,SYMBOL:INTCUSDT,3,fee_adjusted_cycle_capacity_per_hour,0.0014200000000000003,,,,NOT_EVALUATED_TECHNICAL_GATE_FAILED
W_VS_R,SYMBOL:INTCUSDT,3,zero_trade_ratio,0.13272727272727272,,,,NOT_EVALUATED_TECHNICAL_GATE_FAILED
W_VS_R,SYMBOL:INTCUSDT,3,trades_per_hour,1120.8909090909092,,,,NOT_EVALUATED_TECHNICAL_GATE_FAILED
W_VS_R,SYMBOL:INTCUSDT,3,base_volume_per_hour,3748.4110909090914,,,,NOT_EVALUATED_TECHNICAL_GATE_FAILED
W_VS_R,SYMBOL:INTCUSDT,3,quote_volume_per_hour,318497.9364381818,,,,NOT_EVALUATED_TECHNICAL_GATE_FAILED
W_VS_R,SYMBOL:INTCUSDT,3,median_trade_size,65.6474,,,,NOT_EVALUATED_TECHNICAL_GATE_FAILED
W_VS_R,SYMBOL:INTCUSDT,3,aggtrade_event_count_per_hour,499.6,,,,NOT_EVALUATED_TECHNICAL_GATE_FAILED
W_VS_R,SYMBOL:INTCUSDT,10,window_realized_volatility,0.028213447512225768,,,,NOT_EVALUATED_TECHNICAL_GATE_FAILED
W_VS_R,SYMBOL:INTCUSDT,10,hourly_realized_volatility,0.0038043004864713025,,,,NOT_EVALUATED_TECHNICAL_GATE_FAILED
W_VS_R,SYMBOL:INTCUSDT,10,directional_efficiency,0.01575017712136899,,,,NOT_EVALUATED_TECHNICAL_GATE_FAILED
W_VS_R,SYMBOL:INTCUSDT,10,completed_grid_cycles_per_hour,1.290909090909091,,,,NOT_EVALUATED_TECHNICAL_GATE_FAILED
W_VS_R,SYMBOL:INTCUSDT,10,fee_adjusted_cycle_capacity_per_hour,0.0014200000000000003,,,,NOT_EVALUATED_TECHNICAL_GATE_FAILED
W_VS_R,SYMBOL:INTCUSDT,10,zero_trade_ratio,0.13272727272727272,,,,NOT_EVALUATED_TECHNICAL_GATE_FAILED
W_VS_R,SYMBOL:INTCUSDT,10,trades_per_hour,1120.8909090909092,,,,NOT_EVALUATED_TECHNICAL_GATE_FAILED
W_VS_R,SYMBOL:INTCUSDT,10,base_volume_per_hour,3748.4110909090914,,,,NOT_EVALUATED_TECHNICAL_GATE_FAILED
W_VS_R,SYMBOL:INTCUSDT,10,quote_volume_per_hour,318497.9364381818,,,,NOT_EVALUATED_TECHNICAL_GATE_FAILED
W_VS_R,SYMBOL:INTCUSDT,10,median_trade_size,65.6474,,,,NOT_EVALUATED_TECHNICAL_GATE_FAILED
W_VS_R,SYMBOL:INTCUSDT,10,aggtrade_event_count_per_hour,499.6,,,,NOT_EVALUATED_TECHNICAL_GATE_FAILED
W_VS_R,SYMBOL:INTCUSDT,17,window_realized_volatility,0.028213447512225768,,,,NOT_EVALUATED_TECHNICAL_GATE_FAILED
W_VS_R,SYMBOL:INTCUSDT,17,hourly_realized_volatility,0.0038043004864713025,,,,NOT_EVALUATED_TECHNICAL_GATE_FAILED
W_VS_R,SYMBOL:INTCUSDT,17,directional_efficiency,0.01575017712136899,,,,NOT_EVALUATED_TECHNICAL_GATE_FAILED
W_VS_R,SYMBOL:INTCUSDT,17,completed_grid_cycles_per_hour,1.290909090909091,,,,NOT_EVALUATED_TECHNICAL_GATE_FAILED
W_VS_R,SYMBOL:INTCUSDT,17,fee_adjusted_cycle_capacity_per_hour,0.0014200000000000003,,,,NOT_EVALUATED_TECHNICAL_GATE_FAILED
W_VS_R,SYMBOL:INTCUSDT,17,zero_trade_ratio,0.13272727272727272,,,,NOT_EVALUATED_TECHNICAL_GATE_FAILED
W_VS_R,SYMBOL:INTCUSDT,17,trades_per_hour,1120.8909090909092,,,,NOT_EVALUATED_TECHNICAL_GATE_FAILED
W_VS_R,SYMBOL:INTCUSDT,17,base_volume_per_hour,3748.4110909090914,,,,NOT_EVALUATED_TECHNICAL_GATE_FAILED
W_VS_R,SYMBOL:INTCUSDT,17,quote_volume_per_hour,318497.9364381818,,,,NOT_EVALUATED_TECHNICAL_GATE_FAILED
W_VS_R,SYMBOL:INTCUSDT,17,median_trade_size,65.6474,,,,NOT_EVALUATED_TECHNICAL_GATE_FAILED
W_VS_R,SYMBOL:INTCUSDT,17,aggtrade_event_count_per_hour,499.6,,,,NOT_EVALUATED_TECHNICAL_GATE_FAILED
W_VS_R,SYMBOL:INTCUSDT,31,window_realized_volatility,0.028213447512225768,,,,NOT_EVALUATED_TECHNICAL_GATE_FAILED
W_VS_R,SYMBOL:INTCUSDT,31,hourly_realized_volatility,0.0038043004864713025,,,,NOT_EVALUATED_TECHNICAL_GATE_FAILED
W_VS_R,SYMBOL:INTCUSDT,31,directional_efficiency,0.01575017712136899,,,,NOT_EVALUATED_TECHNICAL_GATE_FAILED
W_VS_R,SYMBOL:INTCUSDT,31,completed_grid_cycles_per_hour,1.290909090909091,,,,NOT_EVALUATED_TECHNICAL_GATE_FAILED
W_VS_R,SYMBOL:INTCUSDT,31,fee_adjusted_cycle_capacity_per_hour,0.0014200000000000003,,,,NOT_EVALUATED_TECHNICAL_GATE_FAILED
W_VS_R,SYMBOL:INTCUSDT,31,zero_trade_ratio,0.13272727272727272,,,,NOT_EVALUATED_TECHNICAL_GATE_FAILED
W_VS_R,SYMBOL:INTCUSDT,31,trades_per_hour,1120.8909090909092,,,,NOT_EVALUATED_TECHNICAL_GATE_FAILED
W_VS_R,SYMBOL:INTCUSDT,31,base_volume_per_hour,3748.4110909090914,,,,NOT_EVALUATED_TECHNICAL_GATE_FAILED
W_VS_R,SYMBOL:INTCUSDT,31,quote_volume_per_hour,318497.9364381818,,,,NOT_EVALUATED_TECHNICAL_GATE_FAILED
W_VS_R,SYMBOL:INTCUSDT,31,median_trade_size,65.6474,,,,NOT_EVALUATED_TECHNICAL_GATE_FAILED
W_VS_R,SYMBOL:INTCUSDT,31,aggtrade_event_count_per_hour,499.6,,,,NOT_EVALUATED_TECHNICAL_GATE_FAILED
W_VS_R,SYMBOL:INTCUSDT,59,window_realized_volatility,0.028213447512225768,,,,NOT_EVALUATED_TECHNICAL_GATE_FAILED
W_VS_R,SYMBOL:INTCUSDT,59,hourly_realized_volatility,0.0038043004864713025,,,,NOT_EVALUATED_TECHNICAL_GATE_FAILED
W_VS_R,SYMBOL:INTCUSDT,59,directional_efficiency,0.01575017712136899,,,,NOT_EVALUATED_TECHNICAL_GATE_FAILED
W_VS_R,SYMBOL:INTCUSDT,59,completed_grid_cycles_per_hour,1.290909090909091,,,,NOT_EVALUATED_TECHNICAL_GATE_FAILED
W_VS_R,SYMBOL:INTCUSDT,59,fee_adjusted_cycle_capacity_per_hour,0.0014200000000000003,,,,NOT_EVALUATED_TECHNICAL_GATE_FAILED
W_VS_R,SYMBOL:INTCUSDT,59,zero_trade_ratio,0.13272727272727272,,,,NOT_EVALUATED_TECHNICAL_GATE_FAILED
W_VS_R,SYMBOL:INTCUSDT,59,trades_per_hour,1120.8909090909092,,,,NOT_EVALUATED_TECHNICAL_GATE_FAILED
W_VS_R,SYMBOL:INTCUSDT,59,base_volume_per_hour,3748.4110909090914,,,,NOT_EVALUATED_TECHNICAL_GATE_FAILED
W_VS_R,SYMBOL:INTCUSDT,59,quote_volume_per_hour,318497.9364381818,,,,NOT_EVALUATED_TECHNICAL_GATE_FAILED
W_VS_R,SYMBOL:INTCUSDT,59,median_trade_size,65.6474,,,,NOT_EVALUATED_TECHNICAL_GATE_FAILED
W_VS_R,SYMBOL:INTCUSDT,59,aggtrade_event_count_per_hour,499.6,,,,NOT_EVALUATED_TECHNICAL_GATE_FAILED
W_VS_R,SYMBOL:INTCUSDT,97,window_realized_volatility,0.028213447512225768,,,,NOT_EVALUATED_TECHNICAL_GATE_FAILED
W_VS_R,SYMBOL:INTCUSDT,97,hourly_realized_volatility,0.0038043004864713025,,,,NOT_EVALUATED_TECHNICAL_GATE_FAILED
W_VS_R,SYMBOL:INTCUSDT,97,directional_efficiency,0.01575017712136899,,,,NOT_EVALUATED_TECHNICAL_GATE_FAILED
W_VS_R,SYMBOL:INTCUSDT,97,completed_grid_cycles_per_hour,1.290909090909091,,,,NOT_EVALUATED_TECHNICAL_GATE_FAILED
W_VS_R,SYMBOL:INTCUSDT,97,fee_adjusted_cycle_capacity_per_hour,0.0014200000000000003,,,,NOT_EVALUATED_TECHNICAL_GATE_FAILED
W_VS_R,SYMBOL:INTCUSDT,97,zero_trade_ratio,0.13272727272727272,,,,NOT_EVALUATED_TECHNICAL_GATE_FAILED
W_VS_R,SYMBOL:INTCUSDT,97,trades_per_hour,1120.8909090909092,,,,NOT_EVALUATED_TECHNICAL_GATE_FAILED
W_VS_R,SYMBOL:INTCUSDT,97,base_volume_per_hour,3748.4110909090914,,,,NOT_EVALUATED_TECHNICAL_GATE_FAILED
W_VS_R,SYMBOL:INTCUSDT,97,quote_volume_per_hour,318497.9364381818,,,,NOT_EVALUATED_TECHNICAL_GATE_FAILED
W_VS_R,SYMBOL:INTCUSDT,97,median_trade_size,65.6474,,,,NOT_EVALUATED_TECHNICAL_GATE_FAILED
W_VS_R,SYMBOL:INTCUSDT,97,aggtrade_event_count_per_hour,499.6,,,,NOT_EVALUATED_TECHNICAL_GATE_FAILED
W_VS_R,SYMBOL:INTCUSDT,SEED_MEDIAN,window_realized_volatility,0.028213447512225768,,,,NOT_EVALUATED_TECHNICAL_GATE_FAILED
W_VS_R,SYMBOL:INTCUSDT,SEED_MEDIAN,hourly_realized_volatility,0.0038043004864713025,,,,NOT_EVALUATED_TECHNICAL_GATE_FAILED
W_VS_R,SYMBOL:INTCUSDT,SEED_MEDIAN,directional_efficiency,0.01575017712136899,,,,NOT_EVALUATED_TECHNICAL_GATE_FAILED
W_VS_R,SYMBOL:INTCUSDT,SEED_MEDIAN,completed_grid_cycles_per_hour,1.290909090909091,,,,NOT_EVALUATED_TECHNICAL_GATE_FAILED
W_VS_R,SYMBOL:INTCUSDT,SEED_MEDIAN,fee_adjusted_cycle_capacity_per_hour,0.0014200000000000003,,,,NOT_EVALUATED_TECHNICAL_GATE_FAILED
W_VS_R,SYMBOL:INTCUSDT,SEED_MEDIAN,zero_trade_ratio,0.13272727272727272,,,,NOT_EVALUATED_TECHNICAL_GATE_FAILED
W_VS_R,SYMBOL:INTCUSDT,SEED_MEDIAN,trades_per_hour,1120.8909090909092,,,,NOT_EVALUATED_TECHNICAL_GATE_FAILED
W_VS_R,SYMBOL:INTCUSDT,SEED_MEDIAN,base_volume_per_hour,3748.4110909090914,,,,NOT_EVALUATED_TECHNICAL_GATE_FAILED
W_VS_R,SYMBOL:INTCUSDT,SEED_MEDIAN,quote_volume_per_hour,318497.9364381818,,,,NOT_EVALUATED_TECHNICAL_GATE_FAILED
W_VS_R,SYMBOL:INTCUSDT,SEED_MEDIAN,median_trade_size,65.6474,,,,NOT_EVALUATED_TECHNICAL_GATE_FAILED
W_VS_R,SYMBOL:INTCUSDT,SEED_MEDIAN,aggtrade_event_count_per_hour,499.6,,,,NOT_EVALUATED_TECHNICAL_GATE_FAILED
W_VS_R,SYMBOL:MSTRUSDT,3,window_realized_volatility,0.029194529971036096,,,,NOT_EVALUATED_TECHNICAL_GATE_FAILED
W_VS_R,SYMBOL:MSTRUSDT,3,hourly_realized_volatility,0.003936589618230306,,,,NOT_EVALUATED_TECHNICAL_GATE_FAILED
W_VS_R,SYMBOL:MSTRUSDT,3,directional_efficiency,0.026380406724170552,,,,NOT_EVALUATED_TECHNICAL_GATE_FAILED
W_VS_R,SYMBOL:MSTRUSDT,3,completed_grid_cycles_per_hour,2.018181818181818,,,,NOT_EVALUATED_TECHNICAL_GATE_FAILED
W_VS_R,SYMBOL:MSTRUSDT,3,fee_adjusted_cycle_capacity_per_hour,0.00222,,,,NOT_EVALUATED_TECHNICAL_GATE_FAILED
W_VS_R,SYMBOL:MSTRUSDT,3,zero_trade_ratio,0.010303030303030303,,,,NOT_EVALUATED_TECHNICAL_GATE_FAILED
W_VS_R,SYMBOL:MSTRUSDT,3,trades_per_hour,1767.6909090909091,,,,NOT_EVALUATED_TECHNICAL_GATE_FAILED
W_VS_R,SYMBOL:MSTRUSDT,3,base_volume_per_hour,2929.037592592593,,,,NOT_EVALUATED_TECHNICAL_GATE_FAILED
W_VS_R,SYMBOL:MSTRUSDT,3,quote_volume_per_hour,418530.51101454545,,,,NOT_EVALUATED_TECHNICAL_GATE_FAILED
W_VS_R,SYMBOL:MSTRUSDT,3,median_trade_size,100.2737,,,,NOT_EVALUATED_TECHNICAL_GATE_FAILED
W_VS_R,SYMBOL:MSTRUSDT,3,aggtrade_event_count_per_hour,1005.8909090909091,,,,NOT_EVALUATED_TECHNICAL_GATE_FAILED
W_VS_R,SYMBOL:MSTRUSDT,10,window_realized_volatility,0.029194529971036096,,,,NOT_EVALUATED_TECHNICAL_GATE_FAILED
W_VS_R,SYMBOL:MSTRUSDT,10,hourly_realized_volatility,0.003936589618230306,,,,NOT_EVALUATED_TECHNICAL_GATE_FAILED
W_VS_R,SYMBOL:MSTRUSDT,10,directional_efficiency,0.026380406724170552,,,,NOT_EVALUATED_TECHNICAL_GATE_FAILED
W_VS_R,SYMBOL:MSTRUSDT,10,completed_grid_cycles_per_hour,2.018181818181818,,,,NOT_EVALUATED_TECHNICAL_GATE_FAILED
W_VS_R,SYMBOL:MSTRUSDT,10,fee_adjusted_cycle_capacity_per_hour,0.00222,,,,NOT_EVALUATED_TECHNICAL_GATE_FAILED
W_VS_R,SYMBOL:MSTRUSDT,10,zero_trade_ratio,0.010303030303030303,,,,NOT_EVALUATED_TECHNICAL_GATE_FAILED
W_VS_R,SYMBOL:MSTRUSDT,10,trades_per_hour,1767.6909090909091,,,,NOT_EVALUATED_TECHNICAL_GATE_FAILED
W_VS_R,SYMBOL:MSTRUSDT,10,base_volume_per_hour,2929.037592592593,,,,NOT_EVALUATED_TECHNICAL_GATE_FAILED
W_VS_R,SYMBOL:MSTRUSDT,10,quote_volume_per_hour,418530.51101454545,,,,NOT_EVALUATED_TECHNICAL_GATE_FAILED
W_VS_R,SYMBOL:MSTRUSDT,10,median_trade_size,100.2737,,,,NOT_EVALUATED_TECHNICAL_GATE_FAILED
W_VS_R,SYMBOL:MSTRUSDT,10,aggtrade_event_count_per_hour,1005.8909090909091,,,,NOT_EVALUATED_TECHNICAL_GATE_FAILED
W_VS_R,SYMBOL:MSTRUSDT,17,window_realized_volatility,0.029194529971036096,,,,NOT_EVALUATED_TECHNICAL_GATE_FAILED
W_VS_R,SYMBOL:MSTRUSDT,17,hourly_realized_volatility,0.003936589618230306,,,,NOT_EVALUATED_TECHNICAL_GATE_FAILED
W_VS_R,SYMBOL:MSTRUSDT,17,directional_efficiency,0.026380406724170552,,,,NOT_EVALUATED_TECHNICAL_GATE_FAILED
W_VS_R,SYMBOL:MSTRUSDT,17,completed_grid_cycles_per_hour,2.018181818181818,,,,NOT_EVALUATED_TECHNICAL_GATE_FAILED
W_VS_R,SYMBOL:MSTRUSDT,17,fee_adjusted_cycle_capacity_per_hour,0.00222,,,,NOT_EVALUATED_TECHNICAL_GATE_FAILED
W_VS_R,SYMBOL:MSTRUSDT,17,zero_trade_ratio,0.010303030303030303,,,,NOT_EVALUATED_TECHNICAL_GATE_FAILED
W_VS_R,SYMBOL:MSTRUSDT,17,trades_per_hour,1767.6909090909091,,,,NOT_EVALUATED_TECHNICAL_GATE_FAILED
W_VS_R,SYMBOL:MSTRUSDT,17,base_volume_per_hour,2929.037592592593,,,,NOT_EVALUATED_TECHNICAL_GATE_FAILED
W_VS_R,SYMBOL:MSTRUSDT,17,quote_volume_per_hour,418530.51101454545,,,,NOT_EVALUATED_TECHNICAL_GATE_FAILED
W_VS_R,SYMBOL:MSTRUSDT,17,median_trade_size,100.2737,,,,NOT_EVALUATED_TECHNICAL_GATE_FAILED
W_VS_R,SYMBOL:MSTRUSDT,17,aggtrade_event_count_per_hour,1005.8909090909091,,,,NOT_EVALUATED_TECHNICAL_GATE_FAILED
W_VS_R,SYMBOL:MSTRUSDT,31,window_realized_volatility,0.029194529971036096,,,,NOT_EVALUATED_TECHNICAL_GATE_FAILED
W_VS_R,SYMBOL:MSTRUSDT,31,hourly_realized_volatility,0.003936589618230306,,,,NOT_EVALUATED_TECHNICAL_GATE_FAILED
W_VS_R,SYMBOL:MSTRUSDT,31,directional_efficiency,0.026380406724170552,,,,NOT_EVALUATED_TECHNICAL_GATE_FAILED
W_VS_R,SYMBOL:MSTRUSDT,31,completed_grid_cycles_per_hour,2.018181818181818,,,,NOT_EVALUATED_TECHNICAL_GATE_FAILED
W_VS_R,SYMBOL:MSTRUSDT,31,fee_adjusted_cycle_capacity_per_hour,0.00222,,,,NOT_EVALUATED_TECHNICAL_GATE_FAILED
W_VS_R,SYMBOL:MSTRUSDT,31,zero_trade_ratio,0.010303030303030303,,,,NOT_EVALUATED_TECHNICAL_GATE_FAILED
W_VS_R,SYMBOL:MSTRUSDT,31,trades_per_hour,1767.6909090909091,,,,NOT_EVALUATED_TECHNICAL_GATE_FAILED
W_VS_R,SYMBOL:MSTRUSDT,31,base_volume_per_hour,2929.037592592593,,,,NOT_EVALUATED_TECHNICAL_GATE_FAILED
W_VS_R,SYMBOL:MSTRUSDT,31,quote_volume_per_hour,418530.51101454545,,,,NOT_EVALUATED_TECHNICAL_GATE_FAILED
W_VS_R,SYMBOL:MSTRUSDT,31,median_trade_size,100.2737,,,,NOT_EVALUATED_TECHNICAL_GATE_FAILED
W_VS_R,SYMBOL:MSTRUSDT,31,aggtrade_event_count_per_hour,1005.8909090909091,,,,NOT_EVALUATED_TECHNICAL_GATE_FAILED
W_VS_R,SYMBOL:MSTRUSDT,59,window_realized_volatility,0.029194529971036096,,,,NOT_EVALUATED_TECHNICAL_GATE_FAILED
W_VS_R,SYMBOL:MSTRUSDT,59,hourly_realized_volatility,0.003936589618230306,,,,NOT_EVALUATED_TECHNICAL_GATE_FAILED
W_VS_R,SYMBOL:MSTRUSDT,59,directional_efficiency,0.026380406724170552,,,,NOT_EVALUATED_TECHNICAL_GATE_FAILED
W_VS_R,SYMBOL:MSTRUSDT,59,completed_grid_cycles_per_hour,2.018181818181818,,,,NOT_EVALUATED_TECHNICAL_GATE_FAILED
W_VS_R,SYMBOL:MSTRUSDT,59,fee_adjusted_cycle_capacity_per_hour,0.00222,,,,NOT_EVALUATED_TECHNICAL_GATE_FAILED
W_VS_R,SYMBOL:MSTRUSDT,59,zero_trade_ratio,0.010303030303030303,,,,NOT_EVALUATED_TECHNICAL_GATE_FAILED
W_VS_R,SYMBOL:MSTRUSDT,59,trades_per_hour,1767.6909090909091,,,,NOT_EVALUATED_TECHNICAL_GATE_FAILED
W_VS_R,SYMBOL:MSTRUSDT,59,base_volume_per_hour,2929.037592592593,,,,NOT_EVALUATED_TECHNICAL_GATE_FAILED
W_VS_R,SYMBOL:MSTRUSDT,59,quote_volume_per_hour,418530.51101454545,,,,NOT_EVALUATED_TECHNICAL_GATE_FAILED
W_VS_R,SYMBOL:MSTRUSDT,59,median_trade_size,100.2737,,,,NOT_EVALUATED_TECHNICAL_GATE_FAILED
W_VS_R,SYMBOL:MSTRUSDT,59,aggtrade_event_count_per_hour,1005.8909090909091,,,,NOT_EVALUATED_TECHNICAL_GATE_FAILED
W_VS_R,SYMBOL:MSTRUSDT,97,window_realized_volatility,0.029194529971036096,,,,NOT_EVALUATED_TECHNICAL_GATE_FAILED
W_VS_R,SYMBOL:MSTRUSDT,97,hourly_realized_volatility,0.003936589618230306,,,,NOT_EVALUATED_TECHNICAL_GATE_FAILED
W_VS_R,SYMBOL:MSTRUSDT,97,directional_efficiency,0.026380406724170552,,,,NOT_EVALUATED_TECHNICAL_GATE_FAILED
W_VS_R,SYMBOL:MSTRUSDT,97,completed_grid_cycles_per_hour,2.018181818181818,,,,NOT_EVALUATED_TECHNICAL_GATE_FAILED
W_VS_R,SYMBOL:MSTRUSDT,97,fee_adjusted_cycle_capacity_per_hour,0.00222,,,,NOT_EVALUATED_TECHNICAL_GATE_FAILED
W_VS_R,SYMBOL:MSTRUSDT,97,zero_trade_ratio,0.010303030303030303,,,,NOT_EVALUATED_TECHNICAL_GATE_FAILED
W_VS_R,SYMBOL:MSTRUSDT,97,trades_per_hour,1767.6909090909091,,,,NOT_EVALUATED_TECHNICAL_GATE_FAILED
W_VS_R,SYMBOL:MSTRUSDT,97,base_volume_per_hour,2929.037592592593,,,,NOT_EVALUATED_TECHNICAL_GATE_FAILED
W_VS_R,SYMBOL:MSTRUSDT,97,quote_volume_per_hour,418530.51101454545,,,,NOT_EVALUATED_TECHNICAL_GATE_FAILED
W_VS_R,SYMBOL:MSTRUSDT,97,median_trade_size,100.2737,,,,NOT_EVALUATED_TECHNICAL_GATE_FAILED
W_VS_R,SYMBOL:MSTRUSDT,97,aggtrade_event_count_per_hour,1005.8909090909091,,,,NOT_EVALUATED_TECHNICAL_GATE_FAILED
W_VS_R,SYMBOL:MSTRUSDT,SEED_MEDIAN,window_realized_volatility,0.029194529971036096,,,,NOT_EVALUATED_TECHNICAL_GATE_FAILED
W_VS_R,SYMBOL:MSTRUSDT,SEED_MEDIAN,hourly_realized_volatility,0.003936589618230306,,,,NOT_EVALUATED_TECHNICAL_GATE_FAILED
W_VS_R,SYMBOL:MSTRUSDT,SEED_MEDIAN,directional_efficiency,0.026380406724170552,,,,NOT_EVALUATED_TECHNICAL_GATE_FAILED
W_VS_R,SYMBOL:MSTRUSDT,SEED_MEDIAN,completed_grid_cycles_per_hour,2.018181818181818,,,,NOT_EVALUATED_TECHNICAL_GATE_FAILED
W_VS_R,SYMBOL:MSTRUSDT,SEED_MEDIAN,fee_adjusted_cycle_capacity_per_hour,0.00222,,,,NOT_EVALUATED_TECHNICAL_GATE_FAILED
W_VS_R,SYMBOL:MSTRUSDT,SEED_MEDIAN,zero_trade_ratio,0.010303030303030303,,,,NOT_EVALUATED_TECHNICAL_GATE_FAILED
W_VS_R,SYMBOL:MSTRUSDT,SEED_MEDIAN,trades_per_hour,1767.6909090909091,,,,NOT_EVALUATED_TECHNICAL_GATE_FAILED
W_VS_R,SYMBOL:MSTRUSDT,SEED_MEDIAN,base_volume_per_hour,2929.037592592593,,,,NOT_EVALUATED_TECHNICAL_GATE_FAILED
W_VS_R,SYMBOL:MSTRUSDT,SEED_MEDIAN,quote_volume_per_hour,418530.51101454545,,,,NOT_EVALUATED_TECHNICAL_GATE_FAILED
W_VS_R,SYMBOL:MSTRUSDT,SEED_MEDIAN,median_trade_size,100.2737,,,,NOT_EVALUATED_TECHNICAL_GATE_FAILED
W_VS_R,SYMBOL:MSTRUSDT,SEED_MEDIAN,aggtrade_event_count_per_hour,1005.8909090909091,,,,NOT_EVALUATED_TECHNICAL_GATE_FAILED
W_VS_R,SYMBOL:PLTRUSDT,3,window_realized_volatility,0.021192059098136495,,,,NOT_EVALUATED_TECHNICAL_GATE_FAILED
W_VS_R,SYMBOL:PLTRUSDT,3,hourly_realized_volatility,0.0026558534794253433,,,,NOT_EVALUATED_TECHNICAL_GATE_FAILED
W_VS_R,SYMBOL:PLTRUSDT,3,directional_efficiency,0.01415851700481703,,,,NOT_EVALUATED_TECHNICAL_GATE_FAILED
W_VS_R,SYMBOL:PLTRUSDT,3,completed_grid_cycles_per_hour,1.1090909090909091,,,,NOT_EVALUATED_TECHNICAL_GATE_FAILED
W_VS_R,SYMBOL:PLTRUSDT,3,fee_adjusted_cycle_capacity_per_hour,0.0012200000000000002,,,,NOT_EVALUATED_TECHNICAL_GATE_FAILED
W_VS_R,SYMBOL:PLTRUSDT,3,zero_trade_ratio,0.20308641975308642,,,,NOT_EVALUATED_TECHNICAL_GATE_FAILED
W_VS_R,SYMBOL:PLTRUSDT,3,trades_per_hour,444.8363636363636,,,,NOT_EVALUATED_TECHNICAL_GATE_FAILED
W_VS_R,SYMBOL:PLTRUSDT,3,base_volume_per_hour,394.3412727272727,,,,NOT_EVALUATED_TECHNICAL_GATE_FAILED
W_VS_R,SYMBOL:PLTRUSDT,3,quote_volume_per_hour,53992.26693272727,,,,NOT_EVALUATED_TECHNICAL_GATE_FAILED
W_VS_R,SYMBOL:PLTRUSDT,3,median_trade_size,36.4176,,,,NOT_EVALUATED_TECHNICAL_GATE_FAILED
W_VS_R,SYMBOL:PLTRUSDT,3,aggtrade_event_count_per_hour,265.56363636363636,,,,NOT_EVALUATED_TECHNICAL_GATE_FAILED
W_VS_R,SYMBOL:PLTRUSDT,10,window_realized_volatility,0.021192059098136495,,,,NOT_EVALUATED_TECHNICAL_GATE_FAILED
W_VS_R,SYMBOL:PLTRUSDT,10,hourly_realized_volatility,0.0026558534794253433,,,,NOT_EVALUATED_TECHNICAL_GATE_FAILED
W_VS_R,SYMBOL:PLTRUSDT,10,directional_efficiency,0.01415851700481703,,,,NOT_EVALUATED_TECHNICAL_GATE_FAILED
W_VS_R,SYMBOL:PLTRUSDT,10,completed_grid_cycles_per_hour,1.1090909090909091,,,,NOT_EVALUATED_TECHNICAL_GATE_FAILED
W_VS_R,SYMBOL:PLTRUSDT,10,fee_adjusted_cycle_capacity_per_hour,0.0012200000000000002,,,,NOT_EVALUATED_TECHNICAL_GATE_FAILED
W_VS_R,SYMBOL:PLTRUSDT,10,zero_trade_ratio,0.20308641975308642,,,,NOT_EVALUATED_TECHNICAL_GATE_FAILED
W_VS_R,SYMBOL:PLTRUSDT,10,trades_per_hour,444.8363636363636,,,,NOT_EVALUATED_TECHNICAL_GATE_FAILED
W_VS_R,SYMBOL:PLTRUSDT,10,base_volume_per_hour,394.3412727272727,,,,NOT_EVALUATED_TECHNICAL_GATE_FAILED
W_VS_R,SYMBOL:PLTRUSDT,10,quote_volume_per_hour,53992.26693272727,,,,NOT_EVALUATED_TECHNICAL_GATE_FAILED
W_VS_R,SYMBOL:PLTRUSDT,10,median_trade_size,36.4176,,,,NOT_EVALUATED_TECHNICAL_GATE_FAILED
W_VS_R,SYMBOL:PLTRUSDT,10,aggtrade_event_count_per_hour,265.56363636363636,,,,NOT_EVALUATED_TECHNICAL_GATE_FAILED
W_VS_R,SYMBOL:PLTRUSDT,17,window_realized_volatility,0.021192059098136495,,,,NOT_EVALUATED_TECHNICAL_GATE_FAILED
W_VS_R,SYMBOL:PLTRUSDT,17,hourly_realized_volatility,0.0026558534794253433,,,,NOT_EVALUATED_TECHNICAL_GATE_FAILED
W_VS_R,SYMBOL:PLTRUSDT,17,directional_efficiency,0.01415851700481703,,,,NOT_EVALUATED_TECHNICAL_GATE_FAILED
W_VS_R,SYMBOL:PLTRUSDT,17,completed_grid_cycles_per_hour,1.1090909090909091,,,,NOT_EVALUATED_TECHNICAL_GATE_FAILED
W_VS_R,SYMBOL:PLTRUSDT,17,fee_adjusted_cycle_capacity_per_hour,0.0012200000000000002,,,,NOT_EVALUATED_TECHNICAL_GATE_FAILED
W_VS_R,SYMBOL:PLTRUSDT,17,zero_trade_ratio,0.20308641975308642,,,,NOT_EVALUATED_TECHNICAL_GATE_FAILED
W_VS_R,SYMBOL:PLTRUSDT,17,trades_per_hour,444.8363636363636,,,,NOT_EVALUATED_TECHNICAL_GATE_FAILED
W_VS_R,SYMBOL:PLTRUSDT,17,base_volume_per_hour,394.3412727272727,,,,NOT_EVALUATED_TECHNICAL_GATE_FAILED
W_VS_R,SYMBOL:PLTRUSDT,17,quote_volume_per_hour,53992.26693272727,,,,NOT_EVALUATED_TECHNICAL_GATE_FAILED
W_VS_R,SYMBOL:PLTRUSDT,17,median_trade_size,36.4176,,,,NOT_EVALUATED_TECHNICAL_GATE_FAILED
W_VS_R,SYMBOL:PLTRUSDT,17,aggtrade_event_count_per_hour,265.56363636363636,,,,NOT_EVALUATED_TECHNICAL_GATE_FAILED
W_VS_R,SYMBOL:PLTRUSDT,31,window_realized_volatility,0.021192059098136495,,,,NOT_EVALUATED_TECHNICAL_GATE_FAILED
W_VS_R,SYMBOL:PLTRUSDT,31,hourly_realized_volatility,0.0026558534794253433,,,,NOT_EVALUATED_TECHNICAL_GATE_FAILED
W_VS_R,SYMBOL:PLTRUSDT,31,directional_efficiency,0.01415851700481703,,,,NOT_EVALUATED_TECHNICAL_GATE_FAILED
W_VS_R,SYMBOL:PLTRUSDT,31,completed_grid_cycles_per_hour,1.1090909090909091,,,,NOT_EVALUATED_TECHNICAL_GATE_FAILED
W_VS_R,SYMBOL:PLTRUSDT,31,fee_adjusted_cycle_capacity_per_hour,0.0012200000000000002,,,,NOT_EVALUATED_TECHNICAL_GATE_FAILED
W_VS_R,SYMBOL:PLTRUSDT,31,zero_trade_ratio,0.20308641975308642,,,,NOT_EVALUATED_TECHNICAL_GATE_FAILED
W_VS_R,SYMBOL:PLTRUSDT,31,trades_per_hour,444.8363636363636,,,,NOT_EVALUATED_TECHNICAL_GATE_FAILED
W_VS_R,SYMBOL:PLTRUSDT,31,base_volume_per_hour,394.3412727272727,,,,NOT_EVALUATED_TECHNICAL_GATE_FAILED
W_VS_R,SYMBOL:PLTRUSDT,31,quote_volume_per_hour,53992.26693272727,,,,NOT_EVALUATED_TECHNICAL_GATE_FAILED
W_VS_R,SYMBOL:PLTRUSDT,31,median_trade_size,36.4176,,,,NOT_EVALUATED_TECHNICAL_GATE_FAILED
W_VS_R,SYMBOL:PLTRUSDT,31,aggtrade_event_count_per_hour,265.56363636363636,,,,NOT_EVALUATED_TECHNICAL_GATE_FAILED
W_VS_R,SYMBOL:PLTRUSDT,59,window_realized_volatility,0.021192059098136495,,,,NOT_EVALUATED_TECHNICAL_GATE_FAILED
W_VS_R,SYMBOL:PLTRUSDT,59,hourly_realized_volatility,0.0026558534794253433,,,,NOT_EVALUATED_TECHNICAL_GATE_FAILED
W_VS_R,SYMBOL:PLTRUSDT,59,directional_efficiency,0.01415851700481703,,,,NOT_EVALUATED_TECHNICAL_GATE_FAILED
W_VS_R,SYMBOL:PLTRUSDT,59,completed_grid_cycles_per_hour,1.1090909090909091,,,,NOT_EVALUATED_TECHNICAL_GATE_FAILED
W_VS_R,SYMBOL:PLTRUSDT,59,fee_adjusted_cycle_capacity_per_hour,0.0012200000000000002,,,,NOT_EVALUATED_TECHNICAL_GATE_FAILED
W_VS_R,SYMBOL:PLTRUSDT,59,zero_trade_ratio,0.20308641975308642,,,,NOT_EVALUATED_TECHNICAL_GATE_FAILED
W_VS_R,SYMBOL:PLTRUSDT,59,trades_per_hour,444.8363636363636,,,,NOT_EVALUATED_TECHNICAL_GATE_FAILED
W_VS_R,SYMBOL:PLTRUSDT,59,base_volume_per_hour,394.3412727272727,,,,NOT_EVALUATED_TECHNICAL_GATE_FAILED
W_VS_R,SYMBOL:PLTRUSDT,59,quote_volume_per_hour,53992.26693272727,,,,NOT_EVALUATED_TECHNICAL_GATE_FAILED
W_VS_R,SYMBOL:PLTRUSDT,59,median_trade_size,36.4176,,,,NOT_EVALUATED_TECHNICAL_GATE_FAILED
W_VS_R,SYMBOL:PLTRUSDT,59,aggtrade_event_count_per_hour,265.56363636363636,,,,NOT_EVALUATED_TECHNICAL_GATE_FAILED
W_VS_R,SYMBOL:PLTRUSDT,97,window_realized_volatility,0.021192059098136495,,,,NOT_EVALUATED_TECHNICAL_GATE_FAILED
W_VS_R,SYMBOL:PLTRUSDT,97,hourly_realized_volatility,0.0026558534794253433,,,,NOT_EVALUATED_TECHNICAL_GATE_FAILED
W_VS_R,SYMBOL:PLTRUSDT,97,directional_efficiency,0.01415851700481703,,,,NOT_EVALUATED_TECHNICAL_GATE_FAILED
W_VS_R,SYMBOL:PLTRUSDT,97,completed_grid_cycles_per_hour,1.1090909090909091,,,,NOT_EVALUATED_TECHNICAL_GATE_FAILED
W_VS_R,SYMBOL:PLTRUSDT,97,fee_adjusted_cycle_capacity_per_hour,0.0012200000000000002,,,,NOT_EVALUATED_TECHNICAL_GATE_FAILED
W_VS_R,SYMBOL:PLTRUSDT,97,zero_trade_ratio,0.20308641975308642,,,,NOT_EVALUATED_TECHNICAL_GATE_FAILED
W_VS_R,SYMBOL:PLTRUSDT,97,trades_per_hour,444.8363636363636,,,,NOT_EVALUATED_TECHNICAL_GATE_FAILED
W_VS_R,SYMBOL:PLTRUSDT,97,base_volume_per_hour,394.3412727272727,,,,NOT_EVALUATED_TECHNICAL_GATE_FAILED
W_VS_R,SYMBOL:PLTRUSDT,97,quote_volume_per_hour,53992.26693272727,,,,NOT_EVALUATED_TECHNICAL_GATE_FAILED
W_VS_R,SYMBOL:PLTRUSDT,97,median_trade_size,36.4176,,,,NOT_EVALUATED_TECHNICAL_GATE_FAILED
W_VS_R,SYMBOL:PLTRUSDT,97,aggtrade_event_count_per_hour,265.56363636363636,,,,NOT_EVALUATED_TECHNICAL_GATE_FAILED
W_VS_R,SYMBOL:PLTRUSDT,SEED_MEDIAN,window_realized_volatility,0.021192059098136495,,,,NOT_EVALUATED_TECHNICAL_GATE_FAILED
W_VS_R,SYMBOL:PLTRUSDT,SEED_MEDIAN,hourly_realized_volatility,0.0026558534794253433,,,,NOT_EVALUATED_TECHNICAL_GATE_FAILED
W_VS_R,SYMBOL:PLTRUSDT,SEED_MEDIAN,directional_efficiency,0.01415851700481703,,,,NOT_EVALUATED_TECHNICAL_GATE_FAILED
W_VS_R,SYMBOL:PLTRUSDT,SEED_MEDIAN,completed_grid_cycles_per_hour,1.1090909090909091,,,,NOT_EVALUATED_TECHNICAL_GATE_FAILED
W_VS_R,SYMBOL:PLTRUSDT,SEED_MEDIAN,fee_adjusted_cycle_capacity_per_hour,0.0012200000000000002,,,,NOT_EVALUATED_TECHNICAL_GATE_FAILED
W_VS_R,SYMBOL:PLTRUSDT,SEED_MEDIAN,zero_trade_ratio,0.20308641975308642,,,,NOT_EVALUATED_TECHNICAL_GATE_FAILED
W_VS_R,SYMBOL:PLTRUSDT,SEED_MEDIAN,trades_per_hour,444.8363636363636,,,,NOT_EVALUATED_TECHNICAL_GATE_FAILED
W_VS_R,SYMBOL:PLTRUSDT,SEED_MEDIAN,base_volume_per_hour,394.3412727272727,,,,NOT_EVALUATED_TECHNICAL_GATE_FAILED
W_VS_R,SYMBOL:PLTRUSDT,SEED_MEDIAN,quote_volume_per_hour,53992.26693272727,,,,NOT_EVALUATED_TECHNICAL_GATE_FAILED
W_VS_R,SYMBOL:PLTRUSDT,SEED_MEDIAN,median_trade_size,36.4176,,,,NOT_EVALUATED_TECHNICAL_GATE_FAILED
W_VS_R,SYMBOL:PLTRUSDT,SEED_MEDIAN,aggtrade_event_count_per_hour,265.56363636363636,,,,NOT_EVALUATED_TECHNICAL_GATE_FAILED
W_VS_R,SYMBOL:TSLAUSDT,3,window_realized_volatility,0.015059484169498125,,,,NOT_EVALUATED_TECHNICAL_GATE_FAILED
W_VS_R,SYMBOL:TSLAUSDT,3,hourly_realized_volatility,0.0020306204311686016,,,,NOT_EVALUATED_TECHNICAL_GATE_FAILED
W_VS_R,SYMBOL:TSLAUSDT,3,directional_efficiency,0.018857088159279733,,,,NOT_EVALUATED_TECHNICAL_GATE_FAILED
W_VS_R,SYMBOL:TSLAUSDT,3,completed_grid_cycles_per_hour,0.6909090909090909,,,,NOT_EVALUATED_TECHNICAL_GATE_FAILED
W_VS_R,SYMBOL:TSLAUSDT,3,fee_adjusted_cycle_capacity_per_hour,0.00076,,,,NOT_EVALUATED_TECHNICAL_GATE_FAILED
W_VS_R,SYMBOL:TSLAUSDT,3,zero_trade_ratio,0.03333333333333333,,,,NOT_EVALUATED_TECHNICAL_GATE_FAILED
W_VS_R,SYMBOL:TSLAUSDT,3,trades_per_hour,1640.5454545454545,,,,NOT_EVALUATED_TECHNICAL_GATE_FAILED
W_VS_R,SYMBOL:TSLAUSDT,3,base_volume_per_hour,1129.25,,,,NOT_EVALUATED_TECHNICAL_GATE_FAILED
W_VS_R,SYMBOL:TSLAUSDT,3,quote_volume_per_hour,432924.73233417724,,,,NOT_EVALUATED_TECHNICAL_GATE_FAILED
W_VS_R,SYMBOL:TSLAUSDT,3,median_trade_size,176.19,,,,NOT_EVALUATED_TECHNICAL_GATE_FAILED
W_VS_R,SYMBOL:TSLAUSDT,3,aggtrade_event_count_per_hour,838.3818181818182,,,,NOT_EVALUATED_TECHNICAL_GATE_FAILED
W_VS_R,SYMBOL:TSLAUSDT,10,window_realized_volatility,0.015059484169498125,,,,NOT_EVALUATED_TECHNICAL_GATE_FAILED
W_VS_R,SYMBOL:TSLAUSDT,10,hourly_realized_volatility,0.0020306204311686016,,,,NOT_EVALUATED_TECHNICAL_GATE_FAILED
W_VS_R,SYMBOL:TSLAUSDT,10,directional_efficiency,0.018857088159279733,,,,NOT_EVALUATED_TECHNICAL_GATE_FAILED
W_VS_R,SYMBOL:TSLAUSDT,10,completed_grid_cycles_per_hour,0.6909090909090909,,,,NOT_EVALUATED_TECHNICAL_GATE_FAILED
W_VS_R,SYMBOL:TSLAUSDT,10,fee_adjusted_cycle_capacity_per_hour,0.00076,,,,NOT_EVALUATED_TECHNICAL_GATE_FAILED
W_VS_R,SYMBOL:TSLAUSDT,10,zero_trade_ratio,0.03333333333333333,,,,NOT_EVALUATED_TECHNICAL_GATE_FAILED
W_VS_R,SYMBOL:TSLAUSDT,10,trades_per_hour,1640.5454545454545,,,,NOT_EVALUATED_TECHNICAL_GATE_FAILED
W_VS_R,SYMBOL:TSLAUSDT,10,base_volume_per_hour,1129.25,,,,NOT_EVALUATED_TECHNICAL_GATE_FAILED
W_VS_R,SYMBOL:TSLAUSDT,10,quote_volume_per_hour,432924.73233417724,,,,NOT_EVALUATED_TECHNICAL_GATE_FAILED
W_VS_R,SYMBOL:TSLAUSDT,10,median_trade_size,176.19,,,,NOT_EVALUATED_TECHNICAL_GATE_FAILED
W_VS_R,SYMBOL:TSLAUSDT,10,aggtrade_event_count_per_hour,838.3818181818182,,,,NOT_EVALUATED_TECHNICAL_GATE_FAILED
W_VS_R,SYMBOL:TSLAUSDT,17,window_realized_volatility,0.015059484169498125,,,,NOT_EVALUATED_TECHNICAL_GATE_FAILED
W_VS_R,SYMBOL:TSLAUSDT,17,hourly_realized_volatility,0.0020306204311686016,,,,NOT_EVALUATED_TECHNICAL_GATE_FAILED
W_VS_R,SYMBOL:TSLAUSDT,17,directional_efficiency,0.018857088159279733,,,,NOT_EVALUATED_TECHNICAL_GATE_FAILED
W_VS_R,SYMBOL:TSLAUSDT,17,completed_grid_cycles_per_hour,0.6909090909090909,,,,NOT_EVALUATED_TECHNICAL_GATE_FAILED
W_VS_R,SYMBOL:TSLAUSDT,17,fee_adjusted_cycle_capacity_per_hour,0.00076,,,,NOT_EVALUATED_TECHNICAL_GATE_FAILED
W_VS_R,SYMBOL:TSLAUSDT,17,zero_trade_ratio,0.03333333333333333,,,,NOT_EVALUATED_TECHNICAL_GATE_FAILED
W_VS_R,SYMBOL:TSLAUSDT,17,trades_per_hour,1640.5454545454545,,,,NOT_EVALUATED_TECHNICAL_GATE_FAILED
W_VS_R,SYMBOL:TSLAUSDT,17,base_volume_per_hour,1129.25,,,,NOT_EVALUATED_TECHNICAL_GATE_FAILED
W_VS_R,SYMBOL:TSLAUSDT,17,quote_volume_per_hour,432924.73233417724,,,,NOT_EVALUATED_TECHNICAL_GATE_FAILED
W_VS_R,SYMBOL:TSLAUSDT,17,median_trade_size,176.19,,,,NOT_EVALUATED_TECHNICAL_GATE_FAILED
W_VS_R,SYMBOL:TSLAUSDT,17,aggtrade_event_count_per_hour,838.3818181818182,,,,NOT_EVALUATED_TECHNICAL_GATE_FAILED
W_VS_R,SYMBOL:TSLAUSDT,31,window_realized_volatility,0.015059484169498125,,,,NOT_EVALUATED_TECHNICAL_GATE_FAILED
W_VS_R,SYMBOL:TSLAUSDT,31,hourly_realized_volatility,0.0020306204311686016,,,,NOT_EVALUATED_TECHNICAL_GATE_FAILED
W_VS_R,SYMBOL:TSLAUSDT,31,directional_efficiency,0.018857088159279733,,,,NOT_EVALUATED_TECHNICAL_GATE_FAILED
W_VS_R,SYMBOL:TSLAUSDT,31,completed_grid_cycles_per_hour,0.6909090909090909,,,,NOT_EVALUATED_TECHNICAL_GATE_FAILED
W_VS_R,SYMBOL:TSLAUSDT,31,fee_adjusted_cycle_capacity_per_hour,0.00076,,,,NOT_EVALUATED_TECHNICAL_GATE_FAILED
W_VS_R,SYMBOL:TSLAUSDT,31,zero_trade_ratio,0.03333333333333333,,,,NOT_EVALUATED_TECHNICAL_GATE_FAILED
W_VS_R,SYMBOL:TSLAUSDT,31,trades_per_hour,1640.5454545454545,,,,NOT_EVALUATED_TECHNICAL_GATE_FAILED
W_VS_R,SYMBOL:TSLAUSDT,31,base_volume_per_hour,1129.25,,,,NOT_EVALUATED_TECHNICAL_GATE_FAILED
W_VS_R,SYMBOL:TSLAUSDT,31,quote_volume_per_hour,432924.73233417724,,,,NOT_EVALUATED_TECHNICAL_GATE_FAILED
W_VS_R,SYMBOL:TSLAUSDT,31,median_trade_size,176.19,,,,NOT_EVALUATED_TECHNICAL_GATE_FAILED
W_VS_R,SYMBOL:TSLAUSDT,31,aggtrade_event_count_per_hour,838.3818181818182,,,,NOT_EVALUATED_TECHNICAL_GATE_FAILED
W_VS_R,SYMBOL:TSLAUSDT,59,window_realized_volatility,0.015059484169498125,,,,NOT_EVALUATED_TECHNICAL_GATE_FAILED
W_VS_R,SYMBOL:TSLAUSDT,59,hourly_realized_volatility,0.0020306204311686016,,,,NOT_EVALUATED_TECHNICAL_GATE_FAILED
W_VS_R,SYMBOL:TSLAUSDT,59,directional_efficiency,0.018857088159279733,,,,NOT_EVALUATED_TECHNICAL_GATE_FAILED
W_VS_R,SYMBOL:TSLAUSDT,59,completed_grid_cycles_per_hour,0.6909090909090909,,,,NOT_EVALUATED_TECHNICAL_GATE_FAILED
W_VS_R,SYMBOL:TSLAUSDT,59,fee_adjusted_cycle_capacity_per_hour,0.00076,,,,NOT_EVALUATED_TECHNICAL_GATE_FAILED
W_VS_R,SYMBOL:TSLAUSDT,59,zero_trade_ratio,0.03333333333333333,,,,NOT_EVALUATED_TECHNICAL_GATE_FAILED
W_VS_R,SYMBOL:TSLAUSDT,59,trades_per_hour,1640.5454545454545,,,,NOT_EVALUATED_TECHNICAL_GATE_FAILED
W_VS_R,SYMBOL:TSLAUSDT,59,base_volume_per_hour,1129.25,,,,NOT_EVALUATED_TECHNICAL_GATE_FAILED
W_VS_R,SYMBOL:TSLAUSDT,59,quote_volume_per_hour,432924.73233417724,,,,NOT_EVALUATED_TECHNICAL_GATE_FAILED
W_VS_R,SYMBOL:TSLAUSDT,59,median_trade_size,176.19,,,,NOT_EVALUATED_TECHNICAL_GATE_FAILED
W_VS_R,SYMBOL:TSLAUSDT,59,aggtrade_event_count_per_hour,838.3818181818182,,,,NOT_EVALUATED_TECHNICAL_GATE_FAILED
W_VS_R,SYMBOL:TSLAUSDT,97,window_realized_volatility,0.015059484169498125,,,,NOT_EVALUATED_TECHNICAL_GATE_FAILED
W_VS_R,SYMBOL:TSLAUSDT,97,hourly_realized_volatility,0.0020306204311686016,,,,NOT_EVALUATED_TECHNICAL_GATE_FAILED
W_VS_R,SYMBOL:TSLAUSDT,97,directional_efficiency,0.018857088159279733,,,,NOT_EVALUATED_TECHNICAL_GATE_FAILED
W_VS_R,SYMBOL:TSLAUSDT,97,completed_grid_cycles_per_hour,0.6909090909090909,,,,NOT_EVALUATED_TECHNICAL_GATE_FAILED
W_VS_R,SYMBOL:TSLAUSDT,97,fee_adjusted_cycle_capacity_per_hour,0.00076,,,,NOT_EVALUATED_TECHNICAL_GATE_FAILED
W_VS_R,SYMBOL:TSLAUSDT,97,zero_trade_ratio,0.03333333333333333,,,,NOT_EVALUATED_TECHNICAL_GATE_FAILED
W_VS_R,SYMBOL:TSLAUSDT,97,trades_per_hour,1640.5454545454545,,,,NOT_EVALUATED_TECHNICAL_GATE_FAILED
W_VS_R,SYMBOL:TSLAUSDT,97,base_volume_per_hour,1129.25,,,,NOT_EVALUATED_TECHNICAL_GATE_FAILED
W_VS_R,SYMBOL:TSLAUSDT,97,quote_volume_per_hour,432924.73233417724,,,,NOT_EVALUATED_TECHNICAL_GATE_FAILED
W_VS_R,SYMBOL:TSLAUSDT,97,median_trade_size,176.19,,,,NOT_EVALUATED_TECHNICAL_GATE_FAILED
W_VS_R,SYMBOL:TSLAUSDT,97,aggtrade_event_count_per_hour,838.3818181818182,,,,NOT_EVALUATED_TECHNICAL_GATE_FAILED
W_VS_R,SYMBOL:TSLAUSDT,SEED_MEDIAN,window_realized_volatility,0.015059484169498125,,,,NOT_EVALUATED_TECHNICAL_GATE_FAILED
W_VS_R,SYMBOL:TSLAUSDT,SEED_MEDIAN,hourly_realized_volatility,0.0020306204311686016,,,,NOT_EVALUATED_TECHNICAL_GATE_FAILED
W_VS_R,SYMBOL:TSLAUSDT,SEED_MEDIAN,directional_efficiency,0.018857088159279733,,,,NOT_EVALUATED_TECHNICAL_GATE_FAILED
W_VS_R,SYMBOL:TSLAUSDT,SEED_MEDIAN,completed_grid_cycles_per_hour,0.6909090909090909,,,,NOT_EVALUATED_TECHNICAL_GATE_FAILED
W_VS_R,SYMBOL:TSLAUSDT,SEED_MEDIAN,fee_adjusted_cycle_capacity_per_hour,0.00076,,,,NOT_EVALUATED_TECHNICAL_GATE_FAILED
W_VS_R,SYMBOL:TSLAUSDT,SEED_MEDIAN,zero_trade_ratio,0.03333333333333333,,,,NOT_EVALUATED_TECHNICAL_GATE_FAILED
W_VS_R,SYMBOL:TSLAUSDT,SEED_MEDIAN,trades_per_hour,1640.5454545454545,,,,NOT_EVALUATED_TECHNICAL_GATE_FAILED
W_VS_R,SYMBOL:TSLAUSDT,SEED_MEDIAN,base_volume_per_hour,1129.25,,,,NOT_EVALUATED_TECHNICAL_GATE_FAILED
W_VS_R,SYMBOL:TSLAUSDT,SEED_MEDIAN,quote_volume_per_hour,432924.73233417724,,,,NOT_EVALUATED_TECHNICAL_GATE_FAILED
W_VS_R,SYMBOL:TSLAUSDT,SEED_MEDIAN,median_trade_size,176.19,,,,NOT_EVALUATED_TECHNICAL_GATE_FAILED
W_VS_R,SYMBOL:TSLAUSDT,SEED_MEDIAN,aggtrade_event_count_per_hour,838.3818181818182,,,,NOT_EVALUATED_TECHNICAL_GATE_FAILED
