cycle_id,direction,entry_price,entry_time,exit_price,exit_time,fees,funding_allocated,gross_spread_capture,holding_minutes,net_cycle_pnl,scenario,seed,slippage,symbol,window_key
PRIMARY_ZERO_MAKER-3-1,SHORT,1657.0,2026-08-14T23:00:00+00:00,1643.536320314273,2026-08-15T02:13:00+00:00,0.0,-0.023300927685,0.6731839842863452,193,0.5980964905680604,PRIMARY_ZERO_MAKER,3,0.05178656603328479,SNDKUSDT,NYSE:2026-08-14T20:00:00+00:00:2026-08-17T06:00:00+00:00
PRIMARY_ZERO_MAKER-3-2,LONG,1643.53,2026-08-15T02:14:00+00:00,1657.0030642762292,2026-08-16T02:04:00+00:00,0.0,-0.023300927685,0.5389225710491701,1430,0.46383507733088525,PRIMARY_ZERO_MAKER,3,0.05178656603328479,SNDKUSDT,NYSE:2026-08-14T20:00:00+00:00:2026-08-17T06:00:00+00:00
PRIMARY_ZERO_MAKER-3-3,SHORT,1685.07,2026-08-17T00:07:00+00:00,1670.2252559823753,2026-08-17T00:14:00+00:00,0.0,-0.023300927685,0.5937897607049853,7,0.5187022669867005,PRIMARY_ZERO_MAKER,3,0.05178656603328479,SNDKUSDT,NYSE:2026-08-14T20:00:00+00:00:2026-08-17T06:00:00+00:00
PRIMARY_ZERO_MAKER-10-1,SHORT,1657.0,2026-08-14T23:01:00+00:00,1643.536320314273,2026-08-15T02:13:00+00:00,0.0,-0.01747569576375,0.6731839842863452,192,0.6168683639976317,PRIMARY_ZERO_MAKER,10,0.03883992452496359,SNDKUSDT,NYSE:2026-08-14T20:00:00+00:00:2026-08-17T06:00:00+00:00
PRIMARY_ZERO_MAKER-10-2,LONG,1643.53,2026-08-15T02:14:00+00:00,1657.0030642762292,2026-08-16T02:01:00+00:00,0.0,-0.01747569576375,0.5389225710491701,1427,0.4826069507604565,PRIMARY_ZERO_MAKER,10,0.03883992452496359,SNDKUSDT,NYSE:2026-08-14T20:00:00+00:00:2026-08-17T06:00:00+00:00
PRIMARY_ZERO_MAKER-10-3,SHORT,1670.22,2026-08-16T03:33:00+00:00,1657.0030642762292,2026-08-16T10:10:00+00:00,0.0,-0.01747569576375,0.5286774289508321,397,0.4723618086621186,PRIMARY_ZERO_MAKER,10,0.03883992452496359,SNDKUSDT,NYSE:2026-08-14T20:00:00+00:00:2026-08-17T06:00:00+00:00
PRIMARY_ZERO_MAKER-10-4,SHORT,1685.07,2026-08-17T00:06:00+00:00,1670.2252559823753,2026-08-17T00:14:00+00:00,0.0,-0.01747569576375,0.5937897607049853,8,0.5374741404162718,PRIMARY_ZERO_MAKER,10,0.03883992452496359,SNDKUSDT,NYSE:2026-08-14T20:00:00+00:00:2026-08-17T06:00:00+00:00
PRIMARY_ZERO_MAKER-17-1,SHORT,1657.0,2026-08-14T23:01:00+00:00,1643.536320314273,2026-08-15T02:13:00+00:00,0.0,-0.023300927685,0.6731839842863452,192,0.5980964905680604,PRIMARY_ZERO_MAKER,17,0.05178656603328479,SNDKUSDT,NYSE:2026-08-14T20:00:00+00:00:2026-08-17T06:00:00+00:00
PRIMARY_ZERO_MAKER-17-2,LONG,1643.53,2026-08-15T02:14:00+00:00,1657.0030642762292,2026-08-16T02:05:00+00:00,0.0,-0.023300927685,0.5389225710491701,1431,0.46383507733088525,PRIMARY_ZERO_MAKER,17,0.05178656603328479,SNDKUSDT,NYSE:2026-08-14T20:00:00+00:00:2026-08-17T06:00:00+00:00
PRIMARY_ZERO_MAKER-17-3,SHORT,1685.07,2026-08-17T00:06:00+00:00,1670.2252559823753,2026-08-17T00:14:00+00:00,0.0,-0.023300927685,0.5937897607049853,8,0.5187022669867005,PRIMARY_ZERO_MAKER,17,0.05178656603328479,SNDKUSDT,NYSE:2026-08-14T20:00:00+00:00:2026-08-17T06:00:00+00:00
PRIMARY_ZERO_MAKER-31-1,SHORT,1657.0,2026-08-14T23:00:00+00:00,1643.536320314273,2026-08-15T02:14:00+00:00,0.0,-0.01747569576375,0.6731839842863452,194,0.6168683639976317,PRIMARY_ZERO_MAKER,31,0.03883992452496359,SNDKUSDT,NYSE:2026-08-14T20:00:00+00:00:2026-08-17T06:00:00+00:00
PRIMARY_ZERO_MAKER-31-2,LONG,1643.53,2026-08-15T02:15:00+00:00,1657.0030642762292,2026-08-16T02:01:00+00:00,0.0,-0.01747569576375,0.5389225710491701,1426,0.4826069507604565,PRIMARY_ZERO_MAKER,31,0.03883992452496359,SNDKUSDT,NYSE:2026-08-14T20:00:00+00:00:2026-08-17T06:00:00+00:00
PRIMARY_ZERO_MAKER-31-3,SHORT,1670.22,2026-08-16T03:33:00+00:00,1657.0030642762292,2026-08-16T12:23:00+00:00,0.0,-0.01747569576375,0.5286774289508321,530,0.4723618086621186,PRIMARY_ZERO_MAKER,31,0.03883992452496359,SNDKUSDT,NYSE:2026-08-14T20:00:00+00:00:2026-08-17T06:00:00+00:00
PRIMARY_ZERO_MAKER-31-4,SHORT,1685.07,2026-08-17T00:06:00+00:00,1670.2252559823753,2026-08-17T00:15:00+00:00,0.0,-0.01747569576375,0.5937897607049853,9,0.5374741404162718,PRIMARY_ZERO_MAKER,31,0.03883992452496359,SNDKUSDT,NYSE:2026-08-14T20:00:00+00:00:2026-08-17T06:00:00+00:00
PRIMARY_ZERO_MAKER-59-1,SHORT,1657.0,2026-08-14T23:00:00+00:00,1643.536320314273,2026-08-15T02:13:00+00:00,0.0,-0.01747569576375,0.6731839842863452,193,0.6168683639976317,PRIMARY_ZERO_MAKER,59,0.03883992452496359,SNDKUSDT,NYSE:2026-08-14T20:00:00+00:00:2026-08-17T06:00:00+00:00
PRIMARY_ZERO_MAKER-59-2,LONG,1643.53,2026-08-15T02:14:00+00:00,1657.0030642762292,2026-08-16T02:04:00+00:00,0.0,-0.01747569576375,0.5389225710491701,1430,0.4826069507604565,PRIMARY_ZERO_MAKER,59,0.03883992452496359,SNDKUSDT,NYSE:2026-08-14T20:00:00+00:00:2026-08-17T06:00:00+00:00
PRIMARY_ZERO_MAKER-59-3,SHORT,1670.22,2026-08-16T03:33:00+00:00,1657.0030642762292,2026-08-16T12:27:00+00:00,0.0,-0.01747569576375,0.5286774289508321,534,0.4723618086621186,PRIMARY_ZERO_MAKER,59,0.03883992452496359,SNDKUSDT,NYSE:2026-08-14T20:00:00+00:00:2026-08-17T06:00:00+00:00
PRIMARY_ZERO_MAKER-59-4,SHORT,1685.07,2026-08-17T00:06:00+00:00,1670.2252559823753,2026-08-17T00:14:00+00:00,0.0,-0.01747569576375,0.5937897607049853,8,0.5374741404162718,PRIMARY_ZERO_MAKER,59,0.03883992452496359,SNDKUSDT,NYSE:2026-08-14T20:00:00+00:00:2026-08-17T06:00:00+00:00
PRIMARY_ZERO_MAKER-97-1,SHORT,1657.0,2026-08-14T23:00:00+00:00,1643.536320314273,2026-08-15T02:13:00+00:00,0.0,-0.0349513915275,0.6731839842863452,193,0.5605527437089179,PRIMARY_ZERO_MAKER,97,0.07767984904992718,SNDKUSDT,NYSE:2026-08-14T20:00:00+00:00:2026-08-17T06:00:00+00:00
PRIMARY_ZERO_MAKER-97-2,SHORT,1670.22,2026-08-16T03:33:00+00:00,1657.0030642762292,2026-08-16T10:10:00+00:00,0.0,-0.0349513915275,0.5286774289508321,397,0.41604618837340496,PRIMARY_ZERO_MAKER,97,0.07767984904992718,SNDKUSDT,NYSE:2026-08-14T20:00:00+00:00:2026-08-17T06:00:00+00:00
EXECUTION_STRESS-3-1,SHORT,1657.0,2026-08-14T23:00:00+00:00,1643.536320314273,2026-08-15T02:13:00+00:00,0.0,-0.0349513915275,0.6731839842863452,193,0.4440329701340272,EXECUTION_STRESS,3,0.19419962262481796,SNDKUSDT,NYSE:2026-08-14T20:00:00+00:00:2026-08-17T06:00:00+00:00
EXECUTION_STRESS-3-2,LONG,1643.53,2026-08-15T02:14:00+00:00,1657.0030642762292,2026-08-16T02:08:00+00:00,0.0,-0.0349513915275,0.5389225710491701,1434,0.3097715568968521,EXECUTION_STRESS,3,0.19419962262481796,SNDKUSDT,NYSE:2026-08-14T20:00:00+00:00:2026-08-17T06:00:00+00:00
EXECUTION_STRESS-10-1,LONG,1643.53,2026-08-15T02:15:00+00:00,1657.0030642762292,2026-08-16T02:04:00+00:00,0.0,-0.0349513915275,0.5389225710491701,1429,0.3097715568968521,EXECUTION_STRESS,10,0.19419962262481796,SNDKUSDT,NYSE:2026-08-14T20:00:00+00:00:2026-08-17T06:00:00+00:00
EXECUTION_STRESS-10-2,SHORT,1685.07,2026-08-17T00:06:00+00:00,1670.2252559823753,2026-08-17T00:14:00+00:00,0.0,-0.0349513915275,0.5937897607049853,8,0.36463874655266737,EXECUTION_STRESS,10,0.19419962262481796,SNDKUSDT,NYSE:2026-08-14T20:00:00+00:00:2026-08-17T06:00:00+00:00
EXECUTION_STRESS-17-1,SHORT,1657.0,2026-08-14T23:01:00+00:00,1643.536320314273,2026-08-15T02:13:00+00:00,0.0,-0.023300927685,0.6731839842863452,192,0.5204166415181332,EXECUTION_STRESS,17,0.12946641508321197,SNDKUSDT,NYSE:2026-08-14T20:00:00+00:00:2026-08-17T06:00:00+00:00
EXECUTION_STRESS-17-2,LONG,1643.53,2026-08-15T02:14:00+00:00,1657.0030642762292,2026-08-16T02:05:00+00:00,0.0,-0.023300927685,0.5389225710491701,1431,0.38615522828095805,EXECUTION_STRESS,17,0.12946641508321197,SNDKUSDT,NYSE:2026-08-14T20:00:00+00:00:2026-08-17T06:00:00+00:00
EXECUTION_STRESS-17-3,SHORT,1685.07,2026-08-17T00:07:00+00:00,1670.2252559823753,2026-08-17T00:14:00+00:00,0.0,-0.023300927685,0.5937897607049853,7,0.4410224179367733,EXECUTION_STRESS,17,0.12946641508321197,SNDKUSDT,NYSE:2026-08-14T20:00:00+00:00:2026-08-17T06:00:00+00:00
EXECUTION_STRESS-31-1,LONG,1643.53,2026-08-15T02:15:00+00:00,1657.0030642762292,2026-08-16T02:01:00+00:00,0.0,-0.023300927685,0.5389225710491701,1426,0.38615522828095805,EXECUTION_STRESS,31,0.12946641508321197,SNDKUSDT,NYSE:2026-08-14T20:00:00+00:00:2026-08-17T06:00:00+00:00
EXECUTION_STRESS-31-2,SHORT,1670.22,2026-08-16T03:33:00+00:00,1657.0030642762292,2026-08-16T12:24:00+00:00,0.0,-0.023300927685,0.5286774289508321,531,0.3759100861826201,EXECUTION_STRESS,31,0.12946641508321197,SNDKUSDT,NYSE:2026-08-14T20:00:00+00:00:2026-08-17T06:00:00+00:00
EXECUTION_STRESS-31-3,SHORT,1685.07,2026-08-17T00:07:00+00:00,1670.2252559823753,2026-08-17T00:15:00+00:00,0.0,-0.023300927685,0.5937897607049853,8,0.4410224179367733,EXECUTION_STRESS,31,0.12946641508321197,SNDKUSDT,NYSE:2026-08-14T20:00:00+00:00:2026-08-17T06:00:00+00:00
EXECUTION_STRESS-59-1,SHORT,1657.0,2026-08-14T23:00:00+00:00,1643.536320314273,2026-08-15T02:13:00+00:00,0.0,-0.01747569576375,0.6731839842863452,193,0.5586084772101862,EXECUTION_STRESS,59,0.09709981131240898,SNDKUSDT,NYSE:2026-08-14T20:00:00+00:00:2026-08-17T06:00:00+00:00
EXECUTION_STRESS-59-2,LONG,1643.53,2026-08-15T02:14:00+00:00,1657.0030642762292,2026-08-16T02:07:00+00:00,0.0,-0.01747569576375,0.5389225710491701,1433,0.42434706397301114,EXECUTION_STRESS,59,0.09709981131240898,SNDKUSDT,NYSE:2026-08-14T20:00:00+00:00:2026-08-17T06:00:00+00:00
EXECUTION_STRESS-59-3,SHORT,1670.22,2026-08-16T03:33:00+00:00,1657.0030642762292,2026-08-16T12:27:00+00:00,0.0,-0.01747569576375,0.5286774289508321,534,0.4141019218746732,EXECUTION_STRESS,59,0.09709981131240898,SNDKUSDT,NYSE:2026-08-14T20:00:00+00:00:2026-08-17T06:00:00+00:00
EXECUTION_STRESS-59-4,SHORT,1685.07,2026-08-17T00:06:00+00:00,1670.2252559823753,2026-08-17T00:14:00+00:00,0.0,-0.01747569576375,0.5937897607049853,8,0.4792142536288264,EXECUTION_STRESS,59,0.09709981131240898,SNDKUSDT,NYSE:2026-08-14T20:00:00+00:00:2026-08-17T06:00:00+00:00
EXECUTION_STRESS-97-1,SHORT,1657.0,2026-08-14T23:00:00+00:00,1643.536320314273,2026-08-15T02:13:00+00:00,0.0,-0.069902783055,0.6731839842863452,193,0.21488195598170928,EXECUTION_STRESS,97,0.3883992452496359,SNDKUSDT,NYSE:2026-08-14T20:00:00+00:00:2026-08-17T06:00:00+00:00
MAKER_PROMO_OFF-3-1,SHORT,1657.0,2026-08-14T23:00:00+00:00,1643.536320314273,2026-08-15T02:13:00+00:00,0.016435363203142733,-0.023300927685,0.6731839842863452,193,0.5557678443482752,MAKER_PROMO_OFF,3,0.07767984904992718,SNDKUSDT,NYSE:2026-08-14T20:00:00+00:00:2026-08-17T06:00:00+00:00
MAKER_PROMO_OFF-3-2,LONG,1643.53,2026-08-15T02:14:00+00:00,1657.0030642762292,2026-08-16T02:04:00+00:00,0.013256024514209836,-0.023300927685,0.5389225710491701,1430,0.42468576980003303,MAKER_PROMO_OFF,3,0.07767984904992718,SNDKUSDT,NYSE:2026-08-14T20:00:00+00:00:2026-08-17T06:00:00+00:00
MAKER_PROMO_OFF-3-3,SHORT,1685.07,2026-08-17T00:07:00+00:00,1670.2252559823753,2026-08-17T00:14:00+00:00,0.013361802047859004,-0.023300927685,0.5937897607049853,7,0.47944718192219915,MAKER_PROMO_OFF,3,0.07767984904992718,SNDKUSDT,NYSE:2026-08-14T20:00:00+00:00:2026-08-17T06:00:00+00:00
MAKER_PROMO_OFF-10-1,SHORT,1657.0,2026-08-14T23:01:00+00:00,1643.536320314273,2026-08-15T02:13:00+00:00,0.016435363203142733,-0.01747569576375,0.6731839842863452,192,0.581013038532007,MAKER_PROMO_OFF,10,0.058259886787445384,SNDKUSDT,NYSE:2026-08-14T20:00:00+00:00:2026-08-17T06:00:00+00:00
MAKER_PROMO_OFF-10-2,LONG,1643.53,2026-08-15T02:14:00+00:00,1657.0030642762292,2026-08-16T02:01:00+00:00,0.013256024514209836,-0.01747569576375,0.5389225710491701,1427,0.4499309639837649,MAKER_PROMO_OFF,10,0.058259886787445384,SNDKUSDT,NYSE:2026-08-14T20:00:00+00:00:2026-08-17T06:00:00+00:00
MAKER_PROMO_OFF-10-3,SHORT,1670.22,2026-08-16T03:33:00+00:00,1657.0030642762292,2026-08-16T10:10:00+00:00,0.013256024514209836,-0.01747569576375,0.5286774289508321,397,0.439685821885427,MAKER_PROMO_OFF,10,0.058259886787445384,SNDKUSDT,NYSE:2026-08-14T20:00:00+00:00:2026-08-17T06:00:00+00:00
MAKER_PROMO_OFF-10-4,SHORT,1685.07,2026-08-17T00:06:00+00:00,1670.2252559823753,2026-08-17T00:14:00+00:00,0.013361802047859004,-0.01747569576375,0.5937897607049853,8,0.504692376105931,MAKER_PROMO_OFF,10,0.058259886787445384,SNDKUSDT,NYSE:2026-08-14T20:00:00+00:00:2026-08-17T06:00:00+00:00
MAKER_PROMO_OFF-17-1,SHORT,1657.0,2026-08-14T23:01:00+00:00,1643.536320314273,2026-08-15T02:13:00+00:00,0.016435363203142733,-0.023300927685,0.6731839842863452,192,0.5557678443482752,MAKER_PROMO_OFF,17,0.07767984904992718,SNDKUSDT,NYSE:2026-08-14T20:00:00+00:00:2026-08-17T06:00:00+00:00
MAKER_PROMO_OFF-17-2,LONG,1643.53,2026-08-15T02:14:00+00:00,1657.0030642762292,2026-08-16T02:05:00+00:00,0.013256024514209836,-0.023300927685,0.5389225710491701,1431,0.42468576980003303,MAKER_PROMO_OFF,17,0.07767984904992718,SNDKUSDT,NYSE:2026-08-14T20:00:00+00:00:2026-08-17T06:00:00+00:00
MAKER_PROMO_OFF-17-3,SHORT,1685.07,2026-08-17T00:06:00+00:00,1670.2252559823753,2026-08-17T00:14:00+00:00,0.013361802047859004,-0.023300927685,0.5937897607049853,8,0.47944718192219915,MAKER_PROMO_OFF,17,0.07767984904992718,SNDKUSDT,NYSE:2026-08-14T20:00:00+00:00:2026-08-17T06:00:00+00:00
MAKER_PROMO_OFF-31-1,SHORT,1657.0,2026-08-14T23:00:00+00:00,1643.536320314273,2026-08-15T02:14:00+00:00,0.016435363203142733,-0.01747569576375,0.6731839842863452,194,0.581013038532007,MAKER_PROMO_OFF,31,0.058259886787445384,SNDKUSDT,NYSE:2026-08-14T20:00:00+00:00:2026-08-17T06:00:00+00:00
MAKER_PROMO_OFF-31-2,LONG,1643.53,2026-08-15T02:15:00+00:00,1657.0030642762292,2026-08-16T02:01:00+00:00,0.013256024514209836,-0.01747569576375,0.5389225710491701,1426,0.4499309639837649,MAKER_PROMO_OFF,31,0.058259886787445384,SNDKUSDT,NYSE:2026-08-14T20:00:00+00:00:2026-08-17T06:00:00+00:00
MAKER_PROMO_OFF-31-3,SHORT,1670.22,2026-08-16T03:33:00+00:00,1657.0030642762292,2026-08-16T12:23:00+00:00,0.013256024514209836,-0.01747569576375,0.5286774289508321,530,0.439685821885427,MAKER_PROMO_OFF,31,0.058259886787445384,SNDKUSDT,NYSE:2026-08-14T20:00:00+00:00:2026-08-17T06:00:00+00:00
MAKER_PROMO_OFF-31-4,SHORT,1685.07,2026-08-17T00:06:00+00:00,1670.2252559823753,2026-08-17T00:15:00+00:00,0.013361802047859004,-0.01747569576375,0.5937897607049853,9,0.504692376105931,MAKER_PROMO_OFF,31,0.058259886787445384,SNDKUSDT,NYSE:2026-08-14T20:00:00+00:00:2026-08-17T06:00:00+00:00
MAKER_PROMO_OFF-59-1,SHORT,1657.0,2026-08-14T23:00:00+00:00,1643.536320314273,2026-08-15T02:13:00+00:00,0.016435363203142733,-0.01747569576375,0.6731839842863452,193,0.581013038532007,MAKER_PROMO_OFF,59,0.058259886787445384,SNDKUSDT,NYSE:2026-08-14T20:00:00+00:00:2026-08-17T06:00:00+00:00
MAKER_PROMO_OFF-59-2,LONG,1643.53,2026-08-15T02:14:00+00:00,1657.0030642762292,2026-08-16T02:04:00+00:00,0.013256024514209836,-0.01747569576375,0.5389225710491701,1430,0.4499309639837649,MAKER_PROMO_OFF,59,0.058259886787445384,SNDKUSDT,NYSE:2026-08-14T20:00:00+00:00:2026-08-17T06:00:00+00:00
MAKER_PROMO_OFF-59-3,SHORT,1670.22,2026-08-16T03:33:00+00:00,1657.0030642762292,2026-08-16T12:27:00+00:00,0.013256024514209836,-0.01747569576375,0.5286774289508321,534,0.439685821885427,MAKER_PROMO_OFF,59,0.058259886787445384,SNDKUSDT,NYSE:2026-08-14T20:00:00+00:00:2026-08-17T06:00:00+00:00
MAKER_PROMO_OFF-59-4,SHORT,1685.07,2026-08-17T00:06:00+00:00,1670.2252559823753,2026-08-17T00:14:00+00:00,0.013361802047859004,-0.01747569576375,0.5937897607049853,8,0.504692376105931,MAKER_PROMO_OFF,59,0.058259886787445384,SNDKUSDT,NYSE:2026-08-14T20:00:00+00:00:2026-08-17T06:00:00+00:00
MAKER_PROMO_OFF-97-1,SHORT,1657.0,2026-08-14T23:00:00+00:00,1643.536320314273,2026-08-15T02:13:00+00:00,0.016435363203142733,-0.0349513915275,0.6731839842863452,193,0.5052774559808116,MAKER_PROMO_OFF,97,0.11651977357489077,SNDKUSDT,NYSE:2026-08-14T20:00:00+00:00:2026-08-17T06:00:00+00:00
MAKER_PROMO_OFF-97-2,SHORT,1670.22,2026-08-16T03:33:00+00:00,1657.0030642762292,2026-08-16T10:10:00+00:00,0.013256024514209836,-0.0349513915275,0.5286774289508321,397,0.36395023933423154,MAKER_PROMO_OFF,97,0.11651977357489077,SNDKUSDT,NYSE:2026-08-14T20:00:00+00:00:2026-08-17T06:00:00+00:00
