automatic_releverage,did_strategy_resume_normally,paired_pnl_after_recovery,profile_id,scenario,seed,suspected_episode_id,symbol,time_to_grid_recovery_minutes,window_key
False,True,0.0,S0,PRIMARY_ZERO_MAKER,3,D2-bc8ed57a704b6a79,SNDKUSDT,20,US_STOCK:2026-05-29T20:00:00+00:00:2026-06-01T08:00:00+00:00
False,True,0.0,S1,PRIMARY_ZERO_MAKER,3,D2-bc8ed57a704b6a79,SNDKUSDT,20,US_STOCK:2026-05-29T20:00:00+00:00:2026-06-01T08:00:00+00:00
False,True,0.0,S2,PRIMARY_ZERO_MAKER,3,D2-bc8ed57a704b6a79,SNDKUSDT,20,US_STOCK:2026-05-29T20:00:00+00:00:2026-06-01T08:00:00+00:00
False,True,0.0,S3,PRIMARY_ZERO_MAKER,3,D2-bc8ed57a704b6a79,SNDKUSDT,20,US_STOCK:2026-05-29T20:00:00+00:00:2026-06-01T08:00:00+00:00
False,True,0.0,S0,PRIMARY_ZERO_MAKER,10,D2-bc8ed57a704b6a79,SNDKUSDT,20,US_STOCK:2026-05-29T20:00:00+00:00:2026-06-01T08:00:00+00:00
False,True,0.0,S1,PRIMARY_ZERO_MAKER,10,D2-bc8ed57a704b6a79,SNDKUSDT,20,US_STOCK:2026-05-29T20:00:00+00:00:2026-06-01T08:00:00+00:00
False,True,0.0,S2,PRIMARY_ZERO_MAKER,10,D2-bc8ed57a704b6a79,SNDKUSDT,20,US_STOCK:2026-05-29T20:00:00+00:00:2026-06-01T08:00:00+00:00
False,True,0.0,S3,PRIMARY_ZERO_MAKER,10,D2-bc8ed57a704b6a79,SNDKUSDT,20,US_STOCK:2026-05-29T20:00:00+00:00:2026-06-01T08:00:00+00:00
False,True,0.0,S0,PRIMARY_ZERO_MAKER,17,D2-bc8ed57a704b6a79,SNDKUSDT,20,US_STOCK:2026-05-29T20:00:00+00:00:2026-06-01T08:00:00+00:00
False,True,0.0,S1,PRIMARY_ZERO_MAKER,17,D2-bc8ed57a704b6a79,SNDKUSDT,20,US_STOCK:2026-05-29T20:00:00+00:00:2026-06-01T08:00:00+00:00
False,True,0.0,S2,PRIMARY_ZERO_MAKER,17,D2-bc8ed57a704b6a79,SNDKUSDT,20,US_STOCK:2026-05-29T20:00:00+00:00:2026-06-01T08:00:00+00:00
False,True,0.0,S3,PRIMARY_ZERO_MAKER,17,D2-bc8ed57a704b6a79,SNDKUSDT,20,US_STOCK:2026-05-29T20:00:00+00:00:2026-06-01T08:00:00+00:00
False,True,0.0,S0,PRIMARY_ZERO_MAKER,31,D2-bc8ed57a704b6a79,SNDKUSDT,20,US_STOCK:2026-05-29T20:00:00+00:00:2026-06-01T08:00:00+00:00
False,True,0.0,S1,PRIMARY_ZERO_MAKER,31,D2-bc8ed57a704b6a79,SNDKUSDT,20,US_STOCK:2026-05-29T20:00:00+00:00:2026-06-01T08:00:00+00:00
False,True,0.0,S2,PRIMARY_ZERO_MAKER,31,D2-bc8ed57a704b6a79,SNDKUSDT,20,US_STOCK:2026-05-29T20:00:00+00:00:2026-06-01T08:00:00+00:00
False,True,0.0,S3,PRIMARY_ZERO_MAKER,31,D2-bc8ed57a704b6a79,SNDKUSDT,20,US_STOCK:2026-05-29T20:00:00+00:00:2026-06-01T08:00:00+00:00
False,True,0.0,S0,PRIMARY_ZERO_MAKER,59,D2-bc8ed57a704b6a79,SNDKUSDT,20,US_STOCK:2026-05-29T20:00:00+00:00:2026-06-01T08:00:00+00:00
False,True,0.0,S1,PRIMARY_ZERO_MAKER,59,D2-bc8ed57a704b6a79,SNDKUSDT,20,US_STOCK:2026-05-29T20:00:00+00:00:2026-06-01T08:00:00+00:00
False,True,0.0,S2,PRIMARY_ZERO_MAKER,59,D2-bc8ed57a704b6a79,SNDKUSDT,20,US_STOCK:2026-05-29T20:00:00+00:00:2026-06-01T08:00:00+00:00
False,True,0.0,S3,PRIMARY_ZERO_MAKER,59,D2-bc8ed57a704b6a79,SNDKUSDT,20,US_STOCK:2026-05-29T20:00:00+00:00:2026-06-01T08:00:00+00:00
False,True,0.0,S0,PRIMARY_ZERO_MAKER,97,D2-bc8ed57a704b6a79,SNDKUSDT,20,US_STOCK:2026-05-29T20:00:00+00:00:2026-06-01T08:00:00+00:00
False,True,0.0,S1,PRIMARY_ZERO_MAKER,97,D2-bc8ed57a704b6a79,SNDKUSDT,20,US_STOCK:2026-05-29T20:00:00+00:00:2026-06-01T08:00:00+00:00
False,True,0.0,S2,PRIMARY_ZERO_MAKER,97,D2-bc8ed57a704b6a79,SNDKUSDT,20,US_STOCK:2026-05-29T20:00:00+00:00:2026-06-01T08:00:00+00:00
False,True,0.0,S3,PRIMARY_ZERO_MAKER,97,D2-bc8ed57a704b6a79,SNDKUSDT,20,US_STOCK:2026-05-29T20:00:00+00:00:2026-06-01T08:00:00+00:00
False,True,0.0,S0,EXECUTION_STRESS,3,D2-bc8ed57a704b6a79,SNDKUSDT,20,US_STOCK:2026-05-29T20:00:00+00:00:2026-06-01T08:00:00+00:00
False,True,0.0,S1,EXECUTION_STRESS,3,D2-bc8ed57a704b6a79,SNDKUSDT,20,US_STOCK:2026-05-29T20:00:00+00:00:2026-06-01T08:00:00+00:00
False,True,0.0,S2,EXECUTION_STRESS,3,D2-bc8ed57a704b6a79,SNDKUSDT,20,US_STOCK:2026-05-29T20:00:00+00:00:2026-06-01T08:00:00+00:00
False,True,0.0,S3,EXECUTION_STRESS,3,D2-bc8ed57a704b6a79,SNDKUSDT,20,US_STOCK:2026-05-29T20:00:00+00:00:2026-06-01T08:00:00+00:00
False,True,0.0,S0,EXECUTION_STRESS,10,D2-bc8ed57a704b6a79,SNDKUSDT,20,US_STOCK:2026-05-29T20:00:00+00:00:2026-06-01T08:00:00+00:00
False,True,0.0,S1,EXECUTION_STRESS,10,D2-bc8ed57a704b6a79,SNDKUSDT,20,US_STOCK:2026-05-29T20:00:00+00:00:2026-06-01T08:00:00+00:00
False,True,0.0,S2,EXECUTION_STRESS,10,D2-bc8ed57a704b6a79,SNDKUSDT,20,US_STOCK:2026-05-29T20:00:00+00:00:2026-06-01T08:00:00+00:00
False,True,0.0,S3,EXECUTION_STRESS,10,D2-bc8ed57a704b6a79,SNDKUSDT,20,US_STOCK:2026-05-29T20:00:00+00:00:2026-06-01T08:00:00+00:00
False,True,0.0,S0,EXECUTION_STRESS,17,D2-bc8ed57a704b6a79,SNDKUSDT,20,US_STOCK:2026-05-29T20:00:00+00:00:2026-06-01T08:00:00+00:00
False,True,0.0,S1,EXECUTION_STRESS,17,D2-bc8ed57a704b6a79,SNDKUSDT,20,US_STOCK:2026-05-29T20:00:00+00:00:2026-06-01T08:00:00+00:00
False,True,0.0,S2,EXECUTION_STRESS,17,D2-bc8ed57a704b6a79,SNDKUSDT,20,US_STOCK:2026-05-29T20:00:00+00:00:2026-06-01T08:00:00+00:00
False,True,0.0,S3,EXECUTION_STRESS,17,D2-bc8ed57a704b6a79,SNDKUSDT,20,US_STOCK:2026-05-29T20:00:00+00:00:2026-06-01T08:00:00+00:00
False,True,0.0,S0,EXECUTION_STRESS,31,D2-bc8ed57a704b6a79,SNDKUSDT,20,US_STOCK:2026-05-29T20:00:00+00:00:2026-06-01T08:00:00+00:00
False,True,0.0,S1,EXECUTION_STRESS,31,D2-bc8ed57a704b6a79,SNDKUSDT,20,US_STOCK:2026-05-29T20:00:00+00:00:2026-06-01T08:00:00+00:00
False,True,0.0,S2,EXECUTION_STRESS,31,D2-bc8ed57a704b6a79,SNDKUSDT,20,US_STOCK:2026-05-29T20:00:00+00:00:2026-06-01T08:00:00+00:00
False,True,0.0,S3,EXECUTION_STRESS,31,D2-bc8ed57a704b6a79,SNDKUSDT,20,US_STOCK:2026-05-29T20:00:00+00:00:2026-06-01T08:00:00+00:00
False,True,0.0,S0,EXECUTION_STRESS,59,D2-bc8ed57a704b6a79,SNDKUSDT,20,US_STOCK:2026-05-29T20:00:00+00:00:2026-06-01T08:00:00+00:00
False,True,0.0,S1,EXECUTION_STRESS,59,D2-bc8ed57a704b6a79,SNDKUSDT,20,US_STOCK:2026-05-29T20:00:00+00:00:2026-06-01T08:00:00+00:00
False,True,0.0,S2,EXECUTION_STRESS,59,D2-bc8ed57a704b6a79,SNDKUSDT,20,US_STOCK:2026-05-29T20:00:00+00:00:2026-06-01T08:00:00+00:00
False,True,0.0,S3,EXECUTION_STRESS,59,D2-bc8ed57a704b6a79,SNDKUSDT,20,US_STOCK:2026-05-29T20:00:00+00:00:2026-06-01T08:00:00+00:00
False,True,0.0,S0,EXECUTION_STRESS,97,D2-bc8ed57a704b6a79,SNDKUSDT,20,US_STOCK:2026-05-29T20:00:00+00:00:2026-06-01T08:00:00+00:00
False,True,0.0,S1,EXECUTION_STRESS,97,D2-bc8ed57a704b6a79,SNDKUSDT,20,US_STOCK:2026-05-29T20:00:00+00:00:2026-06-01T08:00:00+00:00
False,True,0.0,S2,EXECUTION_STRESS,97,D2-bc8ed57a704b6a79,SNDKUSDT,20,US_STOCK:2026-05-29T20:00:00+00:00:2026-06-01T08:00:00+00:00
False,True,0.0,S3,EXECUTION_STRESS,97,D2-bc8ed57a704b6a79,SNDKUSDT,20,US_STOCK:2026-05-29T20:00:00+00:00:2026-06-01T08:00:00+00:00
False,True,0.0,S0,MAKER_PROMO_OFF,3,D2-bc8ed57a704b6a79,SNDKUSDT,20,US_STOCK:2026-05-29T20:00:00+00:00:2026-06-01T08:00:00+00:00
False,True,0.0,S1,MAKER_PROMO_OFF,3,D2-bc8ed57a704b6a79,SNDKUSDT,20,US_STOCK:2026-05-29T20:00:00+00:00:2026-06-01T08:00:00+00:00
False,True,0.0,S2,MAKER_PROMO_OFF,3,D2-bc8ed57a704b6a79,SNDKUSDT,20,US_STOCK:2026-05-29T20:00:00+00:00:2026-06-01T08:00:00+00:00
False,True,0.0,S3,MAKER_PROMO_OFF,3,D2-bc8ed57a704b6a79,SNDKUSDT,20,US_STOCK:2026-05-29T20:00:00+00:00:2026-06-01T08:00:00+00:00
False,True,0.0,S0,MAKER_PROMO_OFF,10,D2-bc8ed57a704b6a79,SNDKUSDT,20,US_STOCK:2026-05-29T20:00:00+00:00:2026-06-01T08:00:00+00:00
False,True,0.0,S1,MAKER_PROMO_OFF,10,D2-bc8ed57a704b6a79,SNDKUSDT,20,US_STOCK:2026-05-29T20:00:00+00:00:2026-06-01T08:00:00+00:00
False,True,0.0,S2,MAKER_PROMO_OFF,10,D2-bc8ed57a704b6a79,SNDKUSDT,20,US_STOCK:2026-05-29T20:00:00+00:00:2026-06-01T08:00:00+00:00
False,True,0.0,S3,MAKER_PROMO_OFF,10,D2-bc8ed57a704b6a79,SNDKUSDT,20,US_STOCK:2026-05-29T20:00:00+00:00:2026-06-01T08:00:00+00:00
False,True,0.0,S0,MAKER_PROMO_OFF,17,D2-bc8ed57a704b6a79,SNDKUSDT,20,US_STOCK:2026-05-29T20:00:00+00:00:2026-06-01T08:00:00+00:00
False,True,0.0,S1,MAKER_PROMO_OFF,17,D2-bc8ed57a704b6a79,SNDKUSDT,20,US_STOCK:2026-05-29T20:00:00+00:00:2026-06-01T08:00:00+00:00
False,True,0.0,S2,MAKER_PROMO_OFF,17,D2-bc8ed57a704b6a79,SNDKUSDT,20,US_STOCK:2026-05-29T20:00:00+00:00:2026-06-01T08:00:00+00:00
False,True,0.0,S3,MAKER_PROMO_OFF,17,D2-bc8ed57a704b6a79,SNDKUSDT,20,US_STOCK:2026-05-29T20:00:00+00:00:2026-06-01T08:00:00+00:00
False,True,0.0,S0,MAKER_PROMO_OFF,31,D2-bc8ed57a704b6a79,SNDKUSDT,20,US_STOCK:2026-05-29T20:00:00+00:00:2026-06-01T08:00:00+00:00
False,True,0.0,S1,MAKER_PROMO_OFF,31,D2-bc8ed57a704b6a79,SNDKUSDT,20,US_STOCK:2026-05-29T20:00:00+00:00:2026-06-01T08:00:00+00:00
False,True,0.0,S2,MAKER_PROMO_OFF,31,D2-bc8ed57a704b6a79,SNDKUSDT,20,US_STOCK:2026-05-29T20:00:00+00:00:2026-06-01T08:00:00+00:00
False,True,0.0,S3,MAKER_PROMO_OFF,31,D2-bc8ed57a704b6a79,SNDKUSDT,20,US_STOCK:2026-05-29T20:00:00+00:00:2026-06-01T08:00:00+00:00
False,True,0.0,S0,MAKER_PROMO_OFF,59,D2-bc8ed57a704b6a79,SNDKUSDT,20,US_STOCK:2026-05-29T20:00:00+00:00:2026-06-01T08:00:00+00:00
False,True,0.0,S1,MAKER_PROMO_OFF,59,D2-bc8ed57a704b6a79,SNDKUSDT,20,US_STOCK:2026-05-29T20:00:00+00:00:2026-06-01T08:00:00+00:00
False,True,0.0,S2,MAKER_PROMO_OFF,59,D2-bc8ed57a704b6a79,SNDKUSDT,20,US_STOCK:2026-05-29T20:00:00+00:00:2026-06-01T08:00:00+00:00
False,True,0.0,S3,MAKER_PROMO_OFF,59,D2-bc8ed57a704b6a79,SNDKUSDT,20,US_STOCK:2026-05-29T20:00:00+00:00:2026-06-01T08:00:00+00:00
False,True,0.0,S0,MAKER_PROMO_OFF,97,D2-bc8ed57a704b6a79,SNDKUSDT,20,US_STOCK:2026-05-29T20:00:00+00:00:2026-06-01T08:00:00+00:00
False,True,0.0,S1,MAKER_PROMO_OFF,97,D2-bc8ed57a704b6a79,SNDKUSDT,20,US_STOCK:2026-05-29T20:00:00+00:00:2026-06-01T08:00:00+00:00
False,True,0.0,S2,MAKER_PROMO_OFF,97,D2-bc8ed57a704b6a79,SNDKUSDT,20,US_STOCK:2026-05-29T20:00:00+00:00:2026-06-01T08:00:00+00:00
False,True,0.0,S3,MAKER_PROMO_OFF,97,D2-bc8ed57a704b6a79,SNDKUSDT,20,US_STOCK:2026-05-29T20:00:00+00:00:2026-06-01T08:00:00+00:00
False,True,0.0,S0,PRIMARY_ZERO_MAKER,3,D2-cb237b14dd2e1af4,SNDKUSDT,20,US_STOCK:2026-06-05T20:00:00+00:00:2026-06-08T08:00:00+00:00
False,True,0.0,S1,PRIMARY_ZERO_MAKER,3,D2-cb237b14dd2e1af4,SNDKUSDT,20,US_STOCK:2026-06-05T20:00:00+00:00:2026-06-08T08:00:00+00:00
False,True,0.0,S2,PRIMARY_ZERO_MAKER,3,D2-cb237b14dd2e1af4,SNDKUSDT,20,US_STOCK:2026-06-05T20:00:00+00:00:2026-06-08T08:00:00+00:00
False,True,0.0,S3,PRIMARY_ZERO_MAKER,3,D2-cb237b14dd2e1af4,SNDKUSDT,20,US_STOCK:2026-06-05T20:00:00+00:00:2026-06-08T08:00:00+00:00
False,True,0.0,S0,PRIMARY_ZERO_MAKER,10,D2-cb237b14dd2e1af4,SNDKUSDT,20,US_STOCK:2026-06-05T20:00:00+00:00:2026-06-08T08:00:00+00:00
False,True,0.0,S1,PRIMARY_ZERO_MAKER,10,D2-cb237b14dd2e1af4,SNDKUSDT,20,US_STOCK:2026-06-05T20:00:00+00:00:2026-06-08T08:00:00+00:00
False,True,0.0,S2,PRIMARY_ZERO_MAKER,10,D2-cb237b14dd2e1af4,SNDKUSDT,20,US_STOCK:2026-06-05T20:00:00+00:00:2026-06-08T08:00:00+00:00
False,True,0.0,S3,PRIMARY_ZERO_MAKER,10,D2-cb237b14dd2e1af4,SNDKUSDT,20,US_STOCK:2026-06-05T20:00:00+00:00:2026-06-08T08:00:00+00:00
False,True,0.0,S0,PRIMARY_ZERO_MAKER,17,D2-cb237b14dd2e1af4,SNDKUSDT,20,US_STOCK:2026-06-05T20:00:00+00:00:2026-06-08T08:00:00+00:00
False,True,0.0,S1,PRIMARY_ZERO_MAKER,17,D2-cb237b14dd2e1af4,SNDKUSDT,20,US_STOCK:2026-06-05T20:00:00+00:00:2026-06-08T08:00:00+00:00
False,True,0.0,S2,PRIMARY_ZERO_MAKER,17,D2-cb237b14dd2e1af4,SNDKUSDT,20,US_STOCK:2026-06-05T20:00:00+00:00:2026-06-08T08:00:00+00:00
False,True,0.0,S3,PRIMARY_ZERO_MAKER,17,D2-cb237b14dd2e1af4,SNDKUSDT,20,US_STOCK:2026-06-05T20:00:00+00:00:2026-06-08T08:00:00+00:00
False,True,0.0,S0,PRIMARY_ZERO_MAKER,31,D2-cb237b14dd2e1af4,SNDKUSDT,20,US_STOCK:2026-06-05T20:00:00+00:00:2026-06-08T08:00:00+00:00
False,True,0.0,S1,PRIMARY_ZERO_MAKER,31,D2-cb237b14dd2e1af4,SNDKUSDT,20,US_STOCK:2026-06-05T20:00:00+00:00:2026-06-08T08:00:00+00:00
False,True,0.0,S2,PRIMARY_ZERO_MAKER,31,D2-cb237b14dd2e1af4,SNDKUSDT,20,US_STOCK:2026-06-05T20:00:00+00:00:2026-06-08T08:00:00+00:00
False,True,0.0,S3,PRIMARY_ZERO_MAKER,31,D2-cb237b14dd2e1af4,SNDKUSDT,20,US_STOCK:2026-06-05T20:00:00+00:00:2026-06-08T08:00:00+00:00
False,True,0.0,S0,PRIMARY_ZERO_MAKER,59,D2-cb237b14dd2e1af4,SNDKUSDT,20,US_STOCK:2026-06-05T20:00:00+00:00:2026-06-08T08:00:00+00:00
False,True,0.0,S1,PRIMARY_ZERO_MAKER,59,D2-cb237b14dd2e1af4,SNDKUSDT,20,US_STOCK:2026-06-05T20:00:00+00:00:2026-06-08T08:00:00+00:00
False,True,0.0,S2,PRIMARY_ZERO_MAKER,59,D2-cb237b14dd2e1af4,SNDKUSDT,20,US_STOCK:2026-06-05T20:00:00+00:00:2026-06-08T08:00:00+00:00
False,True,0.0,S3,PRIMARY_ZERO_MAKER,59,D2-cb237b14dd2e1af4,SNDKUSDT,20,US_STOCK:2026-06-05T20:00:00+00:00:2026-06-08T08:00:00+00:00
False,True,0.0,S0,PRIMARY_ZERO_MAKER,97,D2-cb237b14dd2e1af4,SNDKUSDT,20,US_STOCK:2026-06-05T20:00:00+00:00:2026-06-08T08:00:00+00:00
False,True,0.0,S1,PRIMARY_ZERO_MAKER,97,D2-cb237b14dd2e1af4,SNDKUSDT,20,US_STOCK:2026-06-05T20:00:00+00:00:2026-06-08T08:00:00+00:00
False,True,0.0,S2,PRIMARY_ZERO_MAKER,97,D2-cb237b14dd2e1af4,SNDKUSDT,20,US_STOCK:2026-06-05T20:00:00+00:00:2026-06-08T08:00:00+00:00
False,True,0.0,S3,PRIMARY_ZERO_MAKER,97,D2-cb237b14dd2e1af4,SNDKUSDT,20,US_STOCK:2026-06-05T20:00:00+00:00:2026-06-08T08:00:00+00:00
False,True,0.0,S0,EXECUTION_STRESS,3,D2-cb237b14dd2e1af4,SNDKUSDT,20,US_STOCK:2026-06-05T20:00:00+00:00:2026-06-08T08:00:00+00:00
False,True,0.0,S1,EXECUTION_STRESS,3,D2-cb237b14dd2e1af4,SNDKUSDT,20,US_STOCK:2026-06-05T20:00:00+00:00:2026-06-08T08:00:00+00:00
False,True,0.0,S2,EXECUTION_STRESS,3,D2-cb237b14dd2e1af4,SNDKUSDT,20,US_STOCK:2026-06-05T20:00:00+00:00:2026-06-08T08:00:00+00:00
False,True,0.0,S3,EXECUTION_STRESS,3,D2-cb237b14dd2e1af4,SNDKUSDT,20,US_STOCK:2026-06-05T20:00:00+00:00:2026-06-08T08:00:00+00:00
False,True,0.0,S0,EXECUTION_STRESS,10,D2-cb237b14dd2e1af4,SNDKUSDT,20,US_STOCK:2026-06-05T20:00:00+00:00:2026-06-08T08:00:00+00:00
False,True,0.0,S1,EXECUTION_STRESS,10,D2-cb237b14dd2e1af4,SNDKUSDT,20,US_STOCK:2026-06-05T20:00:00+00:00:2026-06-08T08:00:00+00:00
False,True,0.0,S2,EXECUTION_STRESS,10,D2-cb237b14dd2e1af4,SNDKUSDT,20,US_STOCK:2026-06-05T20:00:00+00:00:2026-06-08T08:00:00+00:00
False,True,0.0,S3,EXECUTION_STRESS,10,D2-cb237b14dd2e1af4,SNDKUSDT,20,US_STOCK:2026-06-05T20:00:00+00:00:2026-06-08T08:00:00+00:00
False,True,0.0,S0,EXECUTION_STRESS,17,D2-cb237b14dd2e1af4,SNDKUSDT,20,US_STOCK:2026-06-05T20:00:00+00:00:2026-06-08T08:00:00+00:00
False,True,0.0,S1,EXECUTION_STRESS,17,D2-cb237b14dd2e1af4,SNDKUSDT,20,US_STOCK:2026-06-05T20:00:00+00:00:2026-06-08T08:00:00+00:00
False,True,0.0,S2,EXECUTION_STRESS,17,D2-cb237b14dd2e1af4,SNDKUSDT,20,US_STOCK:2026-06-05T20:00:00+00:00:2026-06-08T08:00:00+00:00
False,True,0.0,S3,EXECUTION_STRESS,17,D2-cb237b14dd2e1af4,SNDKUSDT,20,US_STOCK:2026-06-05T20:00:00+00:00:2026-06-08T08:00:00+00:00
False,True,0.0,S0,EXECUTION_STRESS,31,D2-cb237b14dd2e1af4,SNDKUSDT,20,US_STOCK:2026-06-05T20:00:00+00:00:2026-06-08T08:00:00+00:00
False,True,0.0,S1,EXECUTION_STRESS,31,D2-cb237b14dd2e1af4,SNDKUSDT,20,US_STOCK:2026-06-05T20:00:00+00:00:2026-06-08T08:00:00+00:00
False,True,0.0,S2,EXECUTION_STRESS,31,D2-cb237b14dd2e1af4,SNDKUSDT,20,US_STOCK:2026-06-05T20:00:00+00:00:2026-06-08T08:00:00+00:00
False,True,0.0,S3,EXECUTION_STRESS,31,D2-cb237b14dd2e1af4,SNDKUSDT,20,US_STOCK:2026-06-05T20:00:00+00:00:2026-06-08T08:00:00+00:00
False,True,0.0,S0,EXECUTION_STRESS,59,D2-cb237b14dd2e1af4,SNDKUSDT,20,US_STOCK:2026-06-05T20:00:00+00:00:2026-06-08T08:00:00+00:00
False,True,0.0,S1,EXECUTION_STRESS,59,D2-cb237b14dd2e1af4,SNDKUSDT,20,US_STOCK:2026-06-05T20:00:00+00:00:2026-06-08T08:00:00+00:00
False,True,0.0,S2,EXECUTION_STRESS,59,D2-cb237b14dd2e1af4,SNDKUSDT,20,US_STOCK:2026-06-05T20:00:00+00:00:2026-06-08T08:00:00+00:00
False,True,0.0,S3,EXECUTION_STRESS,59,D2-cb237b14dd2e1af4,SNDKUSDT,20,US_STOCK:2026-06-05T20:00:00+00:00:2026-06-08T08:00:00+00:00
False,True,0.0,S0,EXECUTION_STRESS,97,D2-cb237b14dd2e1af4,SNDKUSDT,20,US_STOCK:2026-06-05T20:00:00+00:00:2026-06-08T08:00:00+00:00
False,True,0.0,S1,EXECUTION_STRESS,97,D2-cb237b14dd2e1af4,SNDKUSDT,20,US_STOCK:2026-06-05T20:00:00+00:00:2026-06-08T08:00:00+00:00
False,True,0.0,S2,EXECUTION_STRESS,97,D2-cb237b14dd2e1af4,SNDKUSDT,20,US_STOCK:2026-06-05T20:00:00+00:00:2026-06-08T08:00:00+00:00
False,True,0.0,S3,EXECUTION_STRESS,97,D2-cb237b14dd2e1af4,SNDKUSDT,20,US_STOCK:2026-06-05T20:00:00+00:00:2026-06-08T08:00:00+00:00
False,True,0.0,S0,MAKER_PROMO_OFF,3,D2-cb237b14dd2e1af4,SNDKUSDT,20,US_STOCK:2026-06-05T20:00:00+00:00:2026-06-08T08:00:00+00:00
False,True,0.0,S1,MAKER_PROMO_OFF,3,D2-cb237b14dd2e1af4,SNDKUSDT,20,US_STOCK:2026-06-05T20:00:00+00:00:2026-06-08T08:00:00+00:00
False,True,0.0,S2,MAKER_PROMO_OFF,3,D2-cb237b14dd2e1af4,SNDKUSDT,20,US_STOCK:2026-06-05T20:00:00+00:00:2026-06-08T08:00:00+00:00
False,True,0.0,S3,MAKER_PROMO_OFF,3,D2-cb237b14dd2e1af4,SNDKUSDT,20,US_STOCK:2026-06-05T20:00:00+00:00:2026-06-08T08:00:00+00:00
False,True,0.0,S0,MAKER_PROMO_OFF,10,D2-cb237b14dd2e1af4,SNDKUSDT,20,US_STOCK:2026-06-05T20:00:00+00:00:2026-06-08T08:00:00+00:00
False,True,0.0,S1,MAKER_PROMO_OFF,10,D2-cb237b14dd2e1af4,SNDKUSDT,20,US_STOCK:2026-06-05T20:00:00+00:00:2026-06-08T08:00:00+00:00
False,True,0.0,S2,MAKER_PROMO_OFF,10,D2-cb237b14dd2e1af4,SNDKUSDT,20,US_STOCK:2026-06-05T20:00:00+00:00:2026-06-08T08:00:00+00:00
False,True,0.0,S3,MAKER_PROMO_OFF,10,D2-cb237b14dd2e1af4,SNDKUSDT,20,US_STOCK:2026-06-05T20:00:00+00:00:2026-06-08T08:00:00+00:00
False,True,0.0,S0,MAKER_PROMO_OFF,17,D2-cb237b14dd2e1af4,SNDKUSDT,20,US_STOCK:2026-06-05T20:00:00+00:00:2026-06-08T08:00:00+00:00
False,True,0.0,S1,MAKER_PROMO_OFF,17,D2-cb237b14dd2e1af4,SNDKUSDT,20,US_STOCK:2026-06-05T20:00:00+00:00:2026-06-08T08:00:00+00:00
False,True,0.0,S2,MAKER_PROMO_OFF,17,D2-cb237b14dd2e1af4,SNDKUSDT,20,US_STOCK:2026-06-05T20:00:00+00:00:2026-06-08T08:00:00+00:00
False,True,0.0,S3,MAKER_PROMO_OFF,17,D2-cb237b14dd2e1af4,SNDKUSDT,20,US_STOCK:2026-06-05T20:00:00+00:00:2026-06-08T08:00:00+00:00
False,True,0.0,S0,MAKER_PROMO_OFF,31,D2-cb237b14dd2e1af4,SNDKUSDT,20,US_STOCK:2026-06-05T20:00:00+00:00:2026-06-08T08:00:00+00:00
False,True,0.0,S1,MAKER_PROMO_OFF,31,D2-cb237b14dd2e1af4,SNDKUSDT,20,US_STOCK:2026-06-05T20:00:00+00:00:2026-06-08T08:00:00+00:00
False,True,0.0,S2,MAKER_PROMO_OFF,31,D2-cb237b14dd2e1af4,SNDKUSDT,20,US_STOCK:2026-06-05T20:00:00+00:00:2026-06-08T08:00:00+00:00
False,True,0.0,S3,MAKER_PROMO_OFF,31,D2-cb237b14dd2e1af4,SNDKUSDT,20,US_STOCK:2026-06-05T20:00:00+00:00:2026-06-08T08:00:00+00:00
False,True,0.0,S0,MAKER_PROMO_OFF,59,D2-cb237b14dd2e1af4,SNDKUSDT,20,US_STOCK:2026-06-05T20:00:00+00:00:2026-06-08T08:00:00+00:00
False,True,0.0,S1,MAKER_PROMO_OFF,59,D2-cb237b14dd2e1af4,SNDKUSDT,20,US_STOCK:2026-06-05T20:00:00+00:00:2026-06-08T08:00:00+00:00
False,True,0.0,S2,MAKER_PROMO_OFF,59,D2-cb237b14dd2e1af4,SNDKUSDT,20,US_STOCK:2026-06-05T20:00:00+00:00:2026-06-08T08:00:00+00:00
False,True,0.0,S3,MAKER_PROMO_OFF,59,D2-cb237b14dd2e1af4,SNDKUSDT,20,US_STOCK:2026-06-05T20:00:00+00:00:2026-06-08T08:00:00+00:00
False,True,0.0,S0,MAKER_PROMO_OFF,97,D2-cb237b14dd2e1af4,SNDKUSDT,20,US_STOCK:2026-06-05T20:00:00+00:00:2026-06-08T08:00:00+00:00
False,True,0.0,S1,MAKER_PROMO_OFF,97,D2-cb237b14dd2e1af4,SNDKUSDT,20,US_STOCK:2026-06-05T20:00:00+00:00:2026-06-08T08:00:00+00:00
False,True,0.0,S2,MAKER_PROMO_OFF,97,D2-cb237b14dd2e1af4,SNDKUSDT,20,US_STOCK:2026-06-05T20:00:00+00:00:2026-06-08T08:00:00+00:00
False,True,0.0,S3,MAKER_PROMO_OFF,97,D2-cb237b14dd2e1af4,SNDKUSDT,20,US_STOCK:2026-06-05T20:00:00+00:00:2026-06-08T08:00:00+00:00
False,True,0.0,S0,PRIMARY_ZERO_MAKER,3,D2-26e2b0070e7b30d2,SNDKUSDT,20,US_STOCK:2026-06-18T20:00:00+00:00:2026-06-22T08:00:00+00:00
False,True,0.0,S1,PRIMARY_ZERO_MAKER,3,D2-26e2b0070e7b30d2,SNDKUSDT,20,US_STOCK:2026-06-18T20:00:00+00:00:2026-06-22T08:00:00+00:00
False,True,0.0,S2,PRIMARY_ZERO_MAKER,3,D2-26e2b0070e7b30d2,SNDKUSDT,20,US_STOCK:2026-06-18T20:00:00+00:00:2026-06-22T08:00:00+00:00
False,True,0.0,S3,PRIMARY_ZERO_MAKER,3,D2-26e2b0070e7b30d2,SNDKUSDT,20,US_STOCK:2026-06-18T20:00:00+00:00:2026-06-22T08:00:00+00:00
False,True,0.0,S0,PRIMARY_ZERO_MAKER,10,D2-26e2b0070e7b30d2,SNDKUSDT,20,US_STOCK:2026-06-18T20:00:00+00:00:2026-06-22T08:00:00+00:00
False,True,0.0,S1,PRIMARY_ZERO_MAKER,10,D2-26e2b0070e7b30d2,SNDKUSDT,20,US_STOCK:2026-06-18T20:00:00+00:00:2026-06-22T08:00:00+00:00
False,True,0.0,S2,PRIMARY_ZERO_MAKER,10,D2-26e2b0070e7b30d2,SNDKUSDT,20,US_STOCK:2026-06-18T20:00:00+00:00:2026-06-22T08:00:00+00:00
False,True,0.0,S3,PRIMARY_ZERO_MAKER,10,D2-26e2b0070e7b30d2,SNDKUSDT,20,US_STOCK:2026-06-18T20:00:00+00:00:2026-06-22T08:00:00+00:00
False,True,0.0,S0,PRIMARY_ZERO_MAKER,17,D2-26e2b0070e7b30d2,SNDKUSDT,20,US_STOCK:2026-06-18T20:00:00+00:00:2026-06-22T08:00:00+00:00
False,True,0.0,S1,PRIMARY_ZERO_MAKER,17,D2-26e2b0070e7b30d2,SNDKUSDT,20,US_STOCK:2026-06-18T20:00:00+00:00:2026-06-22T08:00:00+00:00
False,True,0.0,S2,PRIMARY_ZERO_MAKER,17,D2-26e2b0070e7b30d2,SNDKUSDT,20,US_STOCK:2026-06-18T20:00:00+00:00:2026-06-22T08:00:00+00:00
False,True,0.0,S3,PRIMARY_ZERO_MAKER,17,D2-26e2b0070e7b30d2,SNDKUSDT,20,US_STOCK:2026-06-18T20:00:00+00:00:2026-06-22T08:00:00+00:00
False,True,0.0,S0,PRIMARY_ZERO_MAKER,31,D2-26e2b0070e7b30d2,SNDKUSDT,20,US_STOCK:2026-06-18T20:00:00+00:00:2026-06-22T08:00:00+00:00
False,True,0.0,S1,PRIMARY_ZERO_MAKER,31,D2-26e2b0070e7b30d2,SNDKUSDT,20,US_STOCK:2026-06-18T20:00:00+00:00:2026-06-22T08:00:00+00:00
False,True,0.0,S2,PRIMARY_ZERO_MAKER,31,D2-26e2b0070e7b30d2,SNDKUSDT,20,US_STOCK:2026-06-18T20:00:00+00:00:2026-06-22T08:00:00+00:00
False,True,0.0,S3,PRIMARY_ZERO_MAKER,31,D2-26e2b0070e7b30d2,SNDKUSDT,20,US_STOCK:2026-06-18T20:00:00+00:00:2026-06-22T08:00:00+00:00
False,True,0.0,S0,PRIMARY_ZERO_MAKER,59,D2-26e2b0070e7b30d2,SNDKUSDT,20,US_STOCK:2026-06-18T20:00:00+00:00:2026-06-22T08:00:00+00:00
False,True,0.0,S1,PRIMARY_ZERO_MAKER,59,D2-26e2b0070e7b30d2,SNDKUSDT,20,US_STOCK:2026-06-18T20:00:00+00:00:2026-06-22T08:00:00+00:00
False,True,0.0,S2,PRIMARY_ZERO_MAKER,59,D2-26e2b0070e7b30d2,SNDKUSDT,20,US_STOCK:2026-06-18T20:00:00+00:00:2026-06-22T08:00:00+00:00
False,True,0.0,S3,PRIMARY_ZERO_MAKER,59,D2-26e2b0070e7b30d2,SNDKUSDT,20,US_STOCK:2026-06-18T20:00:00+00:00:2026-06-22T08:00:00+00:00
False,True,0.0,S0,PRIMARY_ZERO_MAKER,97,D2-26e2b0070e7b30d2,SNDKUSDT,20,US_STOCK:2026-06-18T20:00:00+00:00:2026-06-22T08:00:00+00:00
False,True,0.0,S1,PRIMARY_ZERO_MAKER,97,D2-26e2b0070e7b30d2,SNDKUSDT,20,US_STOCK:2026-06-18T20:00:00+00:00:2026-06-22T08:00:00+00:00
False,True,0.0,S2,PRIMARY_ZERO_MAKER,97,D2-26e2b0070e7b30d2,SNDKUSDT,20,US_STOCK:2026-06-18T20:00:00+00:00:2026-06-22T08:00:00+00:00
False,True,0.0,S3,PRIMARY_ZERO_MAKER,97,D2-26e2b0070e7b30d2,SNDKUSDT,20,US_STOCK:2026-06-18T20:00:00+00:00:2026-06-22T08:00:00+00:00
False,True,0.0,S0,EXECUTION_STRESS,3,D2-26e2b0070e7b30d2,SNDKUSDT,20,US_STOCK:2026-06-18T20:00:00+00:00:2026-06-22T08:00:00+00:00
False,True,0.0,S1,EXECUTION_STRESS,3,D2-26e2b0070e7b30d2,SNDKUSDT,20,US_STOCK:2026-06-18T20:00:00+00:00:2026-06-22T08:00:00+00:00
False,True,0.0,S2,EXECUTION_STRESS,3,D2-26e2b0070e7b30d2,SNDKUSDT,20,US_STOCK:2026-06-18T20:00:00+00:00:2026-06-22T08:00:00+00:00
False,True,0.0,S3,EXECUTION_STRESS,3,D2-26e2b0070e7b30d2,SNDKUSDT,20,US_STOCK:2026-06-18T20:00:00+00:00:2026-06-22T08:00:00+00:00
False,True,0.0,S0,EXECUTION_STRESS,10,D2-26e2b0070e7b30d2,SNDKUSDT,20,US_STOCK:2026-06-18T20:00:00+00:00:2026-06-22T08:00:00+00:00
False,True,0.0,S1,EXECUTION_STRESS,10,D2-26e2b0070e7b30d2,SNDKUSDT,20,US_STOCK:2026-06-18T20:00:00+00:00:2026-06-22T08:00:00+00:00
False,True,0.0,S2,EXECUTION_STRESS,10,D2-26e2b0070e7b30d2,SNDKUSDT,20,US_STOCK:2026-06-18T20:00:00+00:00:2026-06-22T08:00:00+00:00
False,True,0.0,S3,EXECUTION_STRESS,10,D2-26e2b0070e7b30d2,SNDKUSDT,20,US_STOCK:2026-06-18T20:00:00+00:00:2026-06-22T08:00:00+00:00
False,True,0.0,S0,EXECUTION_STRESS,17,D2-26e2b0070e7b30d2,SNDKUSDT,20,US_STOCK:2026-06-18T20:00:00+00:00:2026-06-22T08:00:00+00:00
False,True,0.0,S1,EXECUTION_STRESS,17,D2-26e2b0070e7b30d2,SNDKUSDT,20,US_STOCK:2026-06-18T20:00:00+00:00:2026-06-22T08:00:00+00:00
False,True,0.0,S2,EXECUTION_STRESS,17,D2-26e2b0070e7b30d2,SNDKUSDT,20,US_STOCK:2026-06-18T20:00:00+00:00:2026-06-22T08:00:00+00:00
False,True,0.0,S3,EXECUTION_STRESS,17,D2-26e2b0070e7b30d2,SNDKUSDT,20,US_STOCK:2026-06-18T20:00:00+00:00:2026-06-22T08:00:00+00:00
False,True,0.0,S0,EXECUTION_STRESS,31,D2-26e2b0070e7b30d2,SNDKUSDT,20,US_STOCK:2026-06-18T20:00:00+00:00:2026-06-22T08:00:00+00:00
False,True,0.0,S1,EXECUTION_STRESS,31,D2-26e2b0070e7b30d2,SNDKUSDT,20,US_STOCK:2026-06-18T20:00:00+00:00:2026-06-22T08:00:00+00:00
False,True,0.0,S2,EXECUTION_STRESS,31,D2-26e2b0070e7b30d2,SNDKUSDT,20,US_STOCK:2026-06-18T20:00:00+00:00:2026-06-22T08:00:00+00:00
False,True,0.0,S3,EXECUTION_STRESS,31,D2-26e2b0070e7b30d2,SNDKUSDT,20,US_STOCK:2026-06-18T20:00:00+00:00:2026-06-22T08:00:00+00:00
False,True,0.0,S0,EXECUTION_STRESS,59,D2-26e2b0070e7b30d2,SNDKUSDT,20,US_STOCK:2026-06-18T20:00:00+00:00:2026-06-22T08:00:00+00:00
False,True,0.0,S1,EXECUTION_STRESS,59,D2-26e2b0070e7b30d2,SNDKUSDT,20,US_STOCK:2026-06-18T20:00:00+00:00:2026-06-22T08:00:00+00:00
False,True,0.0,S2,EXECUTION_STRESS,59,D2-26e2b0070e7b30d2,SNDKUSDT,20,US_STOCK:2026-06-18T20:00:00+00:00:2026-06-22T08:00:00+00:00
False,True,0.0,S3,EXECUTION_STRESS,59,D2-26e2b0070e7b30d2,SNDKUSDT,20,US_STOCK:2026-06-18T20:00:00+00:00:2026-06-22T08:00:00+00:00
False,True,0.0,S0,EXECUTION_STRESS,97,D2-26e2b0070e7b30d2,SNDKUSDT,20,US_STOCK:2026-06-18T20:00:00+00:00:2026-06-22T08:00:00+00:00
False,True,0.0,S1,EXECUTION_STRESS,97,D2-26e2b0070e7b30d2,SNDKUSDT,20,US_STOCK:2026-06-18T20:00:00+00:00:2026-06-22T08:00:00+00:00
False,True,0.0,S2,EXECUTION_STRESS,97,D2-26e2b0070e7b30d2,SNDKUSDT,20,US_STOCK:2026-06-18T20:00:00+00:00:2026-06-22T08:00:00+00:00
False,True,0.0,S3,EXECUTION_STRESS,97,D2-26e2b0070e7b30d2,SNDKUSDT,20,US_STOCK:2026-06-18T20:00:00+00:00:2026-06-22T08:00:00+00:00
False,True,0.0,S0,MAKER_PROMO_OFF,3,D2-26e2b0070e7b30d2,SNDKUSDT,20,US_STOCK:2026-06-18T20:00:00+00:00:2026-06-22T08:00:00+00:00
False,True,0.0,S1,MAKER_PROMO_OFF,3,D2-26e2b0070e7b30d2,SNDKUSDT,20,US_STOCK:2026-06-18T20:00:00+00:00:2026-06-22T08:00:00+00:00
False,True,0.0,S2,MAKER_PROMO_OFF,3,D2-26e2b0070e7b30d2,SNDKUSDT,20,US_STOCK:2026-06-18T20:00:00+00:00:2026-06-22T08:00:00+00:00
False,True,0.0,S3,MAKER_PROMO_OFF,3,D2-26e2b0070e7b30d2,SNDKUSDT,20,US_STOCK:2026-06-18T20:00:00+00:00:2026-06-22T08:00:00+00:00
False,True,0.0,S0,MAKER_PROMO_OFF,10,D2-26e2b0070e7b30d2,SNDKUSDT,20,US_STOCK:2026-06-18T20:00:00+00:00:2026-06-22T08:00:00+00:00
False,True,0.0,S1,MAKER_PROMO_OFF,10,D2-26e2b0070e7b30d2,SNDKUSDT,20,US_STOCK:2026-06-18T20:00:00+00:00:2026-06-22T08:00:00+00:00
False,True,0.0,S2,MAKER_PROMO_OFF,10,D2-26e2b0070e7b30d2,SNDKUSDT,20,US_STOCK:2026-06-18T20:00:00+00:00:2026-06-22T08:00:00+00:00
False,True,0.0,S3,MAKER_PROMO_OFF,10,D2-26e2b0070e7b30d2,SNDKUSDT,20,US_STOCK:2026-06-18T20:00:00+00:00:2026-06-22T08:00:00+00:00
False,True,0.0,S0,MAKER_PROMO_OFF,17,D2-26e2b0070e7b30d2,SNDKUSDT,20,US_STOCK:2026-06-18T20:00:00+00:00:2026-06-22T08:00:00+00:00
False,True,0.0,S1,MAKER_PROMO_OFF,17,D2-26e2b0070e7b30d2,SNDKUSDT,20,US_STOCK:2026-06-18T20:00:00+00:00:2026-06-22T08:00:00+00:00
False,True,0.0,S2,MAKER_PROMO_OFF,17,D2-26e2b0070e7b30d2,SNDKUSDT,20,US_STOCK:2026-06-18T20:00:00+00:00:2026-06-22T08:00:00+00:00
False,True,0.0,S3,MAKER_PROMO_OFF,17,D2-26e2b0070e7b30d2,SNDKUSDT,20,US_STOCK:2026-06-18T20:00:00+00:00:2026-06-22T08:00:00+00:00
False,True,0.0,S0,MAKER_PROMO_OFF,31,D2-26e2b0070e7b30d2,SNDKUSDT,20,US_STOCK:2026-06-18T20:00:00+00:00:2026-06-22T08:00:00+00:00
False,True,0.0,S1,MAKER_PROMO_OFF,31,D2-26e2b0070e7b30d2,SNDKUSDT,20,US_STOCK:2026-06-18T20:00:00+00:00:2026-06-22T08:00:00+00:00
False,True,0.0,S2,MAKER_PROMO_OFF,31,D2-26e2b0070e7b30d2,SNDKUSDT,20,US_STOCK:2026-06-18T20:00:00+00:00:2026-06-22T08:00:00+00:00
False,True,0.0,S3,MAKER_PROMO_OFF,31,D2-26e2b0070e7b30d2,SNDKUSDT,20,US_STOCK:2026-06-18T20:00:00+00:00:2026-06-22T08:00:00+00:00
False,True,0.0,S0,MAKER_PROMO_OFF,59,D2-26e2b0070e7b30d2,SNDKUSDT,20,US_STOCK:2026-06-18T20:00:00+00:00:2026-06-22T08:00:00+00:00
False,True,0.0,S1,MAKER_PROMO_OFF,59,D2-26e2b0070e7b30d2,SNDKUSDT,20,US_STOCK:2026-06-18T20:00:00+00:00:2026-06-22T08:00:00+00:00
False,True,0.0,S2,MAKER_PROMO_OFF,59,D2-26e2b0070e7b30d2,SNDKUSDT,20,US_STOCK:2026-06-18T20:00:00+00:00:2026-06-22T08:00:00+00:00
False,True,0.0,S3,MAKER_PROMO_OFF,59,D2-26e2b0070e7b30d2,SNDKUSDT,20,US_STOCK:2026-06-18T20:00:00+00:00:2026-06-22T08:00:00+00:00
False,True,0.0,S0,MAKER_PROMO_OFF,97,D2-26e2b0070e7b30d2,SNDKUSDT,20,US_STOCK:2026-06-18T20:00:00+00:00:2026-06-22T08:00:00+00:00
False,True,0.0,S1,MAKER_PROMO_OFF,97,D2-26e2b0070e7b30d2,SNDKUSDT,20,US_STOCK:2026-06-18T20:00:00+00:00:2026-06-22T08:00:00+00:00
False,True,0.0,S2,MAKER_PROMO_OFF,97,D2-26e2b0070e7b30d2,SNDKUSDT,20,US_STOCK:2026-06-18T20:00:00+00:00:2026-06-22T08:00:00+00:00
False,True,0.0,S3,MAKER_PROMO_OFF,97,D2-26e2b0070e7b30d2,SNDKUSDT,20,US_STOCK:2026-06-18T20:00:00+00:00:2026-06-22T08:00:00+00:00
False,True,0.0,S0,PRIMARY_ZERO_MAKER,3,D2-2a53b8b913c713d1,MUUSDT,20,US_STOCK:2026-05-08T20:00:00+00:00:2026-05-11T08:00:00+00:00
False,True,0.0,S1,PRIMARY_ZERO_MAKER,3,D2-2a53b8b913c713d1,MUUSDT,20,US_STOCK:2026-05-08T20:00:00+00:00:2026-05-11T08:00:00+00:00
False,True,0.0,S2,PRIMARY_ZERO_MAKER,3,D2-2a53b8b913c713d1,MUUSDT,20,US_STOCK:2026-05-08T20:00:00+00:00:2026-05-11T08:00:00+00:00
False,True,0.0,S3,PRIMARY_ZERO_MAKER,3,D2-2a53b8b913c713d1,MUUSDT,20,US_STOCK:2026-05-08T20:00:00+00:00:2026-05-11T08:00:00+00:00
False,True,0.0,S0,PRIMARY_ZERO_MAKER,10,D2-2a53b8b913c713d1,MUUSDT,20,US_STOCK:2026-05-08T20:00:00+00:00:2026-05-11T08:00:00+00:00
False,True,0.0,S1,PRIMARY_ZERO_MAKER,10,D2-2a53b8b913c713d1,MUUSDT,20,US_STOCK:2026-05-08T20:00:00+00:00:2026-05-11T08:00:00+00:00
False,True,0.0,S2,PRIMARY_ZERO_MAKER,10,D2-2a53b8b913c713d1,MUUSDT,20,US_STOCK:2026-05-08T20:00:00+00:00:2026-05-11T08:00:00+00:00
False,True,0.0,S3,PRIMARY_ZERO_MAKER,10,D2-2a53b8b913c713d1,MUUSDT,20,US_STOCK:2026-05-08T20:00:00+00:00:2026-05-11T08:00:00+00:00
False,True,0.0,S0,PRIMARY_ZERO_MAKER,17,D2-2a53b8b913c713d1,MUUSDT,20,US_STOCK:2026-05-08T20:00:00+00:00:2026-05-11T08:00:00+00:00
False,True,0.0,S1,PRIMARY_ZERO_MAKER,17,D2-2a53b8b913c713d1,MUUSDT,20,US_STOCK:2026-05-08T20:00:00+00:00:2026-05-11T08:00:00+00:00
False,True,0.0,S2,PRIMARY_ZERO_MAKER,17,D2-2a53b8b913c713d1,MUUSDT,20,US_STOCK:2026-05-08T20:00:00+00:00:2026-05-11T08:00:00+00:00
False,True,0.0,S3,PRIMARY_ZERO_MAKER,17,D2-2a53b8b913c713d1,MUUSDT,20,US_STOCK:2026-05-08T20:00:00+00:00:2026-05-11T08:00:00+00:00
False,True,0.0,S0,PRIMARY_ZERO_MAKER,31,D2-2a53b8b913c713d1,MUUSDT,20,US_STOCK:2026-05-08T20:00:00+00:00:2026-05-11T08:00:00+00:00
False,True,0.0,S1,PRIMARY_ZERO_MAKER,31,D2-2a53b8b913c713d1,MUUSDT,20,US_STOCK:2026-05-08T20:00:00+00:00:2026-05-11T08:00:00+00:00
False,True,0.0,S2,PRIMARY_ZERO_MAKER,31,D2-2a53b8b913c713d1,MUUSDT,20,US_STOCK:2026-05-08T20:00:00+00:00:2026-05-11T08:00:00+00:00
False,True,0.0,S3,PRIMARY_ZERO_MAKER,31,D2-2a53b8b913c713d1,MUUSDT,20,US_STOCK:2026-05-08T20:00:00+00:00:2026-05-11T08:00:00+00:00
False,True,0.0,S0,PRIMARY_ZERO_MAKER,59,D2-2a53b8b913c713d1,MUUSDT,20,US_STOCK:2026-05-08T20:00:00+00:00:2026-05-11T08:00:00+00:00
False,True,0.0,S1,PRIMARY_ZERO_MAKER,59,D2-2a53b8b913c713d1,MUUSDT,20,US_STOCK:2026-05-08T20:00:00+00:00:2026-05-11T08:00:00+00:00
False,True,0.0,S2,PRIMARY_ZERO_MAKER,59,D2-2a53b8b913c713d1,MUUSDT,20,US_STOCK:2026-05-08T20:00:00+00:00:2026-05-11T08:00:00+00:00
False,True,0.0,S3,PRIMARY_ZERO_MAKER,59,D2-2a53b8b913c713d1,MUUSDT,20,US_STOCK:2026-05-08T20:00:00+00:00:2026-05-11T08:00:00+00:00
False,True,0.0,S0,PRIMARY_ZERO_MAKER,97,D2-2a53b8b913c713d1,MUUSDT,20,US_STOCK:2026-05-08T20:00:00+00:00:2026-05-11T08:00:00+00:00
False,True,0.0,S1,PRIMARY_ZERO_MAKER,97,D2-2a53b8b913c713d1,MUUSDT,20,US_STOCK:2026-05-08T20:00:00+00:00:2026-05-11T08:00:00+00:00
False,True,0.0,S2,PRIMARY_ZERO_MAKER,97,D2-2a53b8b913c713d1,MUUSDT,20,US_STOCK:2026-05-08T20:00:00+00:00:2026-05-11T08:00:00+00:00
False,True,0.0,S3,PRIMARY_ZERO_MAKER,97,D2-2a53b8b913c713d1,MUUSDT,20,US_STOCK:2026-05-08T20:00:00+00:00:2026-05-11T08:00:00+00:00
False,True,0.0,S0,EXECUTION_STRESS,3,D2-2a53b8b913c713d1,MUUSDT,20,US_STOCK:2026-05-08T20:00:00+00:00:2026-05-11T08:00:00+00:00
False,True,0.0,S1,EXECUTION_STRESS,3,D2-2a53b8b913c713d1,MUUSDT,20,US_STOCK:2026-05-08T20:00:00+00:00:2026-05-11T08:00:00+00:00
False,True,0.0,S2,EXECUTION_STRESS,3,D2-2a53b8b913c713d1,MUUSDT,20,US_STOCK:2026-05-08T20:00:00+00:00:2026-05-11T08:00:00+00:00
False,True,0.0,S3,EXECUTION_STRESS,3,D2-2a53b8b913c713d1,MUUSDT,20,US_STOCK:2026-05-08T20:00:00+00:00:2026-05-11T08:00:00+00:00
False,True,0.0,S0,EXECUTION_STRESS,10,D2-2a53b8b913c713d1,MUUSDT,20,US_STOCK:2026-05-08T20:00:00+00:00:2026-05-11T08:00:00+00:00
False,True,0.0,S1,EXECUTION_STRESS,10,D2-2a53b8b913c713d1,MUUSDT,20,US_STOCK:2026-05-08T20:00:00+00:00:2026-05-11T08:00:00+00:00
False,True,0.0,S2,EXECUTION_STRESS,10,D2-2a53b8b913c713d1,MUUSDT,20,US_STOCK:2026-05-08T20:00:00+00:00:2026-05-11T08:00:00+00:00
False,True,0.0,S3,EXECUTION_STRESS,10,D2-2a53b8b913c713d1,MUUSDT,20,US_STOCK:2026-05-08T20:00:00+00:00:2026-05-11T08:00:00+00:00
False,True,0.0,S0,EXECUTION_STRESS,17,D2-2a53b8b913c713d1,MUUSDT,20,US_STOCK:2026-05-08T20:00:00+00:00:2026-05-11T08:00:00+00:00
False,True,0.0,S1,EXECUTION_STRESS,17,D2-2a53b8b913c713d1,MUUSDT,20,US_STOCK:2026-05-08T20:00:00+00:00:2026-05-11T08:00:00+00:00
False,True,0.0,S2,EXECUTION_STRESS,17,D2-2a53b8b913c713d1,MUUSDT,20,US_STOCK:2026-05-08T20:00:00+00:00:2026-05-11T08:00:00+00:00
False,True,0.0,S3,EXECUTION_STRESS,17,D2-2a53b8b913c713d1,MUUSDT,20,US_STOCK:2026-05-08T20:00:00+00:00:2026-05-11T08:00:00+00:00
False,True,0.0,S0,EXECUTION_STRESS,31,D2-2a53b8b913c713d1,MUUSDT,20,US_STOCK:2026-05-08T20:00:00+00:00:2026-05-11T08:00:00+00:00
False,True,0.0,S1,EXECUTION_STRESS,31,D2-2a53b8b913c713d1,MUUSDT,20,US_STOCK:2026-05-08T20:00:00+00:00:2026-05-11T08:00:00+00:00
False,True,0.0,S2,EXECUTION_STRESS,31,D2-2a53b8b913c713d1,MUUSDT,20,US_STOCK:2026-05-08T20:00:00+00:00:2026-05-11T08:00:00+00:00
False,True,0.0,S3,EXECUTION_STRESS,31,D2-2a53b8b913c713d1,MUUSDT,20,US_STOCK:2026-05-08T20:00:00+00:00:2026-05-11T08:00:00+00:00
False,True,0.0,S0,EXECUTION_STRESS,59,D2-2a53b8b913c713d1,MUUSDT,20,US_STOCK:2026-05-08T20:00:00+00:00:2026-05-11T08:00:00+00:00
False,True,0.0,S1,EXECUTION_STRESS,59,D2-2a53b8b913c713d1,MUUSDT,20,US_STOCK:2026-05-08T20:00:00+00:00:2026-05-11T08:00:00+00:00
False,True,0.0,S2,EXECUTION_STRESS,59,D2-2a53b8b913c713d1,MUUSDT,20,US_STOCK:2026-05-08T20:00:00+00:00:2026-05-11T08:00:00+00:00
False,True,0.0,S3,EXECUTION_STRESS,59,D2-2a53b8b913c713d1,MUUSDT,20,US_STOCK:2026-05-08T20:00:00+00:00:2026-05-11T08:00:00+00:00
False,True,0.0,S0,EXECUTION_STRESS,97,D2-2a53b8b913c713d1,MUUSDT,20,US_STOCK:2026-05-08T20:00:00+00:00:2026-05-11T08:00:00+00:00
False,True,0.0,S1,EXECUTION_STRESS,97,D2-2a53b8b913c713d1,MUUSDT,20,US_STOCK:2026-05-08T20:00:00+00:00:2026-05-11T08:00:00+00:00
False,True,0.0,S2,EXECUTION_STRESS,97,D2-2a53b8b913c713d1,MUUSDT,20,US_STOCK:2026-05-08T20:00:00+00:00:2026-05-11T08:00:00+00:00
False,True,0.0,S3,EXECUTION_STRESS,97,D2-2a53b8b913c713d1,MUUSDT,20,US_STOCK:2026-05-08T20:00:00+00:00:2026-05-11T08:00:00+00:00
False,True,0.0,S0,MAKER_PROMO_OFF,3,D2-2a53b8b913c713d1,MUUSDT,20,US_STOCK:2026-05-08T20:00:00+00:00:2026-05-11T08:00:00+00:00
False,True,0.0,S1,MAKER_PROMO_OFF,3,D2-2a53b8b913c713d1,MUUSDT,20,US_STOCK:2026-05-08T20:00:00+00:00:2026-05-11T08:00:00+00:00
False,True,0.0,S2,MAKER_PROMO_OFF,3,D2-2a53b8b913c713d1,MUUSDT,20,US_STOCK:2026-05-08T20:00:00+00:00:2026-05-11T08:00:00+00:00
False,True,0.0,S3,MAKER_PROMO_OFF,3,D2-2a53b8b913c713d1,MUUSDT,20,US_STOCK:2026-05-08T20:00:00+00:00:2026-05-11T08:00:00+00:00
False,True,0.0,S0,MAKER_PROMO_OFF,10,D2-2a53b8b913c713d1,MUUSDT,20,US_STOCK:2026-05-08T20:00:00+00:00:2026-05-11T08:00:00+00:00
False,True,0.0,S1,MAKER_PROMO_OFF,10,D2-2a53b8b913c713d1,MUUSDT,20,US_STOCK:2026-05-08T20:00:00+00:00:2026-05-11T08:00:00+00:00
False,True,0.0,S2,MAKER_PROMO_OFF,10,D2-2a53b8b913c713d1,MUUSDT,20,US_STOCK:2026-05-08T20:00:00+00:00:2026-05-11T08:00:00+00:00
False,True,0.0,S3,MAKER_PROMO_OFF,10,D2-2a53b8b913c713d1,MUUSDT,20,US_STOCK:2026-05-08T20:00:00+00:00:2026-05-11T08:00:00+00:00
False,True,0.0,S0,MAKER_PROMO_OFF,17,D2-2a53b8b913c713d1,MUUSDT,20,US_STOCK:2026-05-08T20:00:00+00:00:2026-05-11T08:00:00+00:00
False,True,0.0,S1,MAKER_PROMO_OFF,17,D2-2a53b8b913c713d1,MUUSDT,20,US_STOCK:2026-05-08T20:00:00+00:00:2026-05-11T08:00:00+00:00
False,True,0.0,S2,MAKER_PROMO_OFF,17,D2-2a53b8b913c713d1,MUUSDT,20,US_STOCK:2026-05-08T20:00:00+00:00:2026-05-11T08:00:00+00:00
False,True,0.0,S3,MAKER_PROMO_OFF,17,D2-2a53b8b913c713d1,MUUSDT,20,US_STOCK:2026-05-08T20:00:00+00:00:2026-05-11T08:00:00+00:00
False,True,0.0,S0,MAKER_PROMO_OFF,31,D2-2a53b8b913c713d1,MUUSDT,20,US_STOCK:2026-05-08T20:00:00+00:00:2026-05-11T08:00:00+00:00
False,True,0.0,S1,MAKER_PROMO_OFF,31,D2-2a53b8b913c713d1,MUUSDT,20,US_STOCK:2026-05-08T20:00:00+00:00:2026-05-11T08:00:00+00:00
False,True,0.0,S2,MAKER_PROMO_OFF,31,D2-2a53b8b913c713d1,MUUSDT,20,US_STOCK:2026-05-08T20:00:00+00:00:2026-05-11T08:00:00+00:00
False,True,0.0,S3,MAKER_PROMO_OFF,31,D2-2a53b8b913c713d1,MUUSDT,20,US_STOCK:2026-05-08T20:00:00+00:00:2026-05-11T08:00:00+00:00
False,True,0.0,S0,MAKER_PROMO_OFF,59,D2-2a53b8b913c713d1,MUUSDT,20,US_STOCK:2026-05-08T20:00:00+00:00:2026-05-11T08:00:00+00:00
False,True,0.0,S1,MAKER_PROMO_OFF,59,D2-2a53b8b913c713d1,MUUSDT,20,US_STOCK:2026-05-08T20:00:00+00:00:2026-05-11T08:00:00+00:00
False,True,0.0,S2,MAKER_PROMO_OFF,59,D2-2a53b8b913c713d1,MUUSDT,20,US_STOCK:2026-05-08T20:00:00+00:00:2026-05-11T08:00:00+00:00
False,True,0.0,S3,MAKER_PROMO_OFF,59,D2-2a53b8b913c713d1,MUUSDT,20,US_STOCK:2026-05-08T20:00:00+00:00:2026-05-11T08:00:00+00:00
False,True,0.0,S0,MAKER_PROMO_OFF,97,D2-2a53b8b913c713d1,MUUSDT,20,US_STOCK:2026-05-08T20:00:00+00:00:2026-05-11T08:00:00+00:00
False,True,0.0,S1,MAKER_PROMO_OFF,97,D2-2a53b8b913c713d1,MUUSDT,20,US_STOCK:2026-05-08T20:00:00+00:00:2026-05-11T08:00:00+00:00
False,True,0.0,S2,MAKER_PROMO_OFF,97,D2-2a53b8b913c713d1,MUUSDT,20,US_STOCK:2026-05-08T20:00:00+00:00:2026-05-11T08:00:00+00:00
False,True,0.0,S3,MAKER_PROMO_OFF,97,D2-2a53b8b913c713d1,MUUSDT,20,US_STOCK:2026-05-08T20:00:00+00:00:2026-05-11T08:00:00+00:00
False,True,0.0,S0,PRIMARY_ZERO_MAKER,3,D2-7914871e1abb9850,MUUSDT,20,US_STOCK:2026-05-29T20:00:00+00:00:2026-06-01T08:00:00+00:00
False,True,0.0,S1,PRIMARY_ZERO_MAKER,3,D2-7914871e1abb9850,MUUSDT,20,US_STOCK:2026-05-29T20:00:00+00:00:2026-06-01T08:00:00+00:00
False,True,0.0,S2,PRIMARY_ZERO_MAKER,3,D2-7914871e1abb9850,MUUSDT,20,US_STOCK:2026-05-29T20:00:00+00:00:2026-06-01T08:00:00+00:00
False,True,0.0,S3,PRIMARY_ZERO_MAKER,3,D2-7914871e1abb9850,MUUSDT,20,US_STOCK:2026-05-29T20:00:00+00:00:2026-06-01T08:00:00+00:00
False,True,0.0,S0,PRIMARY_ZERO_MAKER,10,D2-7914871e1abb9850,MUUSDT,20,US_STOCK:2026-05-29T20:00:00+00:00:2026-06-01T08:00:00+00:00
False,True,0.0,S1,PRIMARY_ZERO_MAKER,10,D2-7914871e1abb9850,MUUSDT,20,US_STOCK:2026-05-29T20:00:00+00:00:2026-06-01T08:00:00+00:00
False,True,0.0,S2,PRIMARY_ZERO_MAKER,10,D2-7914871e1abb9850,MUUSDT,20,US_STOCK:2026-05-29T20:00:00+00:00:2026-06-01T08:00:00+00:00
False,True,0.0,S3,PRIMARY_ZERO_MAKER,10,D2-7914871e1abb9850,MUUSDT,20,US_STOCK:2026-05-29T20:00:00+00:00:2026-06-01T08:00:00+00:00
False,True,0.0,S0,PRIMARY_ZERO_MAKER,17,D2-7914871e1abb9850,MUUSDT,20,US_STOCK:2026-05-29T20:00:00+00:00:2026-06-01T08:00:00+00:00
False,True,0.0,S1,PRIMARY_ZERO_MAKER,17,D2-7914871e1abb9850,MUUSDT,20,US_STOCK:2026-05-29T20:00:00+00:00:2026-06-01T08:00:00+00:00
False,True,0.0,S2,PRIMARY_ZERO_MAKER,17,D2-7914871e1abb9850,MUUSDT,20,US_STOCK:2026-05-29T20:00:00+00:00:2026-06-01T08:00:00+00:00
False,True,0.0,S3,PRIMARY_ZERO_MAKER,17,D2-7914871e1abb9850,MUUSDT,20,US_STOCK:2026-05-29T20:00:00+00:00:2026-06-01T08:00:00+00:00
False,True,0.0,S0,PRIMARY_ZERO_MAKER,31,D2-7914871e1abb9850,MUUSDT,20,US_STOCK:2026-05-29T20:00:00+00:00:2026-06-01T08:00:00+00:00
False,True,0.0,S1,PRIMARY_ZERO_MAKER,31,D2-7914871e1abb9850,MUUSDT,20,US_STOCK:2026-05-29T20:00:00+00:00:2026-06-01T08:00:00+00:00
False,True,0.0,S2,PRIMARY_ZERO_MAKER,31,D2-7914871e1abb9850,MUUSDT,20,US_STOCK:2026-05-29T20:00:00+00:00:2026-06-01T08:00:00+00:00
False,True,0.0,S3,PRIMARY_ZERO_MAKER,31,D2-7914871e1abb9850,MUUSDT,20,US_STOCK:2026-05-29T20:00:00+00:00:2026-06-01T08:00:00+00:00
False,True,0.0,S0,PRIMARY_ZERO_MAKER,59,D2-7914871e1abb9850,MUUSDT,20,US_STOCK:2026-05-29T20:00:00+00:00:2026-06-01T08:00:00+00:00
False,True,0.0,S1,PRIMARY_ZERO_MAKER,59,D2-7914871e1abb9850,MUUSDT,20,US_STOCK:2026-05-29T20:00:00+00:00:2026-06-01T08:00:00+00:00
False,True,0.0,S2,PRIMARY_ZERO_MAKER,59,D2-7914871e1abb9850,MUUSDT,20,US_STOCK:2026-05-29T20:00:00+00:00:2026-06-01T08:00:00+00:00
False,True,0.0,S3,PRIMARY_ZERO_MAKER,59,D2-7914871e1abb9850,MUUSDT,20,US_STOCK:2026-05-29T20:00:00+00:00:2026-06-01T08:00:00+00:00
False,True,0.0,S0,PRIMARY_ZERO_MAKER,97,D2-7914871e1abb9850,MUUSDT,20,US_STOCK:2026-05-29T20:00:00+00:00:2026-06-01T08:00:00+00:00
False,True,0.0,S1,PRIMARY_ZERO_MAKER,97,D2-7914871e1abb9850,MUUSDT,20,US_STOCK:2026-05-29T20:00:00+00:00:2026-06-01T08:00:00+00:00
False,True,0.0,S2,PRIMARY_ZERO_MAKER,97,D2-7914871e1abb9850,MUUSDT,20,US_STOCK:2026-05-29T20:00:00+00:00:2026-06-01T08:00:00+00:00
False,True,0.0,S3,PRIMARY_ZERO_MAKER,97,D2-7914871e1abb9850,MUUSDT,20,US_STOCK:2026-05-29T20:00:00+00:00:2026-06-01T08:00:00+00:00
False,True,0.0,S0,EXECUTION_STRESS,3,D2-7914871e1abb9850,MUUSDT,20,US_STOCK:2026-05-29T20:00:00+00:00:2026-06-01T08:00:00+00:00
False,True,0.0,S1,EXECUTION_STRESS,3,D2-7914871e1abb9850,MUUSDT,20,US_STOCK:2026-05-29T20:00:00+00:00:2026-06-01T08:00:00+00:00
False,True,0.0,S2,EXECUTION_STRESS,3,D2-7914871e1abb9850,MUUSDT,20,US_STOCK:2026-05-29T20:00:00+00:00:2026-06-01T08:00:00+00:00
False,True,0.0,S3,EXECUTION_STRESS,3,D2-7914871e1abb9850,MUUSDT,20,US_STOCK:2026-05-29T20:00:00+00:00:2026-06-01T08:00:00+00:00
False,True,0.0,S0,EXECUTION_STRESS,10,D2-7914871e1abb9850,MUUSDT,20,US_STOCK:2026-05-29T20:00:00+00:00:2026-06-01T08:00:00+00:00
False,True,0.0,S1,EXECUTION_STRESS,10,D2-7914871e1abb9850,MUUSDT,20,US_STOCK:2026-05-29T20:00:00+00:00:2026-06-01T08:00:00+00:00
False,True,0.0,S2,EXECUTION_STRESS,10,D2-7914871e1abb9850,MUUSDT,20,US_STOCK:2026-05-29T20:00:00+00:00:2026-06-01T08:00:00+00:00
False,True,0.0,S3,EXECUTION_STRESS,10,D2-7914871e1abb9850,MUUSDT,20,US_STOCK:2026-05-29T20:00:00+00:00:2026-06-01T08:00:00+00:00
False,True,0.0,S0,EXECUTION_STRESS,17,D2-7914871e1abb9850,MUUSDT,20,US_STOCK:2026-05-29T20:00:00+00:00:2026-06-01T08:00:00+00:00
False,True,0.0,S1,EXECUTION_STRESS,17,D2-7914871e1abb9850,MUUSDT,20,US_STOCK:2026-05-29T20:00:00+00:00:2026-06-01T08:00:00+00:00
False,True,0.0,S2,EXECUTION_STRESS,17,D2-7914871e1abb9850,MUUSDT,20,US_STOCK:2026-05-29T20:00:00+00:00:2026-06-01T08:00:00+00:00
False,True,0.0,S3,EXECUTION_STRESS,17,D2-7914871e1abb9850,MUUSDT,20,US_STOCK:2026-05-29T20:00:00+00:00:2026-06-01T08:00:00+00:00
False,True,0.0,S0,EXECUTION_STRESS,31,D2-7914871e1abb9850,MUUSDT,20,US_STOCK:2026-05-29T20:00:00+00:00:2026-06-01T08:00:00+00:00
False,True,0.0,S1,EXECUTION_STRESS,31,D2-7914871e1abb9850,MUUSDT,20,US_STOCK:2026-05-29T20:00:00+00:00:2026-06-01T08:00:00+00:00
False,True,0.0,S2,EXECUTION_STRESS,31,D2-7914871e1abb9850,MUUSDT,20,US_STOCK:2026-05-29T20:00:00+00:00:2026-06-01T08:00:00+00:00
False,True,0.0,S3,EXECUTION_STRESS,31,D2-7914871e1abb9850,MUUSDT,20,US_STOCK:2026-05-29T20:00:00+00:00:2026-06-01T08:00:00+00:00
False,True,0.0,S0,EXECUTION_STRESS,59,D2-7914871e1abb9850,MUUSDT,20,US_STOCK:2026-05-29T20:00:00+00:00:2026-06-01T08:00:00+00:00
False,True,0.0,S1,EXECUTION_STRESS,59,D2-7914871e1abb9850,MUUSDT,20,US_STOCK:2026-05-29T20:00:00+00:00:2026-06-01T08:00:00+00:00
False,True,0.0,S2,EXECUTION_STRESS,59,D2-7914871e1abb9850,MUUSDT,20,US_STOCK:2026-05-29T20:00:00+00:00:2026-06-01T08:00:00+00:00
False,True,0.0,S3,EXECUTION_STRESS,59,D2-7914871e1abb9850,MUUSDT,20,US_STOCK:2026-05-29T20:00:00+00:00:2026-06-01T08:00:00+00:00
False,True,0.0,S0,EXECUTION_STRESS,97,D2-7914871e1abb9850,MUUSDT,20,US_STOCK:2026-05-29T20:00:00+00:00:2026-06-01T08:00:00+00:00
False,True,0.0,S1,EXECUTION_STRESS,97,D2-7914871e1abb9850,MUUSDT,20,US_STOCK:2026-05-29T20:00:00+00:00:2026-06-01T08:00:00+00:00
False,True,0.0,S2,EXECUTION_STRESS,97,D2-7914871e1abb9850,MUUSDT,20,US_STOCK:2026-05-29T20:00:00+00:00:2026-06-01T08:00:00+00:00
False,True,0.0,S3,EXECUTION_STRESS,97,D2-7914871e1abb9850,MUUSDT,20,US_STOCK:2026-05-29T20:00:00+00:00:2026-06-01T08:00:00+00:00
False,True,0.0,S0,MAKER_PROMO_OFF,3,D2-7914871e1abb9850,MUUSDT,20,US_STOCK:2026-05-29T20:00:00+00:00:2026-06-01T08:00:00+00:00
False,True,0.0,S1,MAKER_PROMO_OFF,3,D2-7914871e1abb9850,MUUSDT,20,US_STOCK:2026-05-29T20:00:00+00:00:2026-06-01T08:00:00+00:00
False,True,0.0,S2,MAKER_PROMO_OFF,3,D2-7914871e1abb9850,MUUSDT,20,US_STOCK:2026-05-29T20:00:00+00:00:2026-06-01T08:00:00+00:00
False,True,0.0,S3,MAKER_PROMO_OFF,3,D2-7914871e1abb9850,MUUSDT,20,US_STOCK:2026-05-29T20:00:00+00:00:2026-06-01T08:00:00+00:00
False,True,0.0,S0,MAKER_PROMO_OFF,10,D2-7914871e1abb9850,MUUSDT,20,US_STOCK:2026-05-29T20:00:00+00:00:2026-06-01T08:00:00+00:00
False,True,0.0,S1,MAKER_PROMO_OFF,10,D2-7914871e1abb9850,MUUSDT,20,US_STOCK:2026-05-29T20:00:00+00:00:2026-06-01T08:00:00+00:00
False,True,0.0,S2,MAKER_PROMO_OFF,10,D2-7914871e1abb9850,MUUSDT,20,US_STOCK:2026-05-29T20:00:00+00:00:2026-06-01T08:00:00+00:00
False,True,0.0,S3,MAKER_PROMO_OFF,10,D2-7914871e1abb9850,MUUSDT,20,US_STOCK:2026-05-29T20:00:00+00:00:2026-06-01T08:00:00+00:00
False,True,0.0,S0,MAKER_PROMO_OFF,17,D2-7914871e1abb9850,MUUSDT,20,US_STOCK:2026-05-29T20:00:00+00:00:2026-06-01T08:00:00+00:00
False,True,0.0,S1,MAKER_PROMO_OFF,17,D2-7914871e1abb9850,MUUSDT,20,US_STOCK:2026-05-29T20:00:00+00:00:2026-06-01T08:00:00+00:00
False,True,0.0,S2,MAKER_PROMO_OFF,17,D2-7914871e1abb9850,MUUSDT,20,US_STOCK:2026-05-29T20:00:00+00:00:2026-06-01T08:00:00+00:00
False,True,0.0,S3,MAKER_PROMO_OFF,17,D2-7914871e1abb9850,MUUSDT,20,US_STOCK:2026-05-29T20:00:00+00:00:2026-06-01T08:00:00+00:00
False,True,0.0,S0,MAKER_PROMO_OFF,31,D2-7914871e1abb9850,MUUSDT,20,US_STOCK:2026-05-29T20:00:00+00:00:2026-06-01T08:00:00+00:00
False,True,0.0,S1,MAKER_PROMO_OFF,31,D2-7914871e1abb9850,MUUSDT,20,US_STOCK:2026-05-29T20:00:00+00:00:2026-06-01T08:00:00+00:00
False,True,0.0,S2,MAKER_PROMO_OFF,31,D2-7914871e1abb9850,MUUSDT,20,US_STOCK:2026-05-29T20:00:00+00:00:2026-06-01T08:00:00+00:00
False,True,0.0,S3,MAKER_PROMO_OFF,31,D2-7914871e1abb9850,MUUSDT,20,US_STOCK:2026-05-29T20:00:00+00:00:2026-06-01T08:00:00+00:00
False,True,0.0,S0,MAKER_PROMO_OFF,59,D2-7914871e1abb9850,MUUSDT,20,US_STOCK:2026-05-29T20:00:00+00:00:2026-06-01T08:00:00+00:00
False,True,0.0,S1,MAKER_PROMO_OFF,59,D2-7914871e1abb9850,MUUSDT,20,US_STOCK:2026-05-29T20:00:00+00:00:2026-06-01T08:00:00+00:00
False,True,0.0,S2,MAKER_PROMO_OFF,59,D2-7914871e1abb9850,MUUSDT,20,US_STOCK:2026-05-29T20:00:00+00:00:2026-06-01T08:00:00+00:00
False,True,0.0,S3,MAKER_PROMO_OFF,59,D2-7914871e1abb9850,MUUSDT,20,US_STOCK:2026-05-29T20:00:00+00:00:2026-06-01T08:00:00+00:00
False,True,0.0,S0,MAKER_PROMO_OFF,97,D2-7914871e1abb9850,MUUSDT,20,US_STOCK:2026-05-29T20:00:00+00:00:2026-06-01T08:00:00+00:00
False,True,0.0,S1,MAKER_PROMO_OFF,97,D2-7914871e1abb9850,MUUSDT,20,US_STOCK:2026-05-29T20:00:00+00:00:2026-06-01T08:00:00+00:00
False,True,0.0,S2,MAKER_PROMO_OFF,97,D2-7914871e1abb9850,MUUSDT,20,US_STOCK:2026-05-29T20:00:00+00:00:2026-06-01T08:00:00+00:00
False,True,0.0,S3,MAKER_PROMO_OFF,97,D2-7914871e1abb9850,MUUSDT,20,US_STOCK:2026-05-29T20:00:00+00:00:2026-06-01T08:00:00+00:00
False,True,0.0,S0,PRIMARY_ZERO_MAKER,3,D2-e91166da0fe9e2c3,MUUSDT,20,US_STOCK:2026-06-05T20:00:00+00:00:2026-06-08T08:00:00+00:00
False,True,0.0,S1,PRIMARY_ZERO_MAKER,3,D2-e91166da0fe9e2c3,MUUSDT,20,US_STOCK:2026-06-05T20:00:00+00:00:2026-06-08T08:00:00+00:00
False,True,0.0,S2,PRIMARY_ZERO_MAKER,3,D2-e91166da0fe9e2c3,MUUSDT,20,US_STOCK:2026-06-05T20:00:00+00:00:2026-06-08T08:00:00+00:00
False,True,0.0,S3,PRIMARY_ZERO_MAKER,3,D2-e91166da0fe9e2c3,MUUSDT,20,US_STOCK:2026-06-05T20:00:00+00:00:2026-06-08T08:00:00+00:00
False,True,0.0,S0,PRIMARY_ZERO_MAKER,10,D2-e91166da0fe9e2c3,MUUSDT,20,US_STOCK:2026-06-05T20:00:00+00:00:2026-06-08T08:00:00+00:00
False,True,0.0,S1,PRIMARY_ZERO_MAKER,10,D2-e91166da0fe9e2c3,MUUSDT,20,US_STOCK:2026-06-05T20:00:00+00:00:2026-06-08T08:00:00+00:00
False,True,0.0,S2,PRIMARY_ZERO_MAKER,10,D2-e91166da0fe9e2c3,MUUSDT,20,US_STOCK:2026-06-05T20:00:00+00:00:2026-06-08T08:00:00+00:00
False,True,0.0,S3,PRIMARY_ZERO_MAKER,10,D2-e91166da0fe9e2c3,MUUSDT,20,US_STOCK:2026-06-05T20:00:00+00:00:2026-06-08T08:00:00+00:00
False,True,0.0,S0,PRIMARY_ZERO_MAKER,17,D2-e91166da0fe9e2c3,MUUSDT,20,US_STOCK:2026-06-05T20:00:00+00:00:2026-06-08T08:00:00+00:00
False,True,0.0,S1,PRIMARY_ZERO_MAKER,17,D2-e91166da0fe9e2c3,MUUSDT,20,US_STOCK:2026-06-05T20:00:00+00:00:2026-06-08T08:00:00+00:00
False,True,0.0,S2,PRIMARY_ZERO_MAKER,17,D2-e91166da0fe9e2c3,MUUSDT,20,US_STOCK:2026-06-05T20:00:00+00:00:2026-06-08T08:00:00+00:00
False,True,0.0,S3,PRIMARY_ZERO_MAKER,17,D2-e91166da0fe9e2c3,MUUSDT,20,US_STOCK:2026-06-05T20:00:00+00:00:2026-06-08T08:00:00+00:00
False,True,0.0,S0,PRIMARY_ZERO_MAKER,31,D2-e91166da0fe9e2c3,MUUSDT,20,US_STOCK:2026-06-05T20:00:00+00:00:2026-06-08T08:00:00+00:00
False,True,0.0,S1,PRIMARY_ZERO_MAKER,31,D2-e91166da0fe9e2c3,MUUSDT,20,US_STOCK:2026-06-05T20:00:00+00:00:2026-06-08T08:00:00+00:00
False,True,0.0,S2,PRIMARY_ZERO_MAKER,31,D2-e91166da0fe9e2c3,MUUSDT,20,US_STOCK:2026-06-05T20:00:00+00:00:2026-06-08T08:00:00+00:00
False,True,0.0,S3,PRIMARY_ZERO_MAKER,31,D2-e91166da0fe9e2c3,MUUSDT,20,US_STOCK:2026-06-05T20:00:00+00:00:2026-06-08T08:00:00+00:00
False,True,0.0,S0,PRIMARY_ZERO_MAKER,59,D2-e91166da0fe9e2c3,MUUSDT,20,US_STOCK:2026-06-05T20:00:00+00:00:2026-06-08T08:00:00+00:00
False,True,0.0,S1,PRIMARY_ZERO_MAKER,59,D2-e91166da0fe9e2c3,MUUSDT,20,US_STOCK:2026-06-05T20:00:00+00:00:2026-06-08T08:00:00+00:00
False,True,0.0,S2,PRIMARY_ZERO_MAKER,59,D2-e91166da0fe9e2c3,MUUSDT,20,US_STOCK:2026-06-05T20:00:00+00:00:2026-06-08T08:00:00+00:00
False,True,0.0,S3,PRIMARY_ZERO_MAKER,59,D2-e91166da0fe9e2c3,MUUSDT,20,US_STOCK:2026-06-05T20:00:00+00:00:2026-06-08T08:00:00+00:00
False,True,0.0,S0,PRIMARY_ZERO_MAKER,97,D2-e91166da0fe9e2c3,MUUSDT,20,US_STOCK:2026-06-05T20:00:00+00:00:2026-06-08T08:00:00+00:00
False,True,0.0,S1,PRIMARY_ZERO_MAKER,97,D2-e91166da0fe9e2c3,MUUSDT,20,US_STOCK:2026-06-05T20:00:00+00:00:2026-06-08T08:00:00+00:00
False,True,0.0,S2,PRIMARY_ZERO_MAKER,97,D2-e91166da0fe9e2c3,MUUSDT,20,US_STOCK:2026-06-05T20:00:00+00:00:2026-06-08T08:00:00+00:00
False,True,0.0,S3,PRIMARY_ZERO_MAKER,97,D2-e91166da0fe9e2c3,MUUSDT,20,US_STOCK:2026-06-05T20:00:00+00:00:2026-06-08T08:00:00+00:00
False,True,0.0,S0,EXECUTION_STRESS,3,D2-e91166da0fe9e2c3,MUUSDT,20,US_STOCK:2026-06-05T20:00:00+00:00:2026-06-08T08:00:00+00:00
False,True,0.0,S1,EXECUTION_STRESS,3,D2-e91166da0fe9e2c3,MUUSDT,20,US_STOCK:2026-06-05T20:00:00+00:00:2026-06-08T08:00:00+00:00
False,True,0.0,S2,EXECUTION_STRESS,3,D2-e91166da0fe9e2c3,MUUSDT,20,US_STOCK:2026-06-05T20:00:00+00:00:2026-06-08T08:00:00+00:00
False,True,0.0,S3,EXECUTION_STRESS,3,D2-e91166da0fe9e2c3,MUUSDT,20,US_STOCK:2026-06-05T20:00:00+00:00:2026-06-08T08:00:00+00:00
False,True,0.0,S0,EXECUTION_STRESS,10,D2-e91166da0fe9e2c3,MUUSDT,20,US_STOCK:2026-06-05T20:00:00+00:00:2026-06-08T08:00:00+00:00
False,True,0.0,S1,EXECUTION_STRESS,10,D2-e91166da0fe9e2c3,MUUSDT,20,US_STOCK:2026-06-05T20:00:00+00:00:2026-06-08T08:00:00+00:00
False,True,0.0,S2,EXECUTION_STRESS,10,D2-e91166da0fe9e2c3,MUUSDT,20,US_STOCK:2026-06-05T20:00:00+00:00:2026-06-08T08:00:00+00:00
False,True,0.0,S3,EXECUTION_STRESS,10,D2-e91166da0fe9e2c3,MUUSDT,20,US_STOCK:2026-06-05T20:00:00+00:00:2026-06-08T08:00:00+00:00
False,True,0.0,S0,EXECUTION_STRESS,17,D2-e91166da0fe9e2c3,MUUSDT,20,US_STOCK:2026-06-05T20:00:00+00:00:2026-06-08T08:00:00+00:00
False,True,0.0,S1,EXECUTION_STRESS,17,D2-e91166da0fe9e2c3,MUUSDT,20,US_STOCK:2026-06-05T20:00:00+00:00:2026-06-08T08:00:00+00:00
False,True,0.0,S2,EXECUTION_STRESS,17,D2-e91166da0fe9e2c3,MUUSDT,20,US_STOCK:2026-06-05T20:00:00+00:00:2026-06-08T08:00:00+00:00
False,True,0.0,S3,EXECUTION_STRESS,17,D2-e91166da0fe9e2c3,MUUSDT,20,US_STOCK:2026-06-05T20:00:00+00:00:2026-06-08T08:00:00+00:00
False,True,0.0,S0,EXECUTION_STRESS,31,D2-e91166da0fe9e2c3,MUUSDT,20,US_STOCK:2026-06-05T20:00:00+00:00:2026-06-08T08:00:00+00:00
False,True,0.0,S1,EXECUTION_STRESS,31,D2-e91166da0fe9e2c3,MUUSDT,20,US_STOCK:2026-06-05T20:00:00+00:00:2026-06-08T08:00:00+00:00
False,True,0.0,S2,EXECUTION_STRESS,31,D2-e91166da0fe9e2c3,MUUSDT,20,US_STOCK:2026-06-05T20:00:00+00:00:2026-06-08T08:00:00+00:00
False,True,0.0,S3,EXECUTION_STRESS,31,D2-e91166da0fe9e2c3,MUUSDT,20,US_STOCK:2026-06-05T20:00:00+00:00:2026-06-08T08:00:00+00:00
False,True,0.0,S0,EXECUTION_STRESS,59,D2-e91166da0fe9e2c3,MUUSDT,20,US_STOCK:2026-06-05T20:00:00+00:00:2026-06-08T08:00:00+00:00
False,True,0.0,S1,EXECUTION_STRESS,59,D2-e91166da0fe9e2c3,MUUSDT,20,US_STOCK:2026-06-05T20:00:00+00:00:2026-06-08T08:00:00+00:00
False,True,0.0,S2,EXECUTION_STRESS,59,D2-e91166da0fe9e2c3,MUUSDT,20,US_STOCK:2026-06-05T20:00:00+00:00:2026-06-08T08:00:00+00:00
False,True,0.0,S3,EXECUTION_STRESS,59,D2-e91166da0fe9e2c3,MUUSDT,20,US_STOCK:2026-06-05T20:00:00+00:00:2026-06-08T08:00:00+00:00
False,True,0.0,S0,EXECUTION_STRESS,97,D2-e91166da0fe9e2c3,MUUSDT,20,US_STOCK:2026-06-05T20:00:00+00:00:2026-06-08T08:00:00+00:00
False,True,0.0,S1,EXECUTION_STRESS,97,D2-e91166da0fe9e2c3,MUUSDT,20,US_STOCK:2026-06-05T20:00:00+00:00:2026-06-08T08:00:00+00:00
False,True,0.0,S2,EXECUTION_STRESS,97,D2-e91166da0fe9e2c3,MUUSDT,20,US_STOCK:2026-06-05T20:00:00+00:00:2026-06-08T08:00:00+00:00
False,True,0.0,S3,EXECUTION_STRESS,97,D2-e91166da0fe9e2c3,MUUSDT,20,US_STOCK:2026-06-05T20:00:00+00:00:2026-06-08T08:00:00+00:00
False,True,0.0,S0,MAKER_PROMO_OFF,3,D2-e91166da0fe9e2c3,MUUSDT,20,US_STOCK:2026-06-05T20:00:00+00:00:2026-06-08T08:00:00+00:00
False,True,0.0,S1,MAKER_PROMO_OFF,3,D2-e91166da0fe9e2c3,MUUSDT,20,US_STOCK:2026-06-05T20:00:00+00:00:2026-06-08T08:00:00+00:00
False,True,0.0,S2,MAKER_PROMO_OFF,3,D2-e91166da0fe9e2c3,MUUSDT,20,US_STOCK:2026-06-05T20:00:00+00:00:2026-06-08T08:00:00+00:00
False,True,0.0,S3,MAKER_PROMO_OFF,3,D2-e91166da0fe9e2c3,MUUSDT,20,US_STOCK:2026-06-05T20:00:00+00:00:2026-06-08T08:00:00+00:00
False,True,0.0,S0,MAKER_PROMO_OFF,10,D2-e91166da0fe9e2c3,MUUSDT,20,US_STOCK:2026-06-05T20:00:00+00:00:2026-06-08T08:00:00+00:00
False,True,0.0,S1,MAKER_PROMO_OFF,10,D2-e91166da0fe9e2c3,MUUSDT,20,US_STOCK:2026-06-05T20:00:00+00:00:2026-06-08T08:00:00+00:00
False,True,0.0,S2,MAKER_PROMO_OFF,10,D2-e91166da0fe9e2c3,MUUSDT,20,US_STOCK:2026-06-05T20:00:00+00:00:2026-06-08T08:00:00+00:00
False,True,0.0,S3,MAKER_PROMO_OFF,10,D2-e91166da0fe9e2c3,MUUSDT,20,US_STOCK:2026-06-05T20:00:00+00:00:2026-06-08T08:00:00+00:00
False,True,0.0,S0,MAKER_PROMO_OFF,17,D2-e91166da0fe9e2c3,MUUSDT,20,US_STOCK:2026-06-05T20:00:00+00:00:2026-06-08T08:00:00+00:00
False,True,0.0,S1,MAKER_PROMO_OFF,17,D2-e91166da0fe9e2c3,MUUSDT,20,US_STOCK:2026-06-05T20:00:00+00:00:2026-06-08T08:00:00+00:00
False,True,0.0,S2,MAKER_PROMO_OFF,17,D2-e91166da0fe9e2c3,MUUSDT,20,US_STOCK:2026-06-05T20:00:00+00:00:2026-06-08T08:00:00+00:00
False,True,0.0,S3,MAKER_PROMO_OFF,17,D2-e91166da0fe9e2c3,MUUSDT,20,US_STOCK:2026-06-05T20:00:00+00:00:2026-06-08T08:00:00+00:00
False,True,0.0,S0,MAKER_PROMO_OFF,31,D2-e91166da0fe9e2c3,MUUSDT,20,US_STOCK:2026-06-05T20:00:00+00:00:2026-06-08T08:00:00+00:00
False,True,0.0,S1,MAKER_PROMO_OFF,31,D2-e91166da0fe9e2c3,MUUSDT,20,US_STOCK:2026-06-05T20:00:00+00:00:2026-06-08T08:00:00+00:00
False,True,0.0,S2,MAKER_PROMO_OFF,31,D2-e91166da0fe9e2c3,MUUSDT,20,US_STOCK:2026-06-05T20:00:00+00:00:2026-06-08T08:00:00+00:00
False,True,0.0,S3,MAKER_PROMO_OFF,31,D2-e91166da0fe9e2c3,MUUSDT,20,US_STOCK:2026-06-05T20:00:00+00:00:2026-06-08T08:00:00+00:00
False,True,0.0,S0,MAKER_PROMO_OFF,59,D2-e91166da0fe9e2c3,MUUSDT,20,US_STOCK:2026-06-05T20:00:00+00:00:2026-06-08T08:00:00+00:00
False,True,0.0,S1,MAKER_PROMO_OFF,59,D2-e91166da0fe9e2c3,MUUSDT,20,US_STOCK:2026-06-05T20:00:00+00:00:2026-06-08T08:00:00+00:00
False,True,0.0,S2,MAKER_PROMO_OFF,59,D2-e91166da0fe9e2c3,MUUSDT,20,US_STOCK:2026-06-05T20:00:00+00:00:2026-06-08T08:00:00+00:00
False,True,0.0,S3,MAKER_PROMO_OFF,59,D2-e91166da0fe9e2c3,MUUSDT,20,US_STOCK:2026-06-05T20:00:00+00:00:2026-06-08T08:00:00+00:00
False,True,0.0,S0,MAKER_PROMO_OFF,97,D2-e91166da0fe9e2c3,MUUSDT,20,US_STOCK:2026-06-05T20:00:00+00:00:2026-06-08T08:00:00+00:00
False,True,0.0,S1,MAKER_PROMO_OFF,97,D2-e91166da0fe9e2c3,MUUSDT,20,US_STOCK:2026-06-05T20:00:00+00:00:2026-06-08T08:00:00+00:00
False,True,0.0,S2,MAKER_PROMO_OFF,97,D2-e91166da0fe9e2c3,MUUSDT,20,US_STOCK:2026-06-05T20:00:00+00:00:2026-06-08T08:00:00+00:00
False,True,0.0,S3,MAKER_PROMO_OFF,97,D2-e91166da0fe9e2c3,MUUSDT,20,US_STOCK:2026-06-05T20:00:00+00:00:2026-06-08T08:00:00+00:00
False,True,0.0,S0,PRIMARY_ZERO_MAKER,3,D2-aabb8c8c40d9a340,MUUSDT,20,US_STOCK:2026-06-18T20:00:00+00:00:2026-06-22T08:00:00+00:00
False,True,0.0,S1,PRIMARY_ZERO_MAKER,3,D2-aabb8c8c40d9a340,MUUSDT,20,US_STOCK:2026-06-18T20:00:00+00:00:2026-06-22T08:00:00+00:00
False,True,0.0,S2,PRIMARY_ZERO_MAKER,3,D2-aabb8c8c40d9a340,MUUSDT,20,US_STOCK:2026-06-18T20:00:00+00:00:2026-06-22T08:00:00+00:00
False,True,0.0,S3,PRIMARY_ZERO_MAKER,3,D2-aabb8c8c40d9a340,MUUSDT,20,US_STOCK:2026-06-18T20:00:00+00:00:2026-06-22T08:00:00+00:00
False,True,0.0,S0,PRIMARY_ZERO_MAKER,10,D2-aabb8c8c40d9a340,MUUSDT,20,US_STOCK:2026-06-18T20:00:00+00:00:2026-06-22T08:00:00+00:00
False,True,0.0,S1,PRIMARY_ZERO_MAKER,10,D2-aabb8c8c40d9a340,MUUSDT,20,US_STOCK:2026-06-18T20:00:00+00:00:2026-06-22T08:00:00+00:00
False,True,0.0,S2,PRIMARY_ZERO_MAKER,10,D2-aabb8c8c40d9a340,MUUSDT,20,US_STOCK:2026-06-18T20:00:00+00:00:2026-06-22T08:00:00+00:00
False,True,0.0,S3,PRIMARY_ZERO_MAKER,10,D2-aabb8c8c40d9a340,MUUSDT,20,US_STOCK:2026-06-18T20:00:00+00:00:2026-06-22T08:00:00+00:00
False,True,0.0,S0,PRIMARY_ZERO_MAKER,17,D2-aabb8c8c40d9a340,MUUSDT,20,US_STOCK:2026-06-18T20:00:00+00:00:2026-06-22T08:00:00+00:00
False,True,0.0,S1,PRIMARY_ZERO_MAKER,17,D2-aabb8c8c40d9a340,MUUSDT,20,US_STOCK:2026-06-18T20:00:00+00:00:2026-06-22T08:00:00+00:00
False,True,0.0,S2,PRIMARY_ZERO_MAKER,17,D2-aabb8c8c40d9a340,MUUSDT,20,US_STOCK:2026-06-18T20:00:00+00:00:2026-06-22T08:00:00+00:00
False,True,0.0,S3,PRIMARY_ZERO_MAKER,17,D2-aabb8c8c40d9a340,MUUSDT,20,US_STOCK:2026-06-18T20:00:00+00:00:2026-06-22T08:00:00+00:00
False,True,0.0,S0,PRIMARY_ZERO_MAKER,31,D2-aabb8c8c40d9a340,MUUSDT,20,US_STOCK:2026-06-18T20:00:00+00:00:2026-06-22T08:00:00+00:00
False,True,0.0,S1,PRIMARY_ZERO_MAKER,31,D2-aabb8c8c40d9a340,MUUSDT,20,US_STOCK:2026-06-18T20:00:00+00:00:2026-06-22T08:00:00+00:00
False,True,0.0,S2,PRIMARY_ZERO_MAKER,31,D2-aabb8c8c40d9a340,MUUSDT,20,US_STOCK:2026-06-18T20:00:00+00:00:2026-06-22T08:00:00+00:00
False,True,0.0,S3,PRIMARY_ZERO_MAKER,31,D2-aabb8c8c40d9a340,MUUSDT,20,US_STOCK:2026-06-18T20:00:00+00:00:2026-06-22T08:00:00+00:00
False,True,0.0,S0,PRIMARY_ZERO_MAKER,59,D2-aabb8c8c40d9a340,MUUSDT,20,US_STOCK:2026-06-18T20:00:00+00:00:2026-06-22T08:00:00+00:00
False,True,0.0,S1,PRIMARY_ZERO_MAKER,59,D2-aabb8c8c40d9a340,MUUSDT,20,US_STOCK:2026-06-18T20:00:00+00:00:2026-06-22T08:00:00+00:00
False,True,0.0,S2,PRIMARY_ZERO_MAKER,59,D2-aabb8c8c40d9a340,MUUSDT,20,US_STOCK:2026-06-18T20:00:00+00:00:2026-06-22T08:00:00+00:00
False,True,0.0,S3,PRIMARY_ZERO_MAKER,59,D2-aabb8c8c40d9a340,MUUSDT,20,US_STOCK:2026-06-18T20:00:00+00:00:2026-06-22T08:00:00+00:00
False,True,0.0,S0,PRIMARY_ZERO_MAKER,97,D2-aabb8c8c40d9a340,MUUSDT,20,US_STOCK:2026-06-18T20:00:00+00:00:2026-06-22T08:00:00+00:00
False,True,0.0,S1,PRIMARY_ZERO_MAKER,97,D2-aabb8c8c40d9a340,MUUSDT,20,US_STOCK:2026-06-18T20:00:00+00:00:2026-06-22T08:00:00+00:00
False,True,0.0,S2,PRIMARY_ZERO_MAKER,97,D2-aabb8c8c40d9a340,MUUSDT,20,US_STOCK:2026-06-18T20:00:00+00:00:2026-06-22T08:00:00+00:00
False,True,0.0,S3,PRIMARY_ZERO_MAKER,97,D2-aabb8c8c40d9a340,MUUSDT,20,US_STOCK:2026-06-18T20:00:00+00:00:2026-06-22T08:00:00+00:00
False,True,0.0,S0,EXECUTION_STRESS,3,D2-aabb8c8c40d9a340,MUUSDT,20,US_STOCK:2026-06-18T20:00:00+00:00:2026-06-22T08:00:00+00:00
False,True,0.0,S1,EXECUTION_STRESS,3,D2-aabb8c8c40d9a340,MUUSDT,20,US_STOCK:2026-06-18T20:00:00+00:00:2026-06-22T08:00:00+00:00
False,True,0.0,S2,EXECUTION_STRESS,3,D2-aabb8c8c40d9a340,MUUSDT,20,US_STOCK:2026-06-18T20:00:00+00:00:2026-06-22T08:00:00+00:00
False,True,0.0,S3,EXECUTION_STRESS,3,D2-aabb8c8c40d9a340,MUUSDT,20,US_STOCK:2026-06-18T20:00:00+00:00:2026-06-22T08:00:00+00:00
False,True,0.0,S0,EXECUTION_STRESS,10,D2-aabb8c8c40d9a340,MUUSDT,20,US_STOCK:2026-06-18T20:00:00+00:00:2026-06-22T08:00:00+00:00
False,True,0.0,S1,EXECUTION_STRESS,10,D2-aabb8c8c40d9a340,MUUSDT,20,US_STOCK:2026-06-18T20:00:00+00:00:2026-06-22T08:00:00+00:00
False,True,0.0,S2,EXECUTION_STRESS,10,D2-aabb8c8c40d9a340,MUUSDT,20,US_STOCK:2026-06-18T20:00:00+00:00:2026-06-22T08:00:00+00:00
False,True,0.0,S3,EXECUTION_STRESS,10,D2-aabb8c8c40d9a340,MUUSDT,20,US_STOCK:2026-06-18T20:00:00+00:00:2026-06-22T08:00:00+00:00
False,True,0.0,S0,EXECUTION_STRESS,17,D2-aabb8c8c40d9a340,MUUSDT,20,US_STOCK:2026-06-18T20:00:00+00:00:2026-06-22T08:00:00+00:00
False,True,0.0,S1,EXECUTION_STRESS,17,D2-aabb8c8c40d9a340,MUUSDT,20,US_STOCK:2026-06-18T20:00:00+00:00:2026-06-22T08:00:00+00:00
False,True,0.0,S2,EXECUTION_STRESS,17,D2-aabb8c8c40d9a340,MUUSDT,20,US_STOCK:2026-06-18T20:00:00+00:00:2026-06-22T08:00:00+00:00
False,True,0.0,S3,EXECUTION_STRESS,17,D2-aabb8c8c40d9a340,MUUSDT,20,US_STOCK:2026-06-18T20:00:00+00:00:2026-06-22T08:00:00+00:00
False,True,0.0,S0,EXECUTION_STRESS,31,D2-aabb8c8c40d9a340,MUUSDT,20,US_STOCK:2026-06-18T20:00:00+00:00:2026-06-22T08:00:00+00:00
False,True,0.0,S1,EXECUTION_STRESS,31,D2-aabb8c8c40d9a340,MUUSDT,20,US_STOCK:2026-06-18T20:00:00+00:00:2026-06-22T08:00:00+00:00
False,True,0.0,S2,EXECUTION_STRESS,31,D2-aabb8c8c40d9a340,MUUSDT,20,US_STOCK:2026-06-18T20:00:00+00:00:2026-06-22T08:00:00+00:00
False,True,0.0,S3,EXECUTION_STRESS,31,D2-aabb8c8c40d9a340,MUUSDT,20,US_STOCK:2026-06-18T20:00:00+00:00:2026-06-22T08:00:00+00:00
False,True,0.0,S0,EXECUTION_STRESS,59,D2-aabb8c8c40d9a340,MUUSDT,20,US_STOCK:2026-06-18T20:00:00+00:00:2026-06-22T08:00:00+00:00
False,True,0.0,S1,EXECUTION_STRESS,59,D2-aabb8c8c40d9a340,MUUSDT,20,US_STOCK:2026-06-18T20:00:00+00:00:2026-06-22T08:00:00+00:00
False,True,0.0,S2,EXECUTION_STRESS,59,D2-aabb8c8c40d9a340,MUUSDT,20,US_STOCK:2026-06-18T20:00:00+00:00:2026-06-22T08:00:00+00:00
False,True,0.0,S3,EXECUTION_STRESS,59,D2-aabb8c8c40d9a340,MUUSDT,20,US_STOCK:2026-06-18T20:00:00+00:00:2026-06-22T08:00:00+00:00
False,True,0.0,S0,EXECUTION_STRESS,97,D2-aabb8c8c40d9a340,MUUSDT,20,US_STOCK:2026-06-18T20:00:00+00:00:2026-06-22T08:00:00+00:00
False,True,0.0,S1,EXECUTION_STRESS,97,D2-aabb8c8c40d9a340,MUUSDT,20,US_STOCK:2026-06-18T20:00:00+00:00:2026-06-22T08:00:00+00:00
False,True,0.0,S2,EXECUTION_STRESS,97,D2-aabb8c8c40d9a340,MUUSDT,20,US_STOCK:2026-06-18T20:00:00+00:00:2026-06-22T08:00:00+00:00
False,True,0.0,S3,EXECUTION_STRESS,97,D2-aabb8c8c40d9a340,MUUSDT,20,US_STOCK:2026-06-18T20:00:00+00:00:2026-06-22T08:00:00+00:00
False,True,0.0,S0,MAKER_PROMO_OFF,3,D2-aabb8c8c40d9a340,MUUSDT,20,US_STOCK:2026-06-18T20:00:00+00:00:2026-06-22T08:00:00+00:00
False,True,0.0,S1,MAKER_PROMO_OFF,3,D2-aabb8c8c40d9a340,MUUSDT,20,US_STOCK:2026-06-18T20:00:00+00:00:2026-06-22T08:00:00+00:00
False,True,0.0,S2,MAKER_PROMO_OFF,3,D2-aabb8c8c40d9a340,MUUSDT,20,US_STOCK:2026-06-18T20:00:00+00:00:2026-06-22T08:00:00+00:00
False,True,0.0,S3,MAKER_PROMO_OFF,3,D2-aabb8c8c40d9a340,MUUSDT,20,US_STOCK:2026-06-18T20:00:00+00:00:2026-06-22T08:00:00+00:00
False,True,0.0,S0,MAKER_PROMO_OFF,10,D2-aabb8c8c40d9a340,MUUSDT,20,US_STOCK:2026-06-18T20:00:00+00:00:2026-06-22T08:00:00+00:00
False,True,0.0,S1,MAKER_PROMO_OFF,10,D2-aabb8c8c40d9a340,MUUSDT,20,US_STOCK:2026-06-18T20:00:00+00:00:2026-06-22T08:00:00+00:00
False,True,0.0,S2,MAKER_PROMO_OFF,10,D2-aabb8c8c40d9a340,MUUSDT,20,US_STOCK:2026-06-18T20:00:00+00:00:2026-06-22T08:00:00+00:00
False,True,0.0,S3,MAKER_PROMO_OFF,10,D2-aabb8c8c40d9a340,MUUSDT,20,US_STOCK:2026-06-18T20:00:00+00:00:2026-06-22T08:00:00+00:00
False,True,0.0,S0,MAKER_PROMO_OFF,17,D2-aabb8c8c40d9a340,MUUSDT,20,US_STOCK:2026-06-18T20:00:00+00:00:2026-06-22T08:00:00+00:00
False,True,0.0,S1,MAKER_PROMO_OFF,17,D2-aabb8c8c40d9a340,MUUSDT,20,US_STOCK:2026-06-18T20:00:00+00:00:2026-06-22T08:00:00+00:00
False,True,0.0,S2,MAKER_PROMO_OFF,17,D2-aabb8c8c40d9a340,MUUSDT,20,US_STOCK:2026-06-18T20:00:00+00:00:2026-06-22T08:00:00+00:00
False,True,0.0,S3,MAKER_PROMO_OFF,17,D2-aabb8c8c40d9a340,MUUSDT,20,US_STOCK:2026-06-18T20:00:00+00:00:2026-06-22T08:00:00+00:00
False,True,0.0,S0,MAKER_PROMO_OFF,31,D2-aabb8c8c40d9a340,MUUSDT,20,US_STOCK:2026-06-18T20:00:00+00:00:2026-06-22T08:00:00+00:00
False,True,0.0,S1,MAKER_PROMO_OFF,31,D2-aabb8c8c40d9a340,MUUSDT,20,US_STOCK:2026-06-18T20:00:00+00:00:2026-06-22T08:00:00+00:00
False,True,0.0,S2,MAKER_PROMO_OFF,31,D2-aabb8c8c40d9a340,MUUSDT,20,US_STOCK:2026-06-18T20:00:00+00:00:2026-06-22T08:00:00+00:00
False,True,0.0,S3,MAKER_PROMO_OFF,31,D2-aabb8c8c40d9a340,MUUSDT,20,US_STOCK:2026-06-18T20:00:00+00:00:2026-06-22T08:00:00+00:00
False,True,0.0,S0,MAKER_PROMO_OFF,59,D2-aabb8c8c40d9a340,MUUSDT,20,US_STOCK:2026-06-18T20:00:00+00:00:2026-06-22T08:00:00+00:00
False,True,0.0,S1,MAKER_PROMO_OFF,59,D2-aabb8c8c40d9a340,MUUSDT,20,US_STOCK:2026-06-18T20:00:00+00:00:2026-06-22T08:00:00+00:00
False,True,0.0,S2,MAKER_PROMO_OFF,59,D2-aabb8c8c40d9a340,MUUSDT,20,US_STOCK:2026-06-18T20:00:00+00:00:2026-06-22T08:00:00+00:00
False,True,0.0,S3,MAKER_PROMO_OFF,59,D2-aabb8c8c40d9a340,MUUSDT,20,US_STOCK:2026-06-18T20:00:00+00:00:2026-06-22T08:00:00+00:00
False,True,0.0,S0,MAKER_PROMO_OFF,97,D2-aabb8c8c40d9a340,MUUSDT,20,US_STOCK:2026-06-18T20:00:00+00:00:2026-06-22T08:00:00+00:00
False,True,0.0,S1,MAKER_PROMO_OFF,97,D2-aabb8c8c40d9a340,MUUSDT,20,US_STOCK:2026-06-18T20:00:00+00:00:2026-06-22T08:00:00+00:00
False,True,0.0,S2,MAKER_PROMO_OFF,97,D2-aabb8c8c40d9a340,MUUSDT,20,US_STOCK:2026-06-18T20:00:00+00:00:2026-06-22T08:00:00+00:00
False,True,0.0,S3,MAKER_PROMO_OFF,97,D2-aabb8c8c40d9a340,MUUSDT,20,US_STOCK:2026-06-18T20:00:00+00:00:2026-06-22T08:00:00+00:00
False,True,0.0,S0,PRIMARY_ZERO_MAKER,3,D2-65dad30b2f4a428a,SOXLUSDT,20,US_LEVERAGED_ETF:2026-06-18T20:00:00+00:00:2026-06-22T08:00:00+00:00
False,True,0.0,S1,PRIMARY_ZERO_MAKER,3,D2-65dad30b2f4a428a,SOXLUSDT,20,US_LEVERAGED_ETF:2026-06-18T20:00:00+00:00:2026-06-22T08:00:00+00:00
False,True,0.0,S2,PRIMARY_ZERO_MAKER,3,D2-65dad30b2f4a428a,SOXLUSDT,20,US_LEVERAGED_ETF:2026-06-18T20:00:00+00:00:2026-06-22T08:00:00+00:00
False,True,0.0,S3,PRIMARY_ZERO_MAKER,3,D2-65dad30b2f4a428a,SOXLUSDT,20,US_LEVERAGED_ETF:2026-06-18T20:00:00+00:00:2026-06-22T08:00:00+00:00
False,True,0.0,S0,PRIMARY_ZERO_MAKER,10,D2-65dad30b2f4a428a,SOXLUSDT,20,US_LEVERAGED_ETF:2026-06-18T20:00:00+00:00:2026-06-22T08:00:00+00:00
False,True,0.0,S1,PRIMARY_ZERO_MAKER,10,D2-65dad30b2f4a428a,SOXLUSDT,20,US_LEVERAGED_ETF:2026-06-18T20:00:00+00:00:2026-06-22T08:00:00+00:00
False,True,0.0,S2,PRIMARY_ZERO_MAKER,10,D2-65dad30b2f4a428a,SOXLUSDT,20,US_LEVERAGED_ETF:2026-06-18T20:00:00+00:00:2026-06-22T08:00:00+00:00
False,True,0.0,S3,PRIMARY_ZERO_MAKER,10,D2-65dad30b2f4a428a,SOXLUSDT,20,US_LEVERAGED_ETF:2026-06-18T20:00:00+00:00:2026-06-22T08:00:00+00:00
False,True,0.0,S0,PRIMARY_ZERO_MAKER,17,D2-65dad30b2f4a428a,SOXLUSDT,20,US_LEVERAGED_ETF:2026-06-18T20:00:00+00:00:2026-06-22T08:00:00+00:00
False,True,0.0,S1,PRIMARY_ZERO_MAKER,17,D2-65dad30b2f4a428a,SOXLUSDT,20,US_LEVERAGED_ETF:2026-06-18T20:00:00+00:00:2026-06-22T08:00:00+00:00
False,True,0.0,S2,PRIMARY_ZERO_MAKER,17,D2-65dad30b2f4a428a,SOXLUSDT,20,US_LEVERAGED_ETF:2026-06-18T20:00:00+00:00:2026-06-22T08:00:00+00:00
False,True,0.0,S3,PRIMARY_ZERO_MAKER,17,D2-65dad30b2f4a428a,SOXLUSDT,20,US_LEVERAGED_ETF:2026-06-18T20:00:00+00:00:2026-06-22T08:00:00+00:00
False,True,0.0,S0,PRIMARY_ZERO_MAKER,31,D2-65dad30b2f4a428a,SOXLUSDT,20,US_LEVERAGED_ETF:2026-06-18T20:00:00+00:00:2026-06-22T08:00:00+00:00
False,True,0.0,S1,PRIMARY_ZERO_MAKER,31,D2-65dad30b2f4a428a,SOXLUSDT,20,US_LEVERAGED_ETF:2026-06-18T20:00:00+00:00:2026-06-22T08:00:00+00:00
False,True,0.0,S2,PRIMARY_ZERO_MAKER,31,D2-65dad30b2f4a428a,SOXLUSDT,20,US_LEVERAGED_ETF:2026-06-18T20:00:00+00:00:2026-06-22T08:00:00+00:00
False,True,0.0,S3,PRIMARY_ZERO_MAKER,31,D2-65dad30b2f4a428a,SOXLUSDT,20,US_LEVERAGED_ETF:2026-06-18T20:00:00+00:00:2026-06-22T08:00:00+00:00
False,True,0.0,S0,PRIMARY_ZERO_MAKER,59,D2-65dad30b2f4a428a,SOXLUSDT,20,US_LEVERAGED_ETF:2026-06-18T20:00:00+00:00:2026-06-22T08:00:00+00:00
False,True,0.0,S1,PRIMARY_ZERO_MAKER,59,D2-65dad30b2f4a428a,SOXLUSDT,20,US_LEVERAGED_ETF:2026-06-18T20:00:00+00:00:2026-06-22T08:00:00+00:00
False,True,0.0,S2,PRIMARY_ZERO_MAKER,59,D2-65dad30b2f4a428a,SOXLUSDT,20,US_LEVERAGED_ETF:2026-06-18T20:00:00+00:00:2026-06-22T08:00:00+00:00
False,True,0.0,S3,PRIMARY_ZERO_MAKER,59,D2-65dad30b2f4a428a,SOXLUSDT,20,US_LEVERAGED_ETF:2026-06-18T20:00:00+00:00:2026-06-22T08:00:00+00:00
False,True,0.0,S0,PRIMARY_ZERO_MAKER,97,D2-65dad30b2f4a428a,SOXLUSDT,20,US_LEVERAGED_ETF:2026-06-18T20:00:00+00:00:2026-06-22T08:00:00+00:00
False,True,0.0,S1,PRIMARY_ZERO_MAKER,97,D2-65dad30b2f4a428a,SOXLUSDT,20,US_LEVERAGED_ETF:2026-06-18T20:00:00+00:00:2026-06-22T08:00:00+00:00
False,True,0.0,S2,PRIMARY_ZERO_MAKER,97,D2-65dad30b2f4a428a,SOXLUSDT,20,US_LEVERAGED_ETF:2026-06-18T20:00:00+00:00:2026-06-22T08:00:00+00:00
False,True,0.0,S3,PRIMARY_ZERO_MAKER,97,D2-65dad30b2f4a428a,SOXLUSDT,20,US_LEVERAGED_ETF:2026-06-18T20:00:00+00:00:2026-06-22T08:00:00+00:00
False,True,0.0,S0,EXECUTION_STRESS,3,D2-65dad30b2f4a428a,SOXLUSDT,20,US_LEVERAGED_ETF:2026-06-18T20:00:00+00:00:2026-06-22T08:00:00+00:00
False,True,0.0,S1,EXECUTION_STRESS,3,D2-65dad30b2f4a428a,SOXLUSDT,20,US_LEVERAGED_ETF:2026-06-18T20:00:00+00:00:2026-06-22T08:00:00+00:00
False,True,0.0,S2,EXECUTION_STRESS,3,D2-65dad30b2f4a428a,SOXLUSDT,20,US_LEVERAGED_ETF:2026-06-18T20:00:00+00:00:2026-06-22T08:00:00+00:00
False,True,0.0,S3,EXECUTION_STRESS,3,D2-65dad30b2f4a428a,SOXLUSDT,20,US_LEVERAGED_ETF:2026-06-18T20:00:00+00:00:2026-06-22T08:00:00+00:00
False,True,0.0,S0,EXECUTION_STRESS,10,D2-65dad30b2f4a428a,SOXLUSDT,20,US_LEVERAGED_ETF:2026-06-18T20:00:00+00:00:2026-06-22T08:00:00+00:00
False,True,0.0,S1,EXECUTION_STRESS,10,D2-65dad30b2f4a428a,SOXLUSDT,20,US_LEVERAGED_ETF:2026-06-18T20:00:00+00:00:2026-06-22T08:00:00+00:00
False,True,0.0,S2,EXECUTION_STRESS,10,D2-65dad30b2f4a428a,SOXLUSDT,20,US_LEVERAGED_ETF:2026-06-18T20:00:00+00:00:2026-06-22T08:00:00+00:00
False,True,0.0,S3,EXECUTION_STRESS,10,D2-65dad30b2f4a428a,SOXLUSDT,20,US_LEVERAGED_ETF:2026-06-18T20:00:00+00:00:2026-06-22T08:00:00+00:00
False,True,0.0,S0,EXECUTION_STRESS,17,D2-65dad30b2f4a428a,SOXLUSDT,20,US_LEVERAGED_ETF:2026-06-18T20:00:00+00:00:2026-06-22T08:00:00+00:00
False,True,0.0,S1,EXECUTION_STRESS,17,D2-65dad30b2f4a428a,SOXLUSDT,20,US_LEVERAGED_ETF:2026-06-18T20:00:00+00:00:2026-06-22T08:00:00+00:00
False,True,0.0,S2,EXECUTION_STRESS,17,D2-65dad30b2f4a428a,SOXLUSDT,20,US_LEVERAGED_ETF:2026-06-18T20:00:00+00:00:2026-06-22T08:00:00+00:00
False,True,0.0,S3,EXECUTION_STRESS,17,D2-65dad30b2f4a428a,SOXLUSDT,20,US_LEVERAGED_ETF:2026-06-18T20:00:00+00:00:2026-06-22T08:00:00+00:00
False,True,0.0,S0,EXECUTION_STRESS,31,D2-65dad30b2f4a428a,SOXLUSDT,20,US_LEVERAGED_ETF:2026-06-18T20:00:00+00:00:2026-06-22T08:00:00+00:00
False,True,0.0,S1,EXECUTION_STRESS,31,D2-65dad30b2f4a428a,SOXLUSDT,20,US_LEVERAGED_ETF:2026-06-18T20:00:00+00:00:2026-06-22T08:00:00+00:00
False,True,0.0,S2,EXECUTION_STRESS,31,D2-65dad30b2f4a428a,SOXLUSDT,20,US_LEVERAGED_ETF:2026-06-18T20:00:00+00:00:2026-06-22T08:00:00+00:00
False,True,0.0,S3,EXECUTION_STRESS,31,D2-65dad30b2f4a428a,SOXLUSDT,20,US_LEVERAGED_ETF:2026-06-18T20:00:00+00:00:2026-06-22T08:00:00+00:00
False,True,0.0,S0,EXECUTION_STRESS,59,D2-65dad30b2f4a428a,SOXLUSDT,20,US_LEVERAGED_ETF:2026-06-18T20:00:00+00:00:2026-06-22T08:00:00+00:00
False,True,0.0,S1,EXECUTION_STRESS,59,D2-65dad30b2f4a428a,SOXLUSDT,20,US_LEVERAGED_ETF:2026-06-18T20:00:00+00:00:2026-06-22T08:00:00+00:00
False,True,0.0,S2,EXECUTION_STRESS,59,D2-65dad30b2f4a428a,SOXLUSDT,20,US_LEVERAGED_ETF:2026-06-18T20:00:00+00:00:2026-06-22T08:00:00+00:00
False,True,0.0,S3,EXECUTION_STRESS,59,D2-65dad30b2f4a428a,SOXLUSDT,20,US_LEVERAGED_ETF:2026-06-18T20:00:00+00:00:2026-06-22T08:00:00+00:00
False,True,0.0,S0,EXECUTION_STRESS,97,D2-65dad30b2f4a428a,SOXLUSDT,20,US_LEVERAGED_ETF:2026-06-18T20:00:00+00:00:2026-06-22T08:00:00+00:00
False,True,0.0,S1,EXECUTION_STRESS,97,D2-65dad30b2f4a428a,SOXLUSDT,20,US_LEVERAGED_ETF:2026-06-18T20:00:00+00:00:2026-06-22T08:00:00+00:00
False,True,0.0,S2,EXECUTION_STRESS,97,D2-65dad30b2f4a428a,SOXLUSDT,20,US_LEVERAGED_ETF:2026-06-18T20:00:00+00:00:2026-06-22T08:00:00+00:00
False,True,0.0,S3,EXECUTION_STRESS,97,D2-65dad30b2f4a428a,SOXLUSDT,20,US_LEVERAGED_ETF:2026-06-18T20:00:00+00:00:2026-06-22T08:00:00+00:00
False,True,0.0,S0,MAKER_PROMO_OFF,3,D2-65dad30b2f4a428a,SOXLUSDT,20,US_LEVERAGED_ETF:2026-06-18T20:00:00+00:00:2026-06-22T08:00:00+00:00
False,True,0.0,S1,MAKER_PROMO_OFF,3,D2-65dad30b2f4a428a,SOXLUSDT,20,US_LEVERAGED_ETF:2026-06-18T20:00:00+00:00:2026-06-22T08:00:00+00:00
False,True,0.0,S2,MAKER_PROMO_OFF,3,D2-65dad30b2f4a428a,SOXLUSDT,20,US_LEVERAGED_ETF:2026-06-18T20:00:00+00:00:2026-06-22T08:00:00+00:00
False,True,0.0,S3,MAKER_PROMO_OFF,3,D2-65dad30b2f4a428a,SOXLUSDT,20,US_LEVERAGED_ETF:2026-06-18T20:00:00+00:00:2026-06-22T08:00:00+00:00
False,True,0.0,S0,MAKER_PROMO_OFF,10,D2-65dad30b2f4a428a,SOXLUSDT,20,US_LEVERAGED_ETF:2026-06-18T20:00:00+00:00:2026-06-22T08:00:00+00:00
False,True,0.0,S1,MAKER_PROMO_OFF,10,D2-65dad30b2f4a428a,SOXLUSDT,20,US_LEVERAGED_ETF:2026-06-18T20:00:00+00:00:2026-06-22T08:00:00+00:00
False,True,0.0,S2,MAKER_PROMO_OFF,10,D2-65dad30b2f4a428a,SOXLUSDT,20,US_LEVERAGED_ETF:2026-06-18T20:00:00+00:00:2026-06-22T08:00:00+00:00
False,True,0.0,S3,MAKER_PROMO_OFF,10,D2-65dad30b2f4a428a,SOXLUSDT,20,US_LEVERAGED_ETF:2026-06-18T20:00:00+00:00:2026-06-22T08:00:00+00:00
False,True,0.0,S0,MAKER_PROMO_OFF,17,D2-65dad30b2f4a428a,SOXLUSDT,20,US_LEVERAGED_ETF:2026-06-18T20:00:00+00:00:2026-06-22T08:00:00+00:00
False,True,0.0,S1,MAKER_PROMO_OFF,17,D2-65dad30b2f4a428a,SOXLUSDT,20,US_LEVERAGED_ETF:2026-06-18T20:00:00+00:00:2026-06-22T08:00:00+00:00
False,True,0.0,S2,MAKER_PROMO_OFF,17,D2-65dad30b2f4a428a,SOXLUSDT,20,US_LEVERAGED_ETF:2026-06-18T20:00:00+00:00:2026-06-22T08:00:00+00:00
False,True,0.0,S3,MAKER_PROMO_OFF,17,D2-65dad30b2f4a428a,SOXLUSDT,20,US_LEVERAGED_ETF:2026-06-18T20:00:00+00:00:2026-06-22T08:00:00+00:00
False,True,0.0,S0,MAKER_PROMO_OFF,31,D2-65dad30b2f4a428a,SOXLUSDT,20,US_LEVERAGED_ETF:2026-06-18T20:00:00+00:00:2026-06-22T08:00:00+00:00
False,True,0.0,S1,MAKER_PROMO_OFF,31,D2-65dad30b2f4a428a,SOXLUSDT,20,US_LEVERAGED_ETF:2026-06-18T20:00:00+00:00:2026-06-22T08:00:00+00:00
False,True,0.0,S2,MAKER_PROMO_OFF,31,D2-65dad30b2f4a428a,SOXLUSDT,20,US_LEVERAGED_ETF:2026-06-18T20:00:00+00:00:2026-06-22T08:00:00+00:00
False,True,0.0,S3,MAKER_PROMO_OFF,31,D2-65dad30b2f4a428a,SOXLUSDT,20,US_LEVERAGED_ETF:2026-06-18T20:00:00+00:00:2026-06-22T08:00:00+00:00
False,True,0.0,S0,MAKER_PROMO_OFF,59,D2-65dad30b2f4a428a,SOXLUSDT,20,US_LEVERAGED_ETF:2026-06-18T20:00:00+00:00:2026-06-22T08:00:00+00:00
False,True,0.0,S1,MAKER_PROMO_OFF,59,D2-65dad30b2f4a428a,SOXLUSDT,20,US_LEVERAGED_ETF:2026-06-18T20:00:00+00:00:2026-06-22T08:00:00+00:00
False,True,0.0,S2,MAKER_PROMO_OFF,59,D2-65dad30b2f4a428a,SOXLUSDT,20,US_LEVERAGED_ETF:2026-06-18T20:00:00+00:00:2026-06-22T08:00:00+00:00
False,True,0.0,S3,MAKER_PROMO_OFF,59,D2-65dad30b2f4a428a,SOXLUSDT,20,US_LEVERAGED_ETF:2026-06-18T20:00:00+00:00:2026-06-22T08:00:00+00:00
False,True,0.0,S0,MAKER_PROMO_OFF,97,D2-65dad30b2f4a428a,SOXLUSDT,20,US_LEVERAGED_ETF:2026-06-18T20:00:00+00:00:2026-06-22T08:00:00+00:00
False,True,0.0,S1,MAKER_PROMO_OFF,97,D2-65dad30b2f4a428a,SOXLUSDT,20,US_LEVERAGED_ETF:2026-06-18T20:00:00+00:00:2026-06-22T08:00:00+00:00
False,True,0.0,S2,MAKER_PROMO_OFF,97,D2-65dad30b2f4a428a,SOXLUSDT,20,US_LEVERAGED_ETF:2026-06-18T20:00:00+00:00:2026-06-22T08:00:00+00:00
False,True,0.0,S3,MAKER_PROMO_OFF,97,D2-65dad30b2f4a428a,SOXLUSDT,20,US_LEVERAGED_ETF:2026-06-18T20:00:00+00:00:2026-06-22T08:00:00+00:00
False,True,0.0,S0,PRIMARY_ZERO_MAKER,3,D2-0acac97ea7d9f11f,SOXLUSDT,20,US_LEVERAGED_ETF:2026-06-26T20:00:00+00:00:2026-06-29T08:00:00+00:00
False,True,0.0,S1,PRIMARY_ZERO_MAKER,3,D2-0acac97ea7d9f11f,SOXLUSDT,20,US_LEVERAGED_ETF:2026-06-26T20:00:00+00:00:2026-06-29T08:00:00+00:00
False,True,0.0,S2,PRIMARY_ZERO_MAKER,3,D2-0acac97ea7d9f11f,SOXLUSDT,20,US_LEVERAGED_ETF:2026-06-26T20:00:00+00:00:2026-06-29T08:00:00+00:00
False,True,0.0,S3,PRIMARY_ZERO_MAKER,3,D2-0acac97ea7d9f11f,SOXLUSDT,20,US_LEVERAGED_ETF:2026-06-26T20:00:00+00:00:2026-06-29T08:00:00+00:00
False,True,0.0,S0,PRIMARY_ZERO_MAKER,10,D2-0acac97ea7d9f11f,SOXLUSDT,20,US_LEVERAGED_ETF:2026-06-26T20:00:00+00:00:2026-06-29T08:00:00+00:00
False,True,0.0,S1,PRIMARY_ZERO_MAKER,10,D2-0acac97ea7d9f11f,SOXLUSDT,20,US_LEVERAGED_ETF:2026-06-26T20:00:00+00:00:2026-06-29T08:00:00+00:00
False,True,0.0,S2,PRIMARY_ZERO_MAKER,10,D2-0acac97ea7d9f11f,SOXLUSDT,20,US_LEVERAGED_ETF:2026-06-26T20:00:00+00:00:2026-06-29T08:00:00+00:00
False,True,0.0,S3,PRIMARY_ZERO_MAKER,10,D2-0acac97ea7d9f11f,SOXLUSDT,20,US_LEVERAGED_ETF:2026-06-26T20:00:00+00:00:2026-06-29T08:00:00+00:00
False,True,0.0,S0,PRIMARY_ZERO_MAKER,17,D2-0acac97ea7d9f11f,SOXLUSDT,20,US_LEVERAGED_ETF:2026-06-26T20:00:00+00:00:2026-06-29T08:00:00+00:00
False,True,0.0,S1,PRIMARY_ZERO_MAKER,17,D2-0acac97ea7d9f11f,SOXLUSDT,20,US_LEVERAGED_ETF:2026-06-26T20:00:00+00:00:2026-06-29T08:00:00+00:00
False,True,0.0,S2,PRIMARY_ZERO_MAKER,17,D2-0acac97ea7d9f11f,SOXLUSDT,20,US_LEVERAGED_ETF:2026-06-26T20:00:00+00:00:2026-06-29T08:00:00+00:00
False,True,0.0,S3,PRIMARY_ZERO_MAKER,17,D2-0acac97ea7d9f11f,SOXLUSDT,20,US_LEVERAGED_ETF:2026-06-26T20:00:00+00:00:2026-06-29T08:00:00+00:00
False,True,0.0,S0,PRIMARY_ZERO_MAKER,31,D2-0acac97ea7d9f11f,SOXLUSDT,20,US_LEVERAGED_ETF:2026-06-26T20:00:00+00:00:2026-06-29T08:00:00+00:00
False,True,0.0,S1,PRIMARY_ZERO_MAKER,31,D2-0acac97ea7d9f11f,SOXLUSDT,20,US_LEVERAGED_ETF:2026-06-26T20:00:00+00:00:2026-06-29T08:00:00+00:00
False,True,0.0,S2,PRIMARY_ZERO_MAKER,31,D2-0acac97ea7d9f11f,SOXLUSDT,20,US_LEVERAGED_ETF:2026-06-26T20:00:00+00:00:2026-06-29T08:00:00+00:00
False,True,0.0,S3,PRIMARY_ZERO_MAKER,31,D2-0acac97ea7d9f11f,SOXLUSDT,20,US_LEVERAGED_ETF:2026-06-26T20:00:00+00:00:2026-06-29T08:00:00+00:00
False,True,0.0,S0,PRIMARY_ZERO_MAKER,59,D2-0acac97ea7d9f11f,SOXLUSDT,20,US_LEVERAGED_ETF:2026-06-26T20:00:00+00:00:2026-06-29T08:00:00+00:00
False,True,0.0,S1,PRIMARY_ZERO_MAKER,59,D2-0acac97ea7d9f11f,SOXLUSDT,20,US_LEVERAGED_ETF:2026-06-26T20:00:00+00:00:2026-06-29T08:00:00+00:00
False,True,0.0,S2,PRIMARY_ZERO_MAKER,59,D2-0acac97ea7d9f11f,SOXLUSDT,20,US_LEVERAGED_ETF:2026-06-26T20:00:00+00:00:2026-06-29T08:00:00+00:00
False,True,0.0,S3,PRIMARY_ZERO_MAKER,59,D2-0acac97ea7d9f11f,SOXLUSDT,20,US_LEVERAGED_ETF:2026-06-26T20:00:00+00:00:2026-06-29T08:00:00+00:00
False,True,0.0,S0,PRIMARY_ZERO_MAKER,97,D2-0acac97ea7d9f11f,SOXLUSDT,20,US_LEVERAGED_ETF:2026-06-26T20:00:00+00:00:2026-06-29T08:00:00+00:00
False,True,0.0,S1,PRIMARY_ZERO_MAKER,97,D2-0acac97ea7d9f11f,SOXLUSDT,20,US_LEVERAGED_ETF:2026-06-26T20:00:00+00:00:2026-06-29T08:00:00+00:00
False,True,0.0,S2,PRIMARY_ZERO_MAKER,97,D2-0acac97ea7d9f11f,SOXLUSDT,20,US_LEVERAGED_ETF:2026-06-26T20:00:00+00:00:2026-06-29T08:00:00+00:00
False,True,0.0,S3,PRIMARY_ZERO_MAKER,97,D2-0acac97ea7d9f11f,SOXLUSDT,20,US_LEVERAGED_ETF:2026-06-26T20:00:00+00:00:2026-06-29T08:00:00+00:00
False,True,0.0,S0,EXECUTION_STRESS,3,D2-0acac97ea7d9f11f,SOXLUSDT,20,US_LEVERAGED_ETF:2026-06-26T20:00:00+00:00:2026-06-29T08:00:00+00:00
False,True,0.0,S1,EXECUTION_STRESS,3,D2-0acac97ea7d9f11f,SOXLUSDT,20,US_LEVERAGED_ETF:2026-06-26T20:00:00+00:00:2026-06-29T08:00:00+00:00
False,True,0.0,S2,EXECUTION_STRESS,3,D2-0acac97ea7d9f11f,SOXLUSDT,20,US_LEVERAGED_ETF:2026-06-26T20:00:00+00:00:2026-06-29T08:00:00+00:00
False,True,0.0,S3,EXECUTION_STRESS,3,D2-0acac97ea7d9f11f,SOXLUSDT,20,US_LEVERAGED_ETF:2026-06-26T20:00:00+00:00:2026-06-29T08:00:00+00:00
False,True,0.0,S0,EXECUTION_STRESS,10,D2-0acac97ea7d9f11f,SOXLUSDT,20,US_LEVERAGED_ETF:2026-06-26T20:00:00+00:00:2026-06-29T08:00:00+00:00
False,True,0.0,S1,EXECUTION_STRESS,10,D2-0acac97ea7d9f11f,SOXLUSDT,20,US_LEVERAGED_ETF:2026-06-26T20:00:00+00:00:2026-06-29T08:00:00+00:00
False,True,0.0,S2,EXECUTION_STRESS,10,D2-0acac97ea7d9f11f,SOXLUSDT,20,US_LEVERAGED_ETF:2026-06-26T20:00:00+00:00:2026-06-29T08:00:00+00:00
False,True,0.0,S3,EXECUTION_STRESS,10,D2-0acac97ea7d9f11f,SOXLUSDT,20,US_LEVERAGED_ETF:2026-06-26T20:00:00+00:00:2026-06-29T08:00:00+00:00
False,True,0.0,S0,EXECUTION_STRESS,17,D2-0acac97ea7d9f11f,SOXLUSDT,20,US_LEVERAGED_ETF:2026-06-26T20:00:00+00:00:2026-06-29T08:00:00+00:00
False,True,0.0,S1,EXECUTION_STRESS,17,D2-0acac97ea7d9f11f,SOXLUSDT,20,US_LEVERAGED_ETF:2026-06-26T20:00:00+00:00:2026-06-29T08:00:00+00:00
False,True,0.0,S2,EXECUTION_STRESS,17,D2-0acac97ea7d9f11f,SOXLUSDT,20,US_LEVERAGED_ETF:2026-06-26T20:00:00+00:00:2026-06-29T08:00:00+00:00
False,True,0.0,S3,EXECUTION_STRESS,17,D2-0acac97ea7d9f11f,SOXLUSDT,20,US_LEVERAGED_ETF:2026-06-26T20:00:00+00:00:2026-06-29T08:00:00+00:00
False,True,0.0,S0,EXECUTION_STRESS,31,D2-0acac97ea7d9f11f,SOXLUSDT,20,US_LEVERAGED_ETF:2026-06-26T20:00:00+00:00:2026-06-29T08:00:00+00:00
False,True,0.0,S1,EXECUTION_STRESS,31,D2-0acac97ea7d9f11f,SOXLUSDT,20,US_LEVERAGED_ETF:2026-06-26T20:00:00+00:00:2026-06-29T08:00:00+00:00
False,True,0.0,S2,EXECUTION_STRESS,31,D2-0acac97ea7d9f11f,SOXLUSDT,20,US_LEVERAGED_ETF:2026-06-26T20:00:00+00:00:2026-06-29T08:00:00+00:00
False,True,0.0,S3,EXECUTION_STRESS,31,D2-0acac97ea7d9f11f,SOXLUSDT,20,US_LEVERAGED_ETF:2026-06-26T20:00:00+00:00:2026-06-29T08:00:00+00:00
False,True,0.0,S0,EXECUTION_STRESS,59,D2-0acac97ea7d9f11f,SOXLUSDT,20,US_LEVERAGED_ETF:2026-06-26T20:00:00+00:00:2026-06-29T08:00:00+00:00
False,True,0.0,S1,EXECUTION_STRESS,59,D2-0acac97ea7d9f11f,SOXLUSDT,20,US_LEVERAGED_ETF:2026-06-26T20:00:00+00:00:2026-06-29T08:00:00+00:00
False,True,0.0,S2,EXECUTION_STRESS,59,D2-0acac97ea7d9f11f,SOXLUSDT,20,US_LEVERAGED_ETF:2026-06-26T20:00:00+00:00:2026-06-29T08:00:00+00:00
False,True,0.0,S3,EXECUTION_STRESS,59,D2-0acac97ea7d9f11f,SOXLUSDT,20,US_LEVERAGED_ETF:2026-06-26T20:00:00+00:00:2026-06-29T08:00:00+00:00
False,True,0.0,S0,EXECUTION_STRESS,97,D2-0acac97ea7d9f11f,SOXLUSDT,20,US_LEVERAGED_ETF:2026-06-26T20:00:00+00:00:2026-06-29T08:00:00+00:00
False,True,0.0,S1,EXECUTION_STRESS,97,D2-0acac97ea7d9f11f,SOXLUSDT,20,US_LEVERAGED_ETF:2026-06-26T20:00:00+00:00:2026-06-29T08:00:00+00:00
False,True,0.0,S2,EXECUTION_STRESS,97,D2-0acac97ea7d9f11f,SOXLUSDT,20,US_LEVERAGED_ETF:2026-06-26T20:00:00+00:00:2026-06-29T08:00:00+00:00
False,True,0.0,S3,EXECUTION_STRESS,97,D2-0acac97ea7d9f11f,SOXLUSDT,20,US_LEVERAGED_ETF:2026-06-26T20:00:00+00:00:2026-06-29T08:00:00+00:00
False,True,0.0,S0,MAKER_PROMO_OFF,3,D2-0acac97ea7d9f11f,SOXLUSDT,20,US_LEVERAGED_ETF:2026-06-26T20:00:00+00:00:2026-06-29T08:00:00+00:00
False,True,0.0,S1,MAKER_PROMO_OFF,3,D2-0acac97ea7d9f11f,SOXLUSDT,20,US_LEVERAGED_ETF:2026-06-26T20:00:00+00:00:2026-06-29T08:00:00+00:00
False,True,0.0,S2,MAKER_PROMO_OFF,3,D2-0acac97ea7d9f11f,SOXLUSDT,20,US_LEVERAGED_ETF:2026-06-26T20:00:00+00:00:2026-06-29T08:00:00+00:00
False,True,0.0,S3,MAKER_PROMO_OFF,3,D2-0acac97ea7d9f11f,SOXLUSDT,20,US_LEVERAGED_ETF:2026-06-26T20:00:00+00:00:2026-06-29T08:00:00+00:00
False,True,0.0,S0,MAKER_PROMO_OFF,10,D2-0acac97ea7d9f11f,SOXLUSDT,20,US_LEVERAGED_ETF:2026-06-26T20:00:00+00:00:2026-06-29T08:00:00+00:00
False,True,0.0,S1,MAKER_PROMO_OFF,10,D2-0acac97ea7d9f11f,SOXLUSDT,20,US_LEVERAGED_ETF:2026-06-26T20:00:00+00:00:2026-06-29T08:00:00+00:00
False,True,0.0,S2,MAKER_PROMO_OFF,10,D2-0acac97ea7d9f11f,SOXLUSDT,20,US_LEVERAGED_ETF:2026-06-26T20:00:00+00:00:2026-06-29T08:00:00+00:00
False,True,0.0,S3,MAKER_PROMO_OFF,10,D2-0acac97ea7d9f11f,SOXLUSDT,20,US_LEVERAGED_ETF:2026-06-26T20:00:00+00:00:2026-06-29T08:00:00+00:00
False,True,0.0,S0,MAKER_PROMO_OFF,17,D2-0acac97ea7d9f11f,SOXLUSDT,20,US_LEVERAGED_ETF:2026-06-26T20:00:00+00:00:2026-06-29T08:00:00+00:00
False,True,0.0,S1,MAKER_PROMO_OFF,17,D2-0acac97ea7d9f11f,SOXLUSDT,20,US_LEVERAGED_ETF:2026-06-26T20:00:00+00:00:2026-06-29T08:00:00+00:00
False,True,0.0,S2,MAKER_PROMO_OFF,17,D2-0acac97ea7d9f11f,SOXLUSDT,20,US_LEVERAGED_ETF:2026-06-26T20:00:00+00:00:2026-06-29T08:00:00+00:00
False,True,0.0,S3,MAKER_PROMO_OFF,17,D2-0acac97ea7d9f11f,SOXLUSDT,20,US_LEVERAGED_ETF:2026-06-26T20:00:00+00:00:2026-06-29T08:00:00+00:00
False,True,0.0,S0,MAKER_PROMO_OFF,31,D2-0acac97ea7d9f11f,SOXLUSDT,20,US_LEVERAGED_ETF:2026-06-26T20:00:00+00:00:2026-06-29T08:00:00+00:00
False,True,0.0,S1,MAKER_PROMO_OFF,31,D2-0acac97ea7d9f11f,SOXLUSDT,20,US_LEVERAGED_ETF:2026-06-26T20:00:00+00:00:2026-06-29T08:00:00+00:00
False,True,0.0,S2,MAKER_PROMO_OFF,31,D2-0acac97ea7d9f11f,SOXLUSDT,20,US_LEVERAGED_ETF:2026-06-26T20:00:00+00:00:2026-06-29T08:00:00+00:00
False,True,0.0,S3,MAKER_PROMO_OFF,31,D2-0acac97ea7d9f11f,SOXLUSDT,20,US_LEVERAGED_ETF:2026-06-26T20:00:00+00:00:2026-06-29T08:00:00+00:00
False,True,0.0,S0,MAKER_PROMO_OFF,59,D2-0acac97ea7d9f11f,SOXLUSDT,20,US_LEVERAGED_ETF:2026-06-26T20:00:00+00:00:2026-06-29T08:00:00+00:00
False,True,0.0,S1,MAKER_PROMO_OFF,59,D2-0acac97ea7d9f11f,SOXLUSDT,20,US_LEVERAGED_ETF:2026-06-26T20:00:00+00:00:2026-06-29T08:00:00+00:00
False,True,0.0,S2,MAKER_PROMO_OFF,59,D2-0acac97ea7d9f11f,SOXLUSDT,20,US_LEVERAGED_ETF:2026-06-26T20:00:00+00:00:2026-06-29T08:00:00+00:00
False,True,0.0,S3,MAKER_PROMO_OFF,59,D2-0acac97ea7d9f11f,SOXLUSDT,20,US_LEVERAGED_ETF:2026-06-26T20:00:00+00:00:2026-06-29T08:00:00+00:00
False,True,0.0,S0,MAKER_PROMO_OFF,97,D2-0acac97ea7d9f11f,SOXLUSDT,20,US_LEVERAGED_ETF:2026-06-26T20:00:00+00:00:2026-06-29T08:00:00+00:00
False,True,0.0,S1,MAKER_PROMO_OFF,97,D2-0acac97ea7d9f11f,SOXLUSDT,20,US_LEVERAGED_ETF:2026-06-26T20:00:00+00:00:2026-06-29T08:00:00+00:00
False,True,0.0,S2,MAKER_PROMO_OFF,97,D2-0acac97ea7d9f11f,SOXLUSDT,20,US_LEVERAGED_ETF:2026-06-26T20:00:00+00:00:2026-06-29T08:00:00+00:00
False,True,0.0,S3,MAKER_PROMO_OFF,97,D2-0acac97ea7d9f11f,SOXLUSDT,20,US_LEVERAGED_ETF:2026-06-26T20:00:00+00:00:2026-06-29T08:00:00+00:00
False,True,0.0,S0,PRIMARY_ZERO_MAKER,3,D2-313a655ca9d40d2b,SKHYNIXUSDT,20,KR_STOCK:2026-07-03T06:30:00+00:00:2026-07-06T00:00:00+00:00
False,True,0.0,S1,PRIMARY_ZERO_MAKER,3,D2-313a655ca9d40d2b,SKHYNIXUSDT,20,KR_STOCK:2026-07-03T06:30:00+00:00:2026-07-06T00:00:00+00:00
False,True,0.0,S2,PRIMARY_ZERO_MAKER,3,D2-313a655ca9d40d2b,SKHYNIXUSDT,20,KR_STOCK:2026-07-03T06:30:00+00:00:2026-07-06T00:00:00+00:00
False,True,0.0,S3,PRIMARY_ZERO_MAKER,3,D2-313a655ca9d40d2b,SKHYNIXUSDT,20,KR_STOCK:2026-07-03T06:30:00+00:00:2026-07-06T00:00:00+00:00
False,True,0.0,S0,PRIMARY_ZERO_MAKER,10,D2-313a655ca9d40d2b,SKHYNIXUSDT,20,KR_STOCK:2026-07-03T06:30:00+00:00:2026-07-06T00:00:00+00:00
False,True,0.0,S1,PRIMARY_ZERO_MAKER,10,D2-313a655ca9d40d2b,SKHYNIXUSDT,20,KR_STOCK:2026-07-03T06:30:00+00:00:2026-07-06T00:00:00+00:00
False,True,0.0,S2,PRIMARY_ZERO_MAKER,10,D2-313a655ca9d40d2b,SKHYNIXUSDT,20,KR_STOCK:2026-07-03T06:30:00+00:00:2026-07-06T00:00:00+00:00
False,True,0.0,S3,PRIMARY_ZERO_MAKER,10,D2-313a655ca9d40d2b,SKHYNIXUSDT,20,KR_STOCK:2026-07-03T06:30:00+00:00:2026-07-06T00:00:00+00:00
False,True,0.0,S0,PRIMARY_ZERO_MAKER,17,D2-313a655ca9d40d2b,SKHYNIXUSDT,20,KR_STOCK:2026-07-03T06:30:00+00:00:2026-07-06T00:00:00+00:00
False,True,0.0,S1,PRIMARY_ZERO_MAKER,17,D2-313a655ca9d40d2b,SKHYNIXUSDT,20,KR_STOCK:2026-07-03T06:30:00+00:00:2026-07-06T00:00:00+00:00
False,True,0.0,S2,PRIMARY_ZERO_MAKER,17,D2-313a655ca9d40d2b,SKHYNIXUSDT,20,KR_STOCK:2026-07-03T06:30:00+00:00:2026-07-06T00:00:00+00:00
False,True,0.0,S3,PRIMARY_ZERO_MAKER,17,D2-313a655ca9d40d2b,SKHYNIXUSDT,20,KR_STOCK:2026-07-03T06:30:00+00:00:2026-07-06T00:00:00+00:00
False,True,0.0,S0,PRIMARY_ZERO_MAKER,31,D2-313a655ca9d40d2b,SKHYNIXUSDT,20,KR_STOCK:2026-07-03T06:30:00+00:00:2026-07-06T00:00:00+00:00
False,True,0.0,S1,PRIMARY_ZERO_MAKER,31,D2-313a655ca9d40d2b,SKHYNIXUSDT,20,KR_STOCK:2026-07-03T06:30:00+00:00:2026-07-06T00:00:00+00:00
False,True,0.0,S2,PRIMARY_ZERO_MAKER,31,D2-313a655ca9d40d2b,SKHYNIXUSDT,20,KR_STOCK:2026-07-03T06:30:00+00:00:2026-07-06T00:00:00+00:00
False,True,0.0,S3,PRIMARY_ZERO_MAKER,31,D2-313a655ca9d40d2b,SKHYNIXUSDT,20,KR_STOCK:2026-07-03T06:30:00+00:00:2026-07-06T00:00:00+00:00
False,True,0.0,S0,PRIMARY_ZERO_MAKER,59,D2-313a655ca9d40d2b,SKHYNIXUSDT,20,KR_STOCK:2026-07-03T06:30:00+00:00:2026-07-06T00:00:00+00:00
False,True,0.0,S1,PRIMARY_ZERO_MAKER,59,D2-313a655ca9d40d2b,SKHYNIXUSDT,20,KR_STOCK:2026-07-03T06:30:00+00:00:2026-07-06T00:00:00+00:00
False,True,0.0,S2,PRIMARY_ZERO_MAKER,59,D2-313a655ca9d40d2b,SKHYNIXUSDT,20,KR_STOCK:2026-07-03T06:30:00+00:00:2026-07-06T00:00:00+00:00
False,True,0.0,S3,PRIMARY_ZERO_MAKER,59,D2-313a655ca9d40d2b,SKHYNIXUSDT,20,KR_STOCK:2026-07-03T06:30:00+00:00:2026-07-06T00:00:00+00:00
False,True,0.0,S0,PRIMARY_ZERO_MAKER,97,D2-313a655ca9d40d2b,SKHYNIXUSDT,20,KR_STOCK:2026-07-03T06:30:00+00:00:2026-07-06T00:00:00+00:00
False,True,0.0,S1,PRIMARY_ZERO_MAKER,97,D2-313a655ca9d40d2b,SKHYNIXUSDT,20,KR_STOCK:2026-07-03T06:30:00+00:00:2026-07-06T00:00:00+00:00
False,True,0.0,S2,PRIMARY_ZERO_MAKER,97,D2-313a655ca9d40d2b,SKHYNIXUSDT,20,KR_STOCK:2026-07-03T06:30:00+00:00:2026-07-06T00:00:00+00:00
False,True,0.0,S3,PRIMARY_ZERO_MAKER,97,D2-313a655ca9d40d2b,SKHYNIXUSDT,20,KR_STOCK:2026-07-03T06:30:00+00:00:2026-07-06T00:00:00+00:00
False,True,0.0,S0,EXECUTION_STRESS,3,D2-313a655ca9d40d2b,SKHYNIXUSDT,20,KR_STOCK:2026-07-03T06:30:00+00:00:2026-07-06T00:00:00+00:00
False,True,0.0,S1,EXECUTION_STRESS,3,D2-313a655ca9d40d2b,SKHYNIXUSDT,20,KR_STOCK:2026-07-03T06:30:00+00:00:2026-07-06T00:00:00+00:00
False,True,0.0,S2,EXECUTION_STRESS,3,D2-313a655ca9d40d2b,SKHYNIXUSDT,20,KR_STOCK:2026-07-03T06:30:00+00:00:2026-07-06T00:00:00+00:00
False,True,0.0,S3,EXECUTION_STRESS,3,D2-313a655ca9d40d2b,SKHYNIXUSDT,20,KR_STOCK:2026-07-03T06:30:00+00:00:2026-07-06T00:00:00+00:00
False,True,0.0,S0,EXECUTION_STRESS,10,D2-313a655ca9d40d2b,SKHYNIXUSDT,20,KR_STOCK:2026-07-03T06:30:00+00:00:2026-07-06T00:00:00+00:00
False,True,0.0,S1,EXECUTION_STRESS,10,D2-313a655ca9d40d2b,SKHYNIXUSDT,20,KR_STOCK:2026-07-03T06:30:00+00:00:2026-07-06T00:00:00+00:00
False,True,0.0,S2,EXECUTION_STRESS,10,D2-313a655ca9d40d2b,SKHYNIXUSDT,20,KR_STOCK:2026-07-03T06:30:00+00:00:2026-07-06T00:00:00+00:00
False,True,0.0,S3,EXECUTION_STRESS,10,D2-313a655ca9d40d2b,SKHYNIXUSDT,20,KR_STOCK:2026-07-03T06:30:00+00:00:2026-07-06T00:00:00+00:00
False,True,0.0,S0,EXECUTION_STRESS,17,D2-313a655ca9d40d2b,SKHYNIXUSDT,20,KR_STOCK:2026-07-03T06:30:00+00:00:2026-07-06T00:00:00+00:00
False,True,0.0,S1,EXECUTION_STRESS,17,D2-313a655ca9d40d2b,SKHYNIXUSDT,20,KR_STOCK:2026-07-03T06:30:00+00:00:2026-07-06T00:00:00+00:00
False,True,0.0,S2,EXECUTION_STRESS,17,D2-313a655ca9d40d2b,SKHYNIXUSDT,20,KR_STOCK:2026-07-03T06:30:00+00:00:2026-07-06T00:00:00+00:00
False,True,0.0,S3,EXECUTION_STRESS,17,D2-313a655ca9d40d2b,SKHYNIXUSDT,20,KR_STOCK:2026-07-03T06:30:00+00:00:2026-07-06T00:00:00+00:00
False,True,0.0,S0,EXECUTION_STRESS,31,D2-313a655ca9d40d2b,SKHYNIXUSDT,20,KR_STOCK:2026-07-03T06:30:00+00:00:2026-07-06T00:00:00+00:00
False,True,0.0,S1,EXECUTION_STRESS,31,D2-313a655ca9d40d2b,SKHYNIXUSDT,20,KR_STOCK:2026-07-03T06:30:00+00:00:2026-07-06T00:00:00+00:00
False,True,0.0,S2,EXECUTION_STRESS,31,D2-313a655ca9d40d2b,SKHYNIXUSDT,20,KR_STOCK:2026-07-03T06:30:00+00:00:2026-07-06T00:00:00+00:00
False,True,0.0,S3,EXECUTION_STRESS,31,D2-313a655ca9d40d2b,SKHYNIXUSDT,20,KR_STOCK:2026-07-03T06:30:00+00:00:2026-07-06T00:00:00+00:00
False,True,0.0,S0,EXECUTION_STRESS,59,D2-313a655ca9d40d2b,SKHYNIXUSDT,20,KR_STOCK:2026-07-03T06:30:00+00:00:2026-07-06T00:00:00+00:00
False,True,0.0,S1,EXECUTION_STRESS,59,D2-313a655ca9d40d2b,SKHYNIXUSDT,20,KR_STOCK:2026-07-03T06:30:00+00:00:2026-07-06T00:00:00+00:00
False,True,0.0,S2,EXECUTION_STRESS,59,D2-313a655ca9d40d2b,SKHYNIXUSDT,20,KR_STOCK:2026-07-03T06:30:00+00:00:2026-07-06T00:00:00+00:00
False,True,0.0,S3,EXECUTION_STRESS,59,D2-313a655ca9d40d2b,SKHYNIXUSDT,20,KR_STOCK:2026-07-03T06:30:00+00:00:2026-07-06T00:00:00+00:00
False,True,0.0,S0,EXECUTION_STRESS,97,D2-313a655ca9d40d2b,SKHYNIXUSDT,20,KR_STOCK:2026-07-03T06:30:00+00:00:2026-07-06T00:00:00+00:00
False,True,0.0,S1,EXECUTION_STRESS,97,D2-313a655ca9d40d2b,SKHYNIXUSDT,20,KR_STOCK:2026-07-03T06:30:00+00:00:2026-07-06T00:00:00+00:00
False,True,0.0,S2,EXECUTION_STRESS,97,D2-313a655ca9d40d2b,SKHYNIXUSDT,20,KR_STOCK:2026-07-03T06:30:00+00:00:2026-07-06T00:00:00+00:00
False,True,0.0,S3,EXECUTION_STRESS,97,D2-313a655ca9d40d2b,SKHYNIXUSDT,20,KR_STOCK:2026-07-03T06:30:00+00:00:2026-07-06T00:00:00+00:00
False,True,0.0,S0,MAKER_PROMO_OFF,3,D2-313a655ca9d40d2b,SKHYNIXUSDT,20,KR_STOCK:2026-07-03T06:30:00+00:00:2026-07-06T00:00:00+00:00
False,True,0.0,S1,MAKER_PROMO_OFF,3,D2-313a655ca9d40d2b,SKHYNIXUSDT,20,KR_STOCK:2026-07-03T06:30:00+00:00:2026-07-06T00:00:00+00:00
False,True,0.0,S2,MAKER_PROMO_OFF,3,D2-313a655ca9d40d2b,SKHYNIXUSDT,20,KR_STOCK:2026-07-03T06:30:00+00:00:2026-07-06T00:00:00+00:00
False,True,0.0,S3,MAKER_PROMO_OFF,3,D2-313a655ca9d40d2b,SKHYNIXUSDT,20,KR_STOCK:2026-07-03T06:30:00+00:00:2026-07-06T00:00:00+00:00
False,True,0.0,S0,MAKER_PROMO_OFF,10,D2-313a655ca9d40d2b,SKHYNIXUSDT,20,KR_STOCK:2026-07-03T06:30:00+00:00:2026-07-06T00:00:00+00:00
False,True,0.0,S1,MAKER_PROMO_OFF,10,D2-313a655ca9d40d2b,SKHYNIXUSDT,20,KR_STOCK:2026-07-03T06:30:00+00:00:2026-07-06T00:00:00+00:00
False,True,0.0,S2,MAKER_PROMO_OFF,10,D2-313a655ca9d40d2b,SKHYNIXUSDT,20,KR_STOCK:2026-07-03T06:30:00+00:00:2026-07-06T00:00:00+00:00
False,True,0.0,S3,MAKER_PROMO_OFF,10,D2-313a655ca9d40d2b,SKHYNIXUSDT,20,KR_STOCK:2026-07-03T06:30:00+00:00:2026-07-06T00:00:00+00:00
False,True,0.0,S0,MAKER_PROMO_OFF,17,D2-313a655ca9d40d2b,SKHYNIXUSDT,20,KR_STOCK:2026-07-03T06:30:00+00:00:2026-07-06T00:00:00+00:00
False,True,0.0,S1,MAKER_PROMO_OFF,17,D2-313a655ca9d40d2b,SKHYNIXUSDT,20,KR_STOCK:2026-07-03T06:30:00+00:00:2026-07-06T00:00:00+00:00
False,True,0.0,S2,MAKER_PROMO_OFF,17,D2-313a655ca9d40d2b,SKHYNIXUSDT,20,KR_STOCK:2026-07-03T06:30:00+00:00:2026-07-06T00:00:00+00:00
False,True,0.0,S3,MAKER_PROMO_OFF,17,D2-313a655ca9d40d2b,SKHYNIXUSDT,20,KR_STOCK:2026-07-03T06:30:00+00:00:2026-07-06T00:00:00+00:00
False,True,0.0,S0,MAKER_PROMO_OFF,31,D2-313a655ca9d40d2b,SKHYNIXUSDT,20,KR_STOCK:2026-07-03T06:30:00+00:00:2026-07-06T00:00:00+00:00
False,True,0.0,S1,MAKER_PROMO_OFF,31,D2-313a655ca9d40d2b,SKHYNIXUSDT,20,KR_STOCK:2026-07-03T06:30:00+00:00:2026-07-06T00:00:00+00:00
False,True,0.0,S2,MAKER_PROMO_OFF,31,D2-313a655ca9d40d2b,SKHYNIXUSDT,20,KR_STOCK:2026-07-03T06:30:00+00:00:2026-07-06T00:00:00+00:00
False,True,0.0,S3,MAKER_PROMO_OFF,31,D2-313a655ca9d40d2b,SKHYNIXUSDT,20,KR_STOCK:2026-07-03T06:30:00+00:00:2026-07-06T00:00:00+00:00
False,True,0.0,S0,MAKER_PROMO_OFF,59,D2-313a655ca9d40d2b,SKHYNIXUSDT,20,KR_STOCK:2026-07-03T06:30:00+00:00:2026-07-06T00:00:00+00:00
False,True,0.0,S1,MAKER_PROMO_OFF,59,D2-313a655ca9d40d2b,SKHYNIXUSDT,20,KR_STOCK:2026-07-03T06:30:00+00:00:2026-07-06T00:00:00+00:00
False,True,0.0,S2,MAKER_PROMO_OFF,59,D2-313a655ca9d40d2b,SKHYNIXUSDT,20,KR_STOCK:2026-07-03T06:30:00+00:00:2026-07-06T00:00:00+00:00
False,True,0.0,S3,MAKER_PROMO_OFF,59,D2-313a655ca9d40d2b,SKHYNIXUSDT,20,KR_STOCK:2026-07-03T06:30:00+00:00:2026-07-06T00:00:00+00:00
False,True,0.0,S0,MAKER_PROMO_OFF,97,D2-313a655ca9d40d2b,SKHYNIXUSDT,20,KR_STOCK:2026-07-03T06:30:00+00:00:2026-07-06T00:00:00+00:00
False,True,0.0,S1,MAKER_PROMO_OFF,97,D2-313a655ca9d40d2b,SKHYNIXUSDT,20,KR_STOCK:2026-07-03T06:30:00+00:00:2026-07-06T00:00:00+00:00
False,True,0.0,S2,MAKER_PROMO_OFF,97,D2-313a655ca9d40d2b,SKHYNIXUSDT,20,KR_STOCK:2026-07-03T06:30:00+00:00:2026-07-06T00:00:00+00:00
False,True,0.0,S3,MAKER_PROMO_OFF,97,D2-313a655ca9d40d2b,SKHYNIXUSDT,20,KR_STOCK:2026-07-03T06:30:00+00:00:2026-07-06T00:00:00+00:00
