timestamp,event_relative_minute,event_id,symbol,window_key,canonical_path,path_state_source,price,net_inventory,gross_inventory,gross_inventory_notional,inventory_utilization,inventory_age,unrealized_inventory_pnl,paired_grid_pnl,fills,fill_rate,one_sided_fill_ratio,reversal_ratio,ATR_pct,realized_vol,price_slope,grid_headroom_remaining,minutes_to_force_close
2026-06-05T23:00:59.999000+00:00,-48.0,D2-cb237b14dd2e1af4,SNDKUSDT,US_STOCK:2026-06-05T20:00:00+00:00:2026-06-08T08:00:00+00:00,31111-NEUTRAL CONTROL,FILL_LEVEL_CONTROL_REPLAY,1556.67,0.15000000000000002,0.15000000000000002,233.50050000000005,0.4670010000000001,0.0,1.6739000000000264,0.0,1,0.2,1.0,0.0,0.0005010695908573896,0.0,0.0,10.000000000000053,3299.0000166666664
2026-06-05T23:01:59.999000+00:00,-47.0,D2-cb237b14dd2e1af4,SNDKUSDT,US_STOCK:2026-06-05T20:00:00+00:00:2026-06-08T08:00:00+00:00,31111-NEUTRAL CONTROL,FILL_LEVEL_CONTROL_REPLAY,1555.09,0.15000000000000002,0.15000000000000002,233.26350000000002,0.466527,1.0,1.436900000000003,0.0,0,0.2,1.0,0.0,0.0009420676616786927,0.0,-1.5800000000001546,8.985012880058026,3298.0000166666664
2026-06-05T23:02:59.999000+00:00,-46.0,D2-cb237b14dd2e1af4,SNDKUSDT,US_STOCK:2026-06-05T20:00:00+00:00:2026-06-08T08:00:00+00:00,31111-NEUTRAL CONTROL,FILL_LEVEL_CONTROL_REPLAY,1553.05,0.15000000000000002,0.15000000000000002,232.95750000000004,0.4659150000000001,2.0,1.1309000000000085,0.0,0,0.2,1.0,0.0,0.0010774497494177595,0.0001484170304127952,-1.8100000000000591,7.674523180892523,3297.0000166666664
2026-06-05T23:03:59.999000+00:00,-45.0,D2-cb237b14dd2e1af4,SNDKUSDT,US_STOCK:2026-06-05T20:00:00+00:00:2026-06-08T08:00:00+00:00,31111-NEUTRAL CONTROL,FILL_LEVEL_CONTROL_REPLAY,1553.96,0.15000000000000002,0.15000000000000002,233.09400000000005,0.4661880000000001,3.0,1.2674000000000207,0.0,0,0.2,1.0,0.5,0.0010505418414888004,0.0008335067891853198,-1.0170000000000072,8.259104370226218,3296.0000166666664
2026-06-05T23:04:59.999000+00:00,-44.0,D2-cb237b14dd2e1af4,SNDKUSDT,US_STOCK:2026-06-05T20:00:00+00:00:2026-06-08T08:00:00+00:00,31111-NEUTRAL CONTROL,FILL_LEVEL_CONTROL_REPLAY,1555.03,0.15000000000000002,0.15000000000000002,233.25450000000004,0.46650900000000006,4.0,1.4279000000000113,0.0,0,0.2,1.0,0.3333333333333333,0.0009864761451547069,0.0009071506156318977,-0.44100000000000816,8.946469065376723,3295.0000166666664
2026-06-05T23:05:59.999000+00:00,-43.0,D2-cb237b14dd2e1af4,SNDKUSDT,US_STOCK:2026-06-05T20:00:00+00:00:2026-06-08T08:00:00+00:00,31111-NEUTRAL CONTROL,FILL_LEVEL_CONTROL_REPLAY,1555.7,0.15000000000000002,0.15000000000000002,233.35500000000005,0.46671000000000007,5.0,1.5284000000000222,0.0,0,0.2,1.0,0.25,0.0009256283345117573,0.0008575460021936983,-0.1177142857142826,9.376874995985055,3294.0000166666664
2026-06-05T23:06:59.999000+00:00,-42.0,D2-cb237b14dd2e1af4,SNDKUSDT,US_STOCK:2026-06-05T20:00:00+00:00:2026-06-08T08:00:00+00:00,31111-NEUTRAL CONTROL,FILL_LEVEL_CONTROL_REPLAY,1555.2,0.15000000000000002,0.15000000000000002,233.28000000000003,0.4665600000000001,6.0,1.4534000000000222,0.0,0,0.0,1.0,0.4,0.0009130658436213833,0.0007862678558169799,-0.04321428571427889,9.05567654030723,3293.0000166666664
2026-06-05T23:07:59.999000+00:00,-41.0,D2-cb237b14dd2e1af4,SNDKUSDT,US_STOCK:2026-06-05T20:00:00+00:00:2026-06-08T08:00:00+00:00,31111-NEUTRAL CONTROL,FILL_LEVEL_CONTROL_REPLAY,1555.14,0.15000000000000002,0.15000000000000002,233.27100000000004,0.46654200000000007,7.0,1.4444000000000303,0.0,0,0.0,1.0,0.3333333333333333,0.0008560322543307888,0.0007291238579270597,-0.013571428571416229,9.017132725625926,3292.0000166666664
2026-06-05T23:08:59.999000+00:00,-40.0,D2-cb237b14dd2e1af4,SNDKUSDT,US_STOCK:2026-06-05T20:00:00+00:00:2026-06-08T08:00:00+00:00,31111-NEUTRAL CONTROL,FILL_LEVEL_CONTROL_REPLAY,1555.23,0.15000000000000002,0.15000000000000002,233.28450000000004,0.46656900000000007,8.0,1.457900000000018,0.0,0,0.0,1.0,0.42857142857142855,0.0008308881787402564,0.0006851715902090718,0.0071666666666753065,9.074948447647882,3291.0000166666664
2026-06-05T23:09:59.999000+00:00,-39.0,D2-cb237b14dd2e1af4,SNDKUSDT,US_STOCK:2026-06-05T20:00:00+00:00:2026-06-08T08:00:00+00:00,31111-NEUTRAL CONTROL,FILL_LEVEL_CONTROL_REPLAY,1554.81,0.15000000000000002,0.15000000000000002,233.22150000000002,0.46644300000000005,9.0,1.3949000000000071,0.0,0,0.0,1.0,0.5,0.0007801596336529789,0.0006478108375566459,-0.005575757575755261,8.805141744878462,3290.0000166666664
2026-06-05T23:10:59.999000+00:00,-38.0,D2-cb237b14dd2e1af4,SNDKUSDT,US_STOCK:2026-06-05T20:00:00+00:00:2026-06-08T08:00:00+00:00,31111-NEUTRAL CONTROL,FILL_LEVEL_CONTROL_REPLAY,1555.42,0.15000000000000002,0.15000000000000002,233.31300000000005,0.4666260000000001,10.0,1.4864000000000261,0.0,0,0.0,1.0,0.5555555555555556,0.0007504550071830887,0.0006344248232821213,0.015454545454550002,9.19700386080549,3289.0000166666664
2026-06-05T23:11:59.999000+00:00,-37.0,D2-cb237b14dd2e1af4,SNDKUSDT,US_STOCK:2026-06-05T20:00:00+00:00:2026-06-08T08:00:00+00:00,31111-NEUTRAL CONTROL,FILL_LEVEL_CONTROL_REPLAY,1555.21,0.15000000000000002,0.15000000000000002,233.28150000000005,0.4665630000000001,11.0,1.4549000000000207,0.0,0,0.0,0.0,0.6,0.0007415933110855295,0.0006051060778706821,0.018916083916088178,9.06210050942078,3288.0000166666664
2026-06-05T23:12:59.999000+00:00,-36.0,D2-cb237b14dd2e1af4,SNDKUSDT,US_STOCK:2026-06-05T20:00:00+00:00:2026-06-08T08:00:00+00:00,31111-NEUTRAL CONTROL,FILL_LEVEL_CONTROL_REPLAY,1554.25,0.15000000000000002,0.15000000000000002,233.13750000000005,0.4662750000000001,12.0,1.3109000000000153,0.0,0,0.0,0.0,0.5454545454545454,0.0008002870541072281,0.0005977237969609428,-0.011263736263733516,8.445399474519332,3287.0000166666664
2026-06-05T23:13:59.999000+00:00,-35.0,D2-cb237b14dd2e1af4,SNDKUSDT,US_STOCK:2026-06-05T20:00:00+00:00:2026-06-08T08:00:00+00:00,31111-NEUTRAL CONTROL,FILL_LEVEL_CONTROL_REPLAY,1554.34,0.15000000000000002,0.15000000000000002,233.151,0.466302,13.0,1.324400000000003,0.0,0,0.0,0.0,0.5833333333333334,0.0007734104875013523,0.0005764407776722172,-0.027340659340659962,8.503215196541289,3286.0000166666664
2026-06-05T23:14:59.999000+00:00,-34.0,D2-cb237b14dd2e1af4,SNDKUSDT,US_STOCK:2026-06-05T20:00:00+00:00:2026-06-08T08:00:00+00:00,31111-NEUTRAL CONTROL,FILL_LEVEL_CONTROL_REPLAY,1553.59,0.15000000000000002,0.15000000000000002,233.03850000000003,0.4660770000000001,14.0,1.211900000000003,0.0,0,0.0,0.0,0.6153846153846154,0.0008105650231307631,0.0005634764520115641,-0.05585714285714565,8.02141751302455,3285.0000166666664
2026-06-05T23:15:59.999000+00:00,-33.0,D2-cb237b14dd2e1af4,SNDKUSDT,US_STOCK:2026-06-05T20:00:00+00:00:2026-06-08T08:00:00+00:00,31111-NEUTRAL CONTROL,FILL_LEVEL_CONTROL_REPLAY,1554.72,0.15000000000000002,0.15000000000000002,233.20800000000003,0.46641600000000005,15.0,1.3814000000000195,0.0,0,0.0,0.0,0.6428571428571429,0.0007433584733677489,0.000585908013651817,-0.04877941176470766,8.747326022856505,3284.0000166666664
2026-06-05T23:16:59.999000+00:00,-32.0,D2-cb237b14dd2e1af4,SNDKUSDT,US_STOCK:2026-06-05T20:00:00+00:00:2026-06-08T08:00:00+00:00,31111-NEUTRAL CONTROL,FILL_LEVEL_CONTROL_REPLAY,1554.42,0.15000000000000002,0.15000000000000002,233.16300000000004,0.4663260000000001,16.0,1.3364000000000262,0.0,0,0.0,0.0,0.6666666666666666,0.0007467185739467466,0.0005679226761916778,-0.04884803921568643,8.55460694944984,3283.0000166666664
2026-06-05T23:17:59.999000+00:00,-31.0,D2-cb237b14dd2e1af4,SNDKUSDT,US_STOCK:2026-06-05T20:00:00+00:00:2026-06-08T08:00:00+00:00,31111-NEUTRAL CONTROL,FILL_LEVEL_CONTROL_REPLAY,1554.13,0.15000000000000002,0.15000000000000002,233.11950000000004,0.46623900000000007,17.0,1.2929000000000317,0.0,0,0.0,0.0,0.625,0.0007321505555244178,0.0005514319256579678,-0.0531269349845185,8.368311845156725,3282.0000166666664
2026-06-05T23:18:59.999000+00:00,-30.0,D2-cb237b14dd2e1af4,SNDKUSDT,US_STOCK:2026-06-05T20:00:00+00:00:2026-06-08T08:00:00+00:00,31111-NEUTRAL CONTROL,FILL_LEVEL_CONTROL_REPLAY,1551.82,0.15000000000000002,0.15000000000000002,232.77300000000002,0.46554600000000007,18.0,0.9464000000000057,0.0,0,0.0,0.0,0.5882352941176471,0.000801823481000214,0.0006233991831153183,-0.09182456140350863,6.884374979925062,3281.0000166666664
2026-06-05T23:19:59.999000+00:00,-29.0,D2-cb237b14dd2e1af4,SNDKUSDT,US_STOCK:2026-06-05T20:00:00+00:00:2026-06-08T08:00:00+00:00,31111-NEUTRAL CONTROL,FILL_LEVEL_CONTROL_REPLAY,1551.97,0.15000000000000002,0.15000000000000002,232.79550000000003,0.4655910000000001,19.0,0.9689000000000193,0.0,0,0.0,0.0,0.6111111111111112,0.0008348835903492499,0.0006097559753811836,-0.11656390977443573,6.980734516628468,3280.0000166666664
2026-06-05T23:20:59.999000+00:00,-28.0,D2-cb237b14dd2e1af4,SNDKUSDT,US_STOCK:2026-06-05T20:00:00+00:00:2026-06-08T08:00:00+00:00,31111-NEUTRAL CONTROL,FILL_LEVEL_CONTROL_REPLAY,1550.62,0.15000000000000002,0.15000000000000002,232.59300000000002,0.46518600000000004,20.0,0.7663999999999989,0.0,0,0.0,0.0,0.631578947368421,0.0008632491703779531,0.0006141811764005183,-0.15089610389610514,6.113498686298253,3279.0000166666664
2026-06-05T23:21:59.999000+00:00,-27.0,D2-cb237b14dd2e1af4,SNDKUSDT,US_STOCK:2026-06-05T20:00:00+00:00:2026-06-08T08:00:00+00:00,31111-NEUTRAL CONTROL,FILL_LEVEL_CONTROL_REPLAY,1552.36,0.15000000000000002,0.15000000000000002,232.854,0.465708,21.0,1.0274000000000003,0.0,0,0.0,0.0,0.6842105263157895,0.0009303806554444516,0.0006471595515745648,-0.142324675324677,7.23126931205709,3278.0000166666664
2026-06-05T23:22:59.999000+00:00,-26.0,D2-cb237b14dd2e1af4,SNDKUSDT,US_STOCK:2026-06-05T20:00:00+00:00:2026-06-08T08:00:00+00:00,31111-NEUTRAL CONTROL,FILL_LEVEL_CONTROL_REPLAY,1551.74,0.15000000000000002,0.15000000000000002,232.76100000000002,0.46552200000000005,22.0,0.9344000000000166,0.0,0,0.0,0.0,0.6842105263157895,0.0009422602092766131,0.0005887806547166557,-0.15877922077922343,6.832983227016657,3277.0000166666664
2026-06-05T23:23:59.999000+00:00,-25.0,D2-cb237b14dd2e1af4,SNDKUSDT,US_STOCK:2026-06-05T20:00:00+00:00:2026-06-08T08:00:00+00:00,31111-NEUTRAL CONTROL,FILL_LEVEL_CONTROL_REPLAY,1550.86,0.15000000000000002,0.15000000000000002,232.62900000000002,0.46525800000000006,23.0,0.8024000000000002,0.0,0,0.0,0.0,0.6842105263157895,0.0009607572572637385,0.0005808681568828977,-0.21145454545455009,6.267673945023614,3276.0000166666664
2026-06-05T23:24:59.999000+00:00,-24.0,D2-cb237b14dd2e1af4,SNDKUSDT,US_STOCK:2026-06-05T20:00:00+00:00:2026-06-08T08:00:00+00:00,31111-NEUTRAL CONTROL,FILL_LEVEL_CONTROL_REPLAY,1546.21,0.15000000000000002,0.15000000000000002,231.93150000000003,0.4638630000000001,24.0,0.10490000000002057,0.0,0,0.0,0.0,0.6842105263157895,0.0011567454799616213,0.0008321490809510241,-0.3086753246753283,3.2805283072199285,3275.0000166666664
2026-06-05T23:25:59.999000+00:00,-23.0,D2-cb237b14dd2e1af4,SNDKUSDT,US_STOCK:2026-06-05T20:00:00+00:00:2026-06-08T08:00:00+00:00,31111-NEUTRAL CONTROL,FILL_LEVEL_CONTROL_REPLAY,1541.06,0.15000000000000002,0.15000000000000002,231.15900000000002,0.46231800000000006,25.0,-0.6675999999999932,0.0,0,0.0,0.0,0.631578947368421,0.0013719684595575384,0.001046741429748907,-0.4474285714285761,0.0,3274.0000166666664
2026-06-05T23:26:59.999000+00:00,-22.0,D2-cb237b14dd2e1af4,SNDKUSDT,US_STOCK:2026-06-05T20:00:00+00:00:2026-06-08T08:00:00+00:00,31111-NEUTRAL CONTROL,FILL_LEVEL_CONTROL_REPLAY,1541.2,0.15000000000000002,0.15000000000000002,231.18000000000004,0.46236000000000005,26.0,-0.6465999999999782,0.0,0,0.0,0.0,0.6842105263157895,0.0013120573949798012,0.0010535428133389613,-0.5566493506493541,0.0621197813281269,3273.0000166666664
2026-06-05T23:27:59.999000+00:00,-21.0,D2-cb237b14dd2e1af4,SNDKUSDT,US_STOCK:2026-06-05T20:00:00+00:00:2026-06-08T08:00:00+00:00,31111-NEUTRAL CONTROL,FILL_LEVEL_CONTROL_REPLAY,1539.25,0.15000000000000002,0.15000000000000002,230.88750000000005,0.4617750000000001,27.0,-0.9390999999999851,0.0,0,0.0,0.0,0.6842105263157895,0.001412561776375335,0.001063379941104093,-0.6795064935064962,0.0,3272.0000166666664
2026-06-05T23:28:59.999000+00:00,-20.0,D2-cb237b14dd2e1af4,SNDKUSDT,US_STOCK:2026-06-05T20:00:00+00:00:2026-06-08T08:00:00+00:00,31111-NEUTRAL CONTROL,FILL_LEVEL_CONTROL_REPLAY,1541.76,0.15000000000000002,0.15000000000000002,231.26400000000004,0.46252800000000005,28.0,-0.5625999999999863,0.0,0,0.0,0.0,0.6842105263157895,0.0014806825594496846,0.0011567341499026816,-0.7499090909090922,0.42186205168725593,3271.0000166666664
2026-06-05T23:29:59.999000+00:00,-19.0,D2-cb237b14dd2e1af4,SNDKUSDT,US_STOCK:2026-06-05T20:00:00+00:00:2026-06-08T08:00:00+00:00,31111-NEUTRAL CONTROL,FILL_LEVEL_CONTROL_REPLAY,1540.04,0.15000000000000002,0.15000000000000002,231.00600000000003,0.46201200000000003,29.0,-0.8205999999999904,0.0,0,0.0,0.0,0.6842105263157895,0.0015621115592544831,0.0011653828369145708,-0.8239870129870142,0.0,3270.0000166666664
2026-06-05T23:30:59.999000+00:00,-18.0,D2-cb237b14dd2e1af4,SNDKUSDT,US_STOCK:2026-06-05T20:00:00+00:00:2026-06-08T08:00:00+00:00,31111-NEUTRAL CONTROL,FILL_LEVEL_CONTROL_REPLAY,1538.41,0.15000000000000002,0.15000000000000002,230.76150000000004,0.46152300000000007,30.0,-1.0650999999999728,0.0,0,0.0,0.0,0.631578947368421,0.00157165979346023,0.0011541446875842035,-0.9055064935064941,0.0,3269.0000166666664
2026-06-05T23:31:59.999000+00:00,-17.0,D2-cb237b14dd2e1af4,SNDKUSDT,US_STOCK:2026-06-05T20:00:00+00:00:2026-06-08T08:00:00+00:00,31111-NEUTRAL CONTROL,FILL_LEVEL_CONTROL_REPLAY,1537.99,0.15000000000000002,0.15000000000000002,230.69850000000002,0.46139700000000006,31.0,-1.1280999999999837,0.0,0,0.0,0.0,0.631578947368421,0.0015836996896691755,0.0011520597646630802,-0.9624675324675318,0.0,3268.0000166666664
2026-06-05T23:32:59.999000+00:00,-16.0,D2-cb237b14dd2e1af4,SNDKUSDT,US_STOCK:2026-06-05T20:00:00+00:00:2026-06-08T08:00:00+00:00,31111-NEUTRAL CONTROL,FILL_LEVEL_CONTROL_REPLAY,1536.99,0.15000000000000002,0.15000000000000002,230.54850000000005,0.4610970000000001,32.0,-1.2780999999999838,0.0,0,0.0,0.0,0.5789473684210527,0.00155638153608212,0.001152169806357918,-1.0127792207792192,0.0,3267.0000166666664
2026-06-05T23:33:59.999000+00:00,-15.0,D2-cb237b14dd2e1af4,SNDKUSDT,US_STOCK:2026-06-05T20:00:00+00:00:2026-06-08T08:00:00+00:00,31111-NEUTRAL CONTROL,FILL_LEVEL_CONTROL_REPLAY,1534.33,0.15000000000000002,0.15000000000000002,230.14950000000002,0.460299,33.0,-1.677099999999996,0.0,0,0.0,0.0,0.5263157894736842,0.0016163406829039397,0.001170200685095262,-1.0876883116883107,0.0,3266.0000166666664
2026-06-05T23:34:59.999000+00:00,-14.0,D2-cb237b14dd2e1af4,SNDKUSDT,US_STOCK:2026-06-05T20:00:00+00:00:2026-06-08T08:00:00+00:00,31111-NEUTRAL CONTROL,FILL_LEVEL_CONTROL_REPLAY,1529.49,0.15000000000000002,0.15000000000000002,229.42350000000005,0.4588470000000001,34.0,-2.403099999999984,0.0,0,0.0,0.0,0.47368421052631576,0.0017867767313661039,0.0012901738158314837,-1.198298701298701,0.0,3265.0000166666664
2026-06-05T23:35:59.999000+00:00,-13.0,D2-cb237b14dd2e1af4,SNDKUSDT,US_STOCK:2026-06-05T20:00:00+00:00:2026-06-08T08:00:00+00:00,31111-NEUTRAL CONTROL,FILL_LEVEL_CONTROL_REPLAY,1529.93,0.15000000000000002,0.15000000000000002,229.48950000000005,0.4589790000000001,35.0,-2.3370999999999755,0.0,0,0.0,0.0,0.47368421052631576,0.0017843953644938015,0.001267845562472008,-1.2816363636363635,0.0,3264.0000166666664
2026-06-05T23:36:59.999000+00:00,-12.0,D2-cb237b14dd2e1af4,SNDKUSDT,US_STOCK:2026-06-05T20:00:00+00:00:2026-06-08T08:00:00+00:00,31111-NEUTRAL CONTROL,FILL_LEVEL_CONTROL_REPLAY,1526.25,0.15000000000000002,0.15000000000000002,228.93750000000003,0.45787500000000003,36.0,-2.8890999999999853,0.0,0,0.0,0.0,0.5263157894736842,0.0019169299169299187,0.0013057806947033594,-1.3658961038961033,0.0,3263.0000166666664
2026-06-05T23:37:59.999000+00:00,-11.0,D2-cb237b14dd2e1af4,SNDKUSDT,US_STOCK:2026-06-05T20:00:00+00:00:2026-06-08T08:00:00+00:00,31111-NEUTRAL CONTROL,FILL_LEVEL_CONTROL_REPLAY,1524.64,0.15000000000000002,0.15000000000000002,228.69600000000005,0.45739200000000013,37.0,-3.1305999999999705,0.0,0,0.0,0.0,0.5263157894736842,0.0020627820337915824,0.0012952933806523387,-1.4383766233766204,0.0,3262.0000166666664
2026-06-05T23:38:59.999000+00:00,-10.0,D2-cb237b14dd2e1af4,SNDKUSDT,US_STOCK:2026-06-05T20:00:00+00:00:2026-06-08T08:00:00+00:00,31111-NEUTRAL CONTROL,FILL_LEVEL_CONTROL_REPLAY,1526.4,0.15000000000000002,0.15000000000000002,228.96000000000004,0.45792000000000005,38.0,-2.8665999999999716,0.0,0,0.0,0.0,0.5263157894736842,0.001951838125187194,0.0013671590018545523,-1.4534675324675266,0.0,3261.0000166666664
2026-06-05T23:39:59.999000+00:00,-9.0,D2-cb237b14dd2e1af4,SNDKUSDT,US_STOCK:2026-06-05T20:00:00+00:00:2026-06-08T08:00:00+00:00,31111-NEUTRAL CONTROL,FILL_LEVEL_CONTROL_REPLAY,1529.83,0.15000000000000002,0.15000000000000002,229.47450000000003,0.45894900000000005,39.0,-2.352099999999996,0.0,0,0.0,0.0,0.47368421052631576,0.001883029020031178,0.0015122456555399033,-1.420999999999996,0.0,3260.0000166666664
2026-06-05T23:40:59.999000+00:00,-8.0,D2-cb237b14dd2e1af4,SNDKUSDT,US_STOCK:2026-06-05T20:00:00+00:00:2026-06-08T08:00:00+00:00,31111-NEUTRAL CONTROL,FILL_LEVEL_CONTROL_REPLAY,1530.43,0.15000000000000002,0.15000000000000002,229.56450000000004,0.45912900000000006,40.0,-2.262099999999976,0.0,0,0.0,0.0,0.42105263157894735,0.001922428897200696,0.0015307695987104891,-1.3500389610389556,0.0,3259.0000166666664
2026-06-05T23:41:59.999000+00:00,-7.0,D2-cb237b14dd2e1af4,SNDKUSDT,US_STOCK:2026-06-05T20:00:00+00:00:2026-06-08T08:00:00+00:00,31111-NEUTRAL CONTROL,FILL_LEVEL_CONTROL_REPLAY,1530.59,0.15000000000000002,0.15000000000000002,229.5885,0.459177,41.0,-2.2380999999999975,0.0,0,0.0,0.0,0.3684210526315789,0.0019133611408485803,0.0014871827560665803,-1.2683116883116856,0.0,3258.0000166666664
2026-06-05T23:42:59.999000+00:00,-6.0,D2-cb237b14dd2e1af4,SNDKUSDT,US_STOCK:2026-06-05T20:00:00+00:00:2026-06-08T08:00:00+00:00,31111-NEUTRAL CONTROL,FILL_LEVEL_CONTROL_REPLAY,1529.13,0.15000000000000002,0.15000000000000002,229.36950000000004,0.45873900000000006,42.0,-2.457099999999969,0.0,0,0.0,0.0,0.42105263157894735,0.0018787527174649276,0.001486399134590664,-1.1546753246753219,0.0,3257.0000166666664
2026-06-05T23:43:59.999000+00:00,-5.0,D2-cb237b14dd2e1af4,SNDKUSDT,US_STOCK:2026-06-05T20:00:00+00:00:2026-06-08T08:00:00+00:00,31111-NEUTRAL CONTROL,FILL_LEVEL_CONTROL_REPLAY,1528.67,0.15000000000000002,0.15000000000000002,229.30050000000006,0.4586010000000001,43.0,-2.5260999999999743,0.0,0,0.0,0.0,0.42105263157894735,0.0018017529710700978,0.0014890114577911806,-1.025701298701295,0.0,3256.0000166666664
2026-06-05T23:44:59.999000+00:00,-4.0,D2-cb237b14dd2e1af4,SNDKUSDT,US_STOCK:2026-06-05T20:00:00+00:00:2026-06-08T08:00:00+00:00,31111-NEUTRAL CONTROL,FILL_LEVEL_CONTROL_REPLAY,1525.45,0.15000000000000002,0.15000000000000002,228.81750000000005,0.4576350000000001,44.0,-3.0090999999999783,0.0,0,0.0,0.0,0.42105263157894735,0.001867832911131604,0.001432362002358651,-0.9211558441558417,0.0,3255.0000166666664
2026-06-05T23:45:59.999000+00:00,-3.0,D2-cb237b14dd2e1af4,SNDKUSDT,US_STOCK:2026-06-05T20:00:00+00:00:2026-06-08T08:00:00+00:00,31111-NEUTRAL CONTROL,FILL_LEVEL_CONTROL_REPLAY,1522.6,0.15000000000000002,0.15000000000000002,228.39000000000001,0.45678,45.0,-3.436599999999999,0.0,0,0.0,0.0,0.3684210526315789,0.0019754742827118982,0.0013284622902177809,-0.8870519480519469,0.0,3254.0000166666664
2026-06-05T23:46:59.999000+00:00,-2.0,D2-cb237b14dd2e1af4,SNDKUSDT,US_STOCK:2026-06-05T20:00:00+00:00:2026-06-08T08:00:00+00:00,31111-NEUTRAL CONTROL,FILL_LEVEL_CONTROL_REPLAY,1522.08,0.15000000000000002,0.15000000000000002,228.312,0.45662400000000003,46.0,-3.514599999999996,0.0,0,0.0,0.0,0.3157894736842105,0.001997266897929147,0.001320514060467852,-0.9026103896103905,0.0,3253.0000166666664
2026-06-05T23:47:59.999000+00:00,-1.0,D2-cb237b14dd2e1af4,SNDKUSDT,US_STOCK:2026-06-05T20:00:00+00:00:2026-06-08T08:00:00+00:00,31111-NEUTRAL CONTROL,FILL_LEVEL_CONTROL_REPLAY,1526.32,0.15000000000000002,0.15000000000000002,228.94800000000004,0.4578960000000001,47.0,-2.8785999999999947,0.0,0,0.0,0.0,0.3157894736842105,0.0020885902974848774,0.0015043607863366338,-0.8364545454545469,0.0,3252.0000166666664
2026-06-05T23:48:59.999000+00:00,0.0,D2-cb237b14dd2e1af4,SNDKUSDT,US_STOCK:2026-06-05T20:00:00+00:00:2026-06-08T08:00:00+00:00,31111-NEUTRAL CONTROL,FILL_LEVEL_CONTROL_REPLAY,1527.71,0.15000000000000002,0.15000000000000002,229.15650000000005,0.4583130000000001,48.0,-2.6700999999999797,0.0,0,0.0,0.0,0.2631578947368421,0.001925384118339569,0.0014628875962143485,-0.7607792207792219,0.0,3251.0000166666664
2026-06-05T23:49:59.999000+00:00,1.0,D2-cb237b14dd2e1af4,SNDKUSDT,US_STOCK:2026-06-05T20:00:00+00:00:2026-06-08T08:00:00+00:00,31111-NEUTRAL CONTROL,FILL_LEVEL_CONTROL_REPLAY,1528.43,0.15000000000000002,0.15000000000000002,229.26450000000006,0.45852900000000013,49.0,-2.5620999999999756,0.0,0,0.0,0.0,0.2631578947368421,0.001879145827511124,0.00146801675897902,-0.6249090909090916,0.0,3250.0000166666664
2026-06-05T23:50:59.999000+00:00,2.0,D2-cb237b14dd2e1af4,SNDKUSDT,US_STOCK:2026-06-05T20:00:00+00:00:2026-06-08T08:00:00+00:00,31111-NEUTRAL CONTROL,FILL_LEVEL_CONTROL_REPLAY,1531.6,0.15000000000000002,0.15000000000000002,229.74,0.45948,50.0,-2.086599999999999,0.0,0,0.0,0.0,0.2631578947368421,0.0018370145133007228,0.0015516991848662722,-0.4551298701298728,0.0,3249.0000166666664
2026-06-05T23:51:59.999000+00:00,3.0,D2-cb237b14dd2e1af4,SNDKUSDT,US_STOCK:2026-06-05T20:00:00+00:00:2026-06-08T08:00:00+00:00,31111-NEUTRAL CONTROL,FILL_LEVEL_CONTROL_REPLAY,1529.75,0.15000000000000002,0.15000000000000002,229.46250000000003,0.4589250000000001,51.0,-2.3640999999999854,0.0,0,0.0,0.0,0.3157894736842105,0.0017612588424812338,0.001566583954605518,-0.32170129870130054,0.0,3248.0000166666664
2026-06-05T23:52:59.999000+00:00,4.0,D2-cb237b14dd2e1af4,SNDKUSDT,US_STOCK:2026-06-05T20:00:00+00:00:2026-06-08T08:00:00+00:00,31111-NEUTRAL CONTROL,FILL_LEVEL_CONTROL_REPLAY,1528.47,0.15000000000000002,0.15000000000000002,229.27050000000003,0.45854100000000003,52.0,-2.556099999999981,0.0,0,0.0,0.0,0.3157894736842105,0.0017655377132500983,0.0015693884023618746,-0.19964935064935216,0.0,3247.0000166666664
2026-06-05T23:53:59.999000+00:00,5.0,D2-cb237b14dd2e1af4,SNDKUSDT,US_STOCK:2026-06-05T20:00:00+00:00:2026-06-08T08:00:00+00:00,31111-NEUTRAL CONTROL,FILL_LEVEL_CONTROL_REPLAY,1529.1,0.15000000000000002,0.15000000000000002,229.365,0.45873,53.0,-2.461599999999999,0.0,0,0.0,0.0,0.3684210526315789,0.0016251389706362887,0.0015393250450904195,-0.07133766233766507,0.0,3246.0000166666664
2026-06-05T23:54:59.999000+00:00,6.0,D2-cb237b14dd2e1af4,SNDKUSDT,US_STOCK:2026-06-05T20:00:00+00:00:2026-06-08T08:00:00+00:00,31111-NEUTRAL CONTROL,FILL_LEVEL_CONTROL_REPLAY,1529.4,0.15000000000000002,0.15000000000000002,229.41000000000005,0.4588200000000001,54.0,-2.4165999999999714,0.0,0,0.0,0.0,0.3157894736842105,0.00160847391133775,0.001379364442517504,0.033116883116880456,0.0,3245.0000166666664
2026-06-05T23:55:59.999000+00:00,7.0,D2-cb237b14dd2e1af4,SNDKUSDT,US_STOCK:2026-06-05T20:00:00+00:00:2026-06-08T08:00:00+00:00,31111-NEUTRAL CONTROL,FILL_LEVEL_CONTROL_REPLAY,1532.47,0.15000000000000002,0.15000000000000002,229.87050000000005,0.4597410000000001,55.0,-1.956099999999981,0.0,0,0.0,0.0,0.2631578947368421,0.001657921059279626,0.0014466945419952498,0.11470129870129625,0.0,3244.0000166666664
2026-06-05T23:56:59.999000+00:00,8.0,D2-cb237b14dd2e1af4,SNDKUSDT,US_STOCK:2026-06-05T20:00:00+00:00:2026-06-08T08:00:00+00:00,31111-NEUTRAL CONTROL,FILL_LEVEL_CONTROL_REPLAY,1533.29,0.15000000000000002,0.15000000000000002,229.99350000000004,0.4599870000000001,56.0,-1.8330999999999906,0.0,0,0.0,0.0,0.2631578947368421,0.0016584319618970346,0.0013310319016013841,0.20935064935064704,0.0,3243.0000166666664
2026-06-05T23:57:59.999000+00:00,9.0,D2-cb237b14dd2e1af4,SNDKUSDT,US_STOCK:2026-06-05T20:00:00+00:00:2026-06-08T08:00:00+00:00,31111-NEUTRAL CONTROL,FILL_LEVEL_CONTROL_REPLAY,1531.15,0.15000000000000002,0.15000000000000002,229.67250000000004,0.45934500000000006,57.0,-2.1540999999999717,0.0,0,0.0,0.0,0.2631578947368421,0.00174098833276572,0.0013494401636047733,0.21927272727272598,0.0,3242.0000166666664
2026-06-05T23:58:59.999000+00:00,10.0,D2-cb237b14dd2e1af4,SNDKUSDT,US_STOCK:2026-06-05T20:00:00+00:00:2026-06-08T08:00:00+00:00,31111-NEUTRAL CONTROL,FILL_LEVEL_CONTROL_REPLAY,1530.36,0.15000000000000002,0.15000000000000002,229.55400000000003,0.45910800000000007,58.0,-2.2726,0.0,0,0.0,0.0,0.2631578947368421,0.0017096817555532888,0.0013403117782763722,0.18957142857142714,0.0,3241.0000166666664
2026-06-05T23:59:59.999000+00:00,11.0,D2-cb237b14dd2e1af4,SNDKUSDT,US_STOCK:2026-06-05T20:00:00+00:00:2026-06-08T08:00:00+00:00,31111-NEUTRAL CONTROL,FILL_LEVEL_CONTROL_REPLAY,1532.79,0.15000000000000002,0.15000000000000002,229.91850000000002,0.45983700000000005,59.0,-1.9080999999999906,0.0,0,0.0,0.0,0.3157894736842105,0.0017437856085028606,0.001295198000250997,0.2091428571428565,0.0,3240.0000166666664
2026-06-06T00:00:59.999000+00:00,12.0,D2-cb237b14dd2e1af4,SNDKUSDT,US_STOCK:2026-06-05T20:00:00+00:00:2026-06-08T08:00:00+00:00,31111-NEUTRAL CONTROL,FILL_LEVEL_CONTROL_REPLAY,1535.25,0.15000000000000002,0.15000000000000002,230.28750000000002,0.46057500000000007,60.0,-1.539099999999985,0.0,0,0.0,0.0,0.3157894736842105,0.0018382301626072677,0.001335340737201178,0.30136363636363483,0.0,3239.0000166666664
2026-06-06T00:01:59.999000+00:00,13.0,D2-cb237b14dd2e1af4,SNDKUSDT,US_STOCK:2026-06-05T20:00:00+00:00:2026-06-08T08:00:00+00:00,31111-NEUTRAL CONTROL,FILL_LEVEL_CONTROL_REPLAY,1538.55,0.15000000000000002,0.15000000000000002,230.78250000000003,0.46156500000000006,61.0,-1.0440999999999918,0.0,0,0.0,0.0,0.2631578947368421,0.0017683626048644915,0.0014038562458127337,0.4379740259740248,0.0,3238.0000166666664
2026-06-06T00:02:59.999000+00:00,14.0,D2-cb237b14dd2e1af4,SNDKUSDT,US_STOCK:2026-06-05T20:00:00+00:00:2026-06-08T08:00:00+00:00,31111-NEUTRAL CONTROL,FILL_LEVEL_CONTROL_REPLAY,1543.63,0.15000000000000002,0.15000000000000002,231.54450000000006,0.46308900000000014,62.0,-0.2820999999999686,0.0,0,0.0,0.0,0.2631578947368421,0.0019388435977903491,0.0015212923855902679,0.6322987012987006,1.6231442759223977,3237.0000166666664
